order_id,customer_id,restaurant_id,order_date,total_amount,status,delivery_time
1001,204,140,2024-06-20,1246.83,Delivered,69
1002,414,213,2024-01-04,443.44,Cancelled,
1003,700,174,2024-02-13,472.42,Delivered,38
1004,1290,271,2024-12-18,1154.91,Delivered,65
1005,468,136,2024-07-30,1385.23,Cancelled,
1006,1950,233,2024-07-04,1421.24,Cancelled,
1007,299,298,2024-12-21,824.29,Delivered,20
1008,693,181,2024-03-25,707.7,Delivered,63
1009,76,270,2024-03-18,1363.52,Delivered,55
1010,1461,270,2024-05-31,687.03,Pending,
1011,1790,178,2024-06-09,1372.92,Delivered,67
1012,573,236,2024-03-16,1080.41,Cancelled,
1013,1319,153,2024-11-15,1203.68,Cancelled,
1014,1429,189,2024-11-28,666.31,Delivered,34
1015,173,110,2024-07-18,1115.14,Delivered,48
1016,1108,173,2024-12-02,872.5,Pending,
1017,698,294,2024-01-12,139.05,Pending,
1018,1214,167,2024-12-19,525.52,Delivered,47
1019,227,288,2024-11-23,463.66,Pending,
1020,726,132,2024-12-11,1417.88,Cancelled,
1021,611,247,2024-08-20,574.57,Delivered,66
1022,1528,249,2024-11-17,1031.73,Delivered,37
1023,613,173,2024-10-20,1041.41,Delivered,48
1024,1511,164,2024-12-03,915.32,Delivered,44
1025,201,138,2024-07-29,214.73,Delivered,42
1026,1820,134,2024-08-16,209.3,Pending,
1027,825,251,2024-07-21,1320.82,Cancelled,
1028,1304,209,2024-12-18,1403.45,Cancelled,
1029,1499,207,2024-03-14,808.1,Cancelled,
1030,1457,218,2024-12-15,818.46,Pending,
1031,242,278,2024-11-30,145.65,Delivered,50
1032,757,131,2024-07-28,254.47,Delivered,51
1033,594,111,2024-03-01,620.05,Delivered,34
1034,603,225,2024-11-09,299.0,Delivered,18
1035,1919,179,2024-04-20,356.31,Cancelled,
1036,5,132,2024-02-04,1318.6,Delivered,45
1037,1174,180,2024-06-21,1193.89,Cancelled,
1038,1709,285,2024-03-08,1166.73,Pending,
1039,1304,218,2024-12-07,728.7,Delivered,20
1040,1639,260,2024-07-28,642.13,Delivered,36
1041,1108,112,2024-08-14,1130.28,Delivered,70
1042,340,282,2024-12-10,1214.62,Delivered,50
1043,1322,132,2024-02-13,369.4,Pending,
1044,1182,294,2024-12-06,830.46,Cancelled,
1045,1030,105,2024-12-29,844.6,Delivered,32
1046,1612,153,2024-12-15,1274.48,Cancelled,
1047,174,237,2024-07-24,924.45,Cancelled,
1048,1766,106,2024-11-11,680.91,Pending,
1049,650,198,2024-11-07,1471.7,Pending,
1050,345,174,2024-11-16,1175.63,Delivered,34
1051,1951,205,2024-01-31,960.27,Delivered,26
1052,56,283,2024-11-24,238.24,Delivered,41
1053,1829,183,2024-12-30,1258.84,Delivered,18
1054,415,162,2024-10-27,431.09,Pending,
1055,1541,230,2024-02-28,477.0,Delivered,44
1056,1133,205,2024-11-01,670.49,Delivered,16
1057,552,242,2024-12-11,242.11,Pending,
1058,1335,133,2024-11-26,724.38,Pending,
1059,417,137,2024-03-27,1194.83,Pending,
1060,1951,209,2024-10-11,732.44,Delivered,67
1061,952,259,2024-11-10,100.76,Cancelled,
1062,560,254,2024-12-13,632.21,Delivered,68
1063,1295,155,2024-09-18,493.84,Delivered,62
1064,1094,245,2024-11-05,653.43,Delivered,68
1065,287,286,2024-05-23,1329.59,Delivered,54
1066,1034,182,2024-06-24,989.24,Cancelled,
1067,560,163,2024-06-13,578.28,Cancelled,
1068,1965,254,2024-12-28,1068.58,Delivered,53
1069,976,102,2024-12-10,342.95,Pending,
1070,1834,279,2024-07-20,853.38,Delivered,49
1071,64,272,2024-03-04,594.19,Delivered,67
1072,1232,192,2024-12-22,1477.31,Delivered,44
1073,759,150,2024-04-23,1140.4,Delivered,58
1074,1888,282,2024-02-16,1242.79,Delivered,66
1075,1471,157,2024-12-01,1454.22,Delivered,32
1076,1010,281,2024-04-17,109.99,Delivered,22
1077,1782,172,2024-09-09,338.67,Delivered,57
1078,1514,245,2024-11-04,891.2,Delivered,52
1079,263,291,2024-11-16,1406.99,Delivered,48
1080,1493,171,2024-12-13,132.36,Pending,
1081,1259,165,2024-08-20,102.74,Delivered,56
1082,1379,267,2024-12-30,552.2,Delivered,32
1083,250,275,2024-09-10,606.06,Delivered,61
1084,460,113,2024-11-26,845.37,Delivered,15
1085,803,150,2024-12-26,900.55,Delivered,62
1086,463,277,2024-02-08,1383.79,Delivered,25
1087,675,180,2024-12-10,235.42,Cancelled,
1088,885,107,2024-11-16,1409.09,Delivered,30
1089,221,222,2024-11-21,1265.52,Delivered,48
1090,1627,161,2024-11-03,967.39,Delivered,55
1091,915,249,2024-11-03,1383.4,Delivered,35
1092,1823,278,2024-11-08,186.8,Cancelled,
1093,113,178,2024-08-09,192.11,Delivered,50
1094,107,176,2024-07-24,234.16,Delivered,29
1095,1771,254,2024-11-15,114.85,Delivered,44
1096,1629,210,2024-11-13,241.79,Delivered,44
1097,1060,185,2024-02-25,243.77,Delivered,52
1098,1617,150,2024-03-05,992.31,Delivered,37
1099,863,224,2024-08-15,360.29,Delivered,66
1100,91,116,2024-12-07,710.19,Delivered,34
1101,1196,239,2024-03-16,757.33,Delivered,33
1102,756,103,2024-12-02,1049.62,Delivered,30
1103,1039,244,2024-08-04,581.34,Delivered,55
1104,1861,152,2024-06-23,365.1,Cancelled,
1105,1423,278,2024-11-03,1069.38,Delivered,54
1106,614,208,2024-11-06,736.02,Delivered,46
1107,450,101,2024-12-20,422.38,Delivered,30
1108,985,289,2024-06-18,1230.18,Delivered,28
1109,820,148,2024-01-04,607.94,Delivered,37
1110,62,243,2024-11-18,716.57,Delivered,17
1111,1998,108,2024-11-18,343.81,Delivered,61
1112,357,187,2024-05-05,349.96,Delivered,26
1113,1727,168,2024-01-11,1264.02,Delivered,39
1114,1342,129,2024-11-13,527.1,Delivered,38
1115,1658,196,2024-09-26,1467.94,Delivered,60
1116,134,131,2024-12-29,283.11,Delivered,27
1117,1091,197,2024-06-11,939.37,Delivered,17
1118,1563,258,2024-10-01,511.86,Delivered,35
1119,507,114,2024-05-23,1321.99,Pending,
1120,1984,250,2024-04-17,1118.22,Cancelled,
1121,1620,270,2024-03-26,812.06,Pending,
1122,767,228,2024-04-01,550.55,Delivered,48
1123,1423,224,2024-09-10,763.26,Delivered,55
1124,1887,250,2024-04-16,407.34,Delivered,43
1125,1768,161,2024-06-05,695.03,Delivered,51
1126,322,196,2024-11-05,288.06,Delivered,33
1127,911,233,2024-10-25,157.6,Pending,
1128,1273,187,2024-08-27,705.51,Delivered,66
1129,1019,182,2024-11-01,351.39,Delivered,31
1130,1322,120,2024-02-12,512.32,Pending,
1131,1051,240,2024-05-21,1397.25,Delivered,22
1132,147,193,2024-11-12,567.26,Delivered,31
1133,620,291,2024-12-15,1283.63,Delivered,60
1134,1238,136,2024-10-05,1377.34,Delivered,64
1135,614,173,2024-07-25,1424.14,Delivered,45
1136,1340,232,2025-06-15,1311.65,Delivered,29
1137,1482,292,2024-11-14,822.16,Pending,
1138,1552,220,2024-08-24,576.92,Delivered,35
1139,1733,149,2024-12-23,684.76,Cancelled,
1140,922,243,2024-11-08,908.51,Delivered,34
1141,1932,289,2024-12-21,1022.39,Delivered,36
1142,462,208,2024-07-25,1167.98,Pending,
1143,614,184,2024-10-17,1199.5,Delivered,24
1144,1952,185,2024-11-04,1379.25,Delivered,39
1145,419,201,2024-11-24,363.67,Delivered,36
1146,1167,216,2024-06-04,230.54,Delivered,58
1147,1133,146,2024-12-14,944.71,Delivered,26
1148,408,118,2024-07-16,497.34,Delivered,33
1149,1351,235,2024-11-03,616.11,Delivered,25
1150,670,206,2024-02-26,280.79,Delivered,45
1151,1522,118,2024-04-15,281.91,Delivered,34
1152,886,282,2024-03-22,945.19,Delivered,52
1153,416,229,2024-08-22,485.62,Delivered,24
1154,913,117,2024-11-05,1230.59,Pending,
1155,674,246,2024-08-23,747.77,Delivered,62
1156,187,174,2024-08-21,585.49,Delivered,40
1157,1256,145,2024-04-01,1359.95,Delivered,44
1158,788,269,2024-12-06,233.75,Delivered,30
1159,1814,141,2024-12-10,-852.83,Delivered,59
1160,1488,285,2024-09-09,675.79,Pending,
1161,249,195,2024-11-06,806.15,Delivered,41
1162,924,143,2024-12-02,162.49,Delivered,19
1163,1309,278,2024-08-24,633.62,Delivered,69
1164,399,202,2024-11-16,260.56,Delivered,35
1165,1373,292,2024-08-24,195.53,Pending,
1166,1346,163,2024-08-12,296.36,Delivered,68
1167,331,144,2024-11-06,240.72,Delivered,22
1168,1095,290,2024-02-09,1039.95,Delivered,58
1169,560,140,2024-04-01,403.34,Delivered,58
1170,1091,156,2024-01-25,1271.1,Pending,
1171,1313,270,2024-02-22,646.87,Delivered,43
1172,108,254,2024-12-19,628.35,Delivered,30
1173,768,162,2024-11-01,690.36,Delivered,36
1174,1681,150,2024-02-02,408.79,Delivered,66
1175,1711,271,2024-11-10,161.62,Pending,
1176,221,184,2024-12-10,365.37,Delivered,49
1177,810,210,2024-11-13,248.24,Delivered,26
1178,31,203,2024-01-07,644.86,Cancelled,
1179,451,117,2024-05-22,1009.92,Delivered,17
1180,138,156,2024-11-02,799.41,Delivered,60
1181,1099,246,2024-12-31,232.64,Delivered,55
1182,1427,200,2024-12-21,286.1,Delivered,55
1183,1560,277,2024-12-24,1032.92,Delivered,36
1184,37,256,2024-08-17,635.32,Delivered,47
1185,1204,281,2024-04-29,129.7,Delivered,34
1186,485,289,2024-05-04,967.67,Delivered,23
1187,768,228,2024-11-09,626.05,Delivered,30
1188,1892,286,2024-08-15,-1134.96,Delivered,23
1189,570,182,2024-01-21,829.22,Delivered,56
1190,1665,174,2024-04-27,1285.71,Delivered,36
1191,497,153,2024-12-06,1483.73,Delivered,53
1192,1788,198,2024-04-03,719.31,Delivered,19
1193,1782,226,2024-11-12,172.95,Delivered,28
1194,258,124,2024-12-05,1263.71,Delivered,30
1195,1040,121,2024-08-27,536.05,Delivered,30
1196,869,146,2024-06-04,499.49,Cancelled,
1197,1982,263,2024-12-25,1193.8,Delivered,38
1198,816,197,2024-11-28,691.78,Delivered,63
1199,320,224,2024-11-24,698.36,Delivered,63
1200,1857,177,2024-03-19,873.99,Delivered,31
1201,780,219,2024-11-18,625.21,Cancelled,
1202,148,186,2024-11-30,374.0,Delivered,15
1203,27,229,2024-07-10,788.04,Delivered,40
1204,1988,291,2024-09-07,530.94,Delivered,41
1205,1813,110,2024-03-04,638.76,Delivered,27
1206,1563,212,2024-06-27,813.45,Cancelled,
1207,1301,277,2024-01-30,1011.27,Delivered,62
1208,506,163,2024-07-04,983.33,Delivered,59
1209,1364,266,2024-12-08,737.66,Delivered,31
1210,507,255,2024-12-05,1278.12,Delivered,22
1211,1579,124,2024-07-15,656.73,Delivered,48
1212,1864,149,2024-03-25,1261.65,Delivered,59
1213,619,229,2024-12-03,1341.31,Delivered,61
1214,843,293,2024-02-15,252.98,Delivered,67
1215,293,169,2024-07-22,1078.61,Delivered,25
1216,1672,226,2024-11-04,1183.24,Delivered,48
1217,854,268,2024-11-27,338.89,Delivered,26
1218,1442,135,2024-11-11,803.66,Delivered,43
1219,1162,155,2024-11-03,1149.88,Delivered,31
1220,1848,205,2024-11-15,252.87,Delivered,20
1221,601,122,2024-05-21,189.97,Delivered,52
1222,481,223,2024-02-21,113.31,Delivered,63
1223,1957,102,2024-01-22,235.58,Pending,
1224,1622,102,2024-09-23,1481.66,Delivered,46
1225,970,294,2024-11-27,571.17,Delivered,35
1226,1673,162,2024-12-06,657.86,Delivered,37
1227,1789,185,2024-01-02,739.69,Delivered,61
1228,1711,136,2024-11-07,1316.61,Delivered,59
1229,1539,164,2024-11-12,1060.66,Cancelled,
1230,1055,206,2024-01-02,1480.65,Delivered,16
1231,1298,193,2024-06-15,1049.1,Delivered,53
1232,993,203,2024-02-11,587.67,Cancelled,
1233,1349,280,2024-07-16,511.41,Delivered,60
1234,294,234,2024-09-15,144.44,Cancelled,
1235,1632,123,2024-12-13,1494.83,Cancelled,
1236,345,215,2024-09-03,1027.7,Delivered,30
1237,434,144,2024-12-03,1079.87,Delivered,42
1238,1466,108,2024-12-29,557.1,Delivered,64
1239,575,157,2024-12-06,766.82,Delivered,57
1240,279,237,2024-09-08,226.62,Delivered,70
1241,459,248,2024-11-03,190.53,Delivered,39
1242,1865,284,2024-07-14,1015.49,Pending,
1243,1979,212,2024-04-24,462.73,Delivered,20
1244,229,123,2024-12-07,1412.09,Delivered,51
1245,754,133,2024-07-13,907.68,Delivered,34
1246,127,252,2024-07-17,1471.79,Delivered,64
1247,748,274,2024-03-05,827.65,Delivered,21
1248,810,103,2024-08-23,542.3,Delivered,68
1249,449,228,2024-03-16,942.05,Delivered,62
1250,1363,280,2024-11-20,532.45,Delivered,32
1251,1737,281,2024-11-19,1260.16,Cancelled,
1252,597,281,2024-01-31,1473.6,Delivered,24
1253,1696,284,2024-12-16,1408.21,Delivered,59
1254,1507,114,2024-04-01,1299.49,Delivered,34
1255,1670,269,2024-03-22,1487.49,Pending,
1256,804,187,2024-08-30,1486.44,Delivered,40
1257,148,236,2024-05-24,1074.93,Delivered,59
1258,1754,241,2024-03-08,552.79,Delivered,69
1259,1915,282,2024-12-11,329.17,Delivered,43
1260,1426,224,2024-11-09,393.67,Delivered,62
1261,1334,103,2024-10-21,242.73,Delivered,39
1262,1947,210,2024-03-27,1396.38,Delivered,37
1263,1996,222,2024-11-03,264.29,Pending,
1264,1332,187,2024-03-17,977.76,Delivered,30
1265,70,131,2024-12-01,523.77,Delivered,56
1266,1527,197,2024-12-09,1021.93,Cancelled,
1267,1772,267,2024-11-19,1014.47,Delivered,15
1268,246,130,2024-12-01,997.97,Pending,
1269,,106,2024-10-20,771.3,Delivered,65
1270,1215,147,2024-11-26,1083.83,Delivered,51
1271,257,126,2024-12-15,1372.43,Pending,
1272,379,204,2024-01-11,651.32,Pending,
1273,1605,236,2024-09-22,1272.0,Pending,
1274,1462,267,2024-12-18,390.45,Delivered,26
1275,1766,254,2024-01-03,876.61,Delivered,22
1276,81,133,2024-11-30,325.69,Pending,
1277,526,293,2024-11-07,808.61,Delivered,49
1278,352,209,2024-12-02,100.12,Delivered,17
1279,1938,233,2024-05-30,1022.82,Cancelled,
1280,287,248,2024-06-09,831.73,Delivered,53
1281,1103,231,2024-11-06,1027.66,Delivered,30
1282,76,149,2024-12-24,1265.68,Delivered,53
1283,1131,156,2024-05-22,279.89,Delivered,19
1284,1127,166,2025-06-15,1365.12,Delivered,44
1285,171,166,2024-12-21,300.54,Delivered,19
1286,1290,288,2024-12-10,1075.52,Delivered,60
1287,763,245,2024-09-18,946.92,Delivered,67
1288,315,181,2024-08-10,630.52,Delivered,19
1289,554,132,2024-12-16,867.72,Delivered,36
1290,1312,123,2024-06-19,1189.3,Delivered,70
1291,1635,158,2024-11-06,628.02,Delivered,39
1292,1950,127,2024-03-04,346.02,Delivered,52
1293,1683,226,2024-11-22,1080.64,Delivered,50
1294,556,256,2024-11-03,339.05,Delivered,26
1295,707,290,2024-09-29,872.34,Delivered,45
1296,1214,133,2024-12-13,818.99,Delivered,57
1297,259,137,2024-05-16,174.01,Delivered,60
1298,1593,164,2024-08-02,1089.5,Delivered,43
1299,725,220,2024-05-21,1433.66,Pending,
1300,1929,284,2024-04-27,527.26,Delivered,34
1301,833,298,2024-11-05,988.55,Delivered,61
1302,492,124,2024-11-03,218.42,Delivered,50
1303,1904,227,2024-01-06,1447.03,Delivered,58
1304,1042,288,2024-12-01,821.02,Pending,
1305,1430,132,2024-11-11,366.26,Delivered,60
1306,871,280,2024-06-25,441.92,Pending,
1307,1401,256,2024-11-28,1450.51,Pending,
1308,1851,158,2024-11-23,1275.17,Pending,
1309,724,114,2024-07-13,338.68,Delivered,36
1310,1872,274,2024-12-04,1291.09,Delivered,33
1311,613,224,2024-11-13,103.13,Delivered,28
1312,1891,179,2024-11-25,821.74,Delivered,44
1313,1828,259,2024-01-30,598.04,Cancelled,
1314,673,177,2024-01-03,589.61,Delivered,40
1315,727,103,2024-12-01,376.56,Pending,
1316,1054,140,2024-09-06,109.67,Delivered,29
1317,964,202,2024-07-05,699.68,Delivered,49
1318,1663,169,2024-11-28,1018.79,Cancelled,
1319,332,136,2024-08-10,108.13,Delivered,22
1320,389,173,2024-11-25,689.48,Delivered,17
1321,329,271,2024-11-30,1443.58,Delivered,22
1322,863,226,2024-12-15,1100.05,Delivered,63
1323,1566,300,2024-09-13,1116.39,Delivered,23
1324,225,128,2024-03-05,317.76,Pending,
1325,28,297,2024-01-27,1049.63,Delivered,42
1326,2000,253,2024-08-10,772.27,Delivered,46
1327,170,295,2024-11-12,313.49,Pending,
1328,383,164,2024-11-07,1309.83,Delivered,57
1329,1681,210,2024-12-15,1195.8,Delivered,59
1330,1496,229,2024-04-06,1489.57,Delivered,29
1331,247,134,2024-05-20,1486.56,Delivered,42
1332,37,258,2024-12-25,171.34,Delivered,48
1333,628,280,2024-04-28,410.49,Delivered,45
1334,126,231,2024-01-27,526.01,Delivered,38
1335,575,190,2024-05-06,547.78,Delivered,26
1336,84,101,2024-12-17,550.3,Delivered,45
1337,574,256,2024-11-11,453.17,Cancelled,
1338,745,186,2024-11-06,1036.53,Pending,
1339,1578,134,2024-12-17,1234.05,Pending,
1340,1239,196,2024-11-17,394.05,Delivered,20
1341,1817,128,2024-12-17,942.57,Delivered,52
1342,1984,268,2024-04-08,1086.52,Delivered,19
1343,1929,240,2024-06-03,1115.49,Delivered,49
1344,1477,140,2024-11-12,685.5,Delivered,63
1345,1748,244,2024-07-06,727.88,Delivered,42
1346,139,224,2024-09-14,1207.24,Delivered,53
1347,562,279,2024-05-28,163.62,Delivered,65
1348,1992,278,2024-12-22,656.49,Pending,
1349,1783,232,2024-03-25,712.84,Pending,
1350,787,244,2024-07-24,950.11,Delivered,26
1351,8,141,2024-10-30,1075.41,Pending,
1352,933,229,2024-09-25,462.37,Delivered,33
1353,1451,169,2024-03-28,413.5,Pending,
1354,488,175,2024-11-09,1418.86,Delivered,23
1355,554,114,2024-05-07,1485.35,Delivered,49
1356,238,101,2024-11-19,947.22,Delivered,35
1357,171,281,2024-05-15,1110.91,Delivered,54
1358,604,184,2024-11-16,1242.29,Delivered,29
1359,1497,172,2024-11-01,852.34,Delivered,61
1360,1528,277,2024-11-30,460.28,Pending,
1361,423,214,2024-11-17,385.49,Delivered,24
1362,914,160,2024-08-10,616.1,Cancelled,
1363,192,227,2024-11-11,1241.84,Delivered,27
1364,1167,226,2024-04-02,1006.59,Delivered,34
1365,334,146,2024-12-17,950.95,Delivered,24
1366,148,210,2024-12-28,1003.17,Delivered,21
1367,1484,235,2024-12-18,1231.19,Delivered,39
1368,787,106,2024-10-31,1168.82,Delivered,23
1369,509,298,2024-11-09,1414.04,Delivered,65
1370,1980,103,2024-02-24,859.32,Delivered,69
1371,1449,122,2024-11-30,1163.54,Cancelled,
1372,1671,142,2024-11-30,316.32,Delivered,49
1373,1418,169,2024-03-04,129.69,Delivered,21
1374,1116,176,2024-12-26,1271.08,Delivered,15
1375,1869,158,2024-11-27,639.54,Delivered,56
1376,588,158,2024-12-16,638.64,Delivered,46
1377,348,129,2024-12-31,1438.19,Delivered,19
1378,1261,186,2024-12-29,1394.58,Delivered,17
1379,1239,139,2024-12-03,568.78,Delivered,58
1380,871,139,2024-12-17,522.19,Delivered,37
1381,1793,127,2024-12-01,1026.42,Delivered,66
1382,1858,283,2024-01-02,1306.4,Delivered,64
1383,1344,138,2024-11-24,725.37,Cancelled,
1384,1669,118,2024-11-27,1443.42,Delivered,24
1385,186,183,2024-04-03,1174.55,Delivered,35
1386,1013,209,2024-07-30,942.44,Delivered,23
1387,1643,268,2024-07-15,686.12,Cancelled,
1388,1104,237,2024-10-01,1249.97,Delivered,20
1389,1190,284,2024-10-22,1187.23,Delivered,59
1390,179,161,2024-04-14,1491.47,Delivered,38
1391,1144,222,2024-02-26,183.41,Delivered,38
1392,1739,300,2024-05-30,744.54,Pending,
1393,1991,208,2024-12-22,414.42,Delivered,22
1394,1971,279,2024-07-12,1126.31,Delivered,38
1395,111,280,2024-12-07,203.28,Delivered,16
1396,301,194,2024-11-15,207.89,Delivered,24
1397,1568,147,2024-03-12,1147.35,Delivered,45
1398,843,285,2024-12-20,1002.79,Delivered,33
1399,228,140,2024-12-11,144.97,Delivered,47
1400,329,103,2024-08-04,1051.86,Cancelled,
1401,1135,283,2024-10-19,802.62,Delivered,42
1402,1908,141,2024-11-05,830.1,Delivered,62
1403,434,203,2024-04-22,649.21,Pending,
1404,1240,120,2024-08-27,768.38,Delivered,67
1405,780,143,2024-11-23,1005.31,Delivered,32
1406,223,127,2024-12-08,1190.32,Delivered,16
1407,491,173,2024-11-06,191.45,Delivered,63
1408,1864,180,2024-11-12,993.74,Delivered,30
1409,552,122,2024-10-16,162.82,Cancelled,
1410,94,113,2024-12-30,532.05,Delivered,63
1411,579,202,2024-06-10,1152.58,Delivered,23
1412,1440,273,2024-11-26,1355.12,Pending,
1413,207,229,2024-03-17,133.16,Delivered,45
1414,1201,110,2024-11-09,1055.32,Delivered,55
1415,192,284,2024-11-13,1230.47,Delivered,64
1416,1472,142,2024-09-13,822.82,Pending,
1417,1906,297,2024-12-20,283.68,Delivered,38
1418,1277,211,2024-12-15,1183.85,Delivered,30
1419,428,257,2024-03-19,893.66,Cancelled,
1420,200,104,2024-12-25,533.36,Delivered,46
1421,193,217,2024-12-29,513.85,Delivered,32
1422,1181,194,2024-02-06,350.86,Cancelled,
1423,529,222,2024-08-14,1010.41,Delivered,22
1424,1991,246,2024-07-05,1302.6,Delivered,41
1425,1756,259,2024-03-07,717.16,Pending,
1426,1731,260,2024-07-10,216.89,Delivered,47
1427,922,168,2024-12-15,159.75,Delivered,62
1428,1620,163,2024-10-14,111.12,Delivered,33
1429,770,141,2024-02-07,412.27,Cancelled,
1430,1371,124,2024-11-29,999.48,Cancelled,
1431,224,122,2024-11-06,1384.44,Delivered,64
1432,888,152,2024-02-03,544.2,Cancelled,
1433,436,280,2024-02-28,489.73,Delivered,49
1434,319,221,2024-11-13,548.26,Delivered,53
1435,1586,198,2024-12-21,606.09,Delivered,45
1436,438,114,2024-11-01,1433.7,Delivered,32
1437,517,263,2024-11-09,196.96,Delivered,20
1438,611,283,2024-08-02,834.69,Delivered,26
1439,1701,114,2024-12-27,699.95,Delivered,25
1440,407,190,2024-09-03,765.7,Delivered,59
1441,895,191,2024-10-19,644.79,Delivered,50
1442,1604,253,2024-12-16,1035.15,Delivered,35
1443,1361,288,2024-06-11,119.86,Cancelled,
1444,1913,138,2024-06-11,259.05,Delivered,31
1445,1067,285,2024-11-28,1420.65,Delivered,55
1446,921,264,2024-02-19,151.08,Delivered,41
1447,1427,240,2024-11-03,628.58,Delivered,28
1448,1951,149,2024-10-22,1437.15,Delivered,67
1449,746,105,2024-11-19,802.92,Delivered,59
1450,1023,267,2024-07-30,674.54,Delivered,68
1451,1111,210,2024-06-20,258.73,Delivered,44
1452,878,196,2024-12-08,327.72,Delivered,39
1453,584,269,2024-08-11,987.75,Delivered,20
1454,1651,127,2024-11-01,962.76,Delivered,21
1455,1017,292,2024-10-05,239.58,Cancelled,
1456,1031,249,2024-12-07,505.87,Delivered,28
1457,457,299,2024-07-14,260.3,Cancelled,
1458,1947,132,2024-08-25,678.11,Delivered,15
1459,1925,196,2024-09-16,497.05,Delivered,34
1460,1718,207,2024-01-03,1360.26,Delivered,17
1461,32,107,2024-11-23,1277.08,Pending,
1462,1680,290,2024-06-20,338.58,Delivered,30
1463,1139,201,2024-12-11,650.64,Delivered,66
1464,1909,248,2024-11-21,646.58,Delivered,40
1465,1852,182,2024-08-11,423.36,Delivered,47
1466,243,262,2024-07-19,1280.24,Delivered,68
1467,1133,141,2024-04-14,230.56,Delivered,42
1468,24,261,2024-03-19,138.95,Pending,
1469,1886,121,2024-01-13,1139.28,Delivered,44
1470,1300,262,2024-04-05,435.61,Delivered,34
1471,397,238,2024-07-12,1178.55,Delivered,32
1472,170,137,2024-11-22,1478.72,Delivered,22
1473,941,253,2024-11-09,495.45,Delivered,20
1474,159,227,2024-04-16,647.12,Cancelled,
1475,1630,106,2024-09-06,1442.9,Delivered,28
1476,1408,208,2024-06-09,986.97,Cancelled,
1477,1656,142,2024-10-31,1365.09,Delivered,22
1478,1999,188,2024-09-04,1492.88,Pending,
1479,11,141,2024-05-10,1397.22,Delivered,53
1480,61,238,2024-12-02,1165.35,Delivered,70
1481,748,130,2024-01-16,558.56,Delivered,20
1482,1491,278,2024-05-17,483.13,Delivered,20
1483,714,282,2024-05-30,753.86,Cancelled,
1484,894,232,2024-04-08,450.13,Delivered,58
1485,1733,284,2024-11-25,244.05,Delivered,25
1486,1627,153,2024-09-06,706.86,Cancelled,
1487,868,253,2024-06-12,972.08,Delivered,42
1488,410,246,2024-11-19,1247.08,Cancelled,
1489,343,109,2024-05-09,921.62,Delivered,53
1490,1694,266,2024-09-28,593.15,Delivered,22
1491,369,183,2024-04-05,600.84,Delivered,28
1492,1346,196,2024-06-09,271.23,Delivered,59
1493,23,284,2024-11-29,894.46,Delivered,29
1494,1151,117,2024-11-04,397.05,Delivered,21
1495,1149,172,2024-12-09,204.75,Delivered,58
1496,1549,212,2024-11-20,377.41,Delivered,66
1497,1012,228,2024-11-17,689.73,Delivered,43
1498,351,254,2024-11-24,430.99,Delivered,33
1499,37,265,2024-10-21,1483.14,Cancelled,
1500,583,134,2024-07-25,151.81,Pending,
1501,1881,236,2024-12-11,122.78,Cancelled,
1502,195,207,2024-05-20,544.07,Delivered,40
1503,164,243,2024-09-09,957.25,Delivered,34
1504,1427,217,2024-11-24,1454.01,Delivered,68
1505,766,259,2024-11-14,166.97,Delivered,23
1506,216,183,2024-08-11,416.88,Delivered,27
1507,1483,195,2024-10-02,1485.39,Delivered,31
1508,1810,112,2024-12-30,526.01,Delivered,36
1509,1409,257,2024-07-13,477.88,Delivered,23
1510,1195,218,2024-11-20,1306.65,Delivered,55
1511,916,272,2024-12-03,436.73,Cancelled,
1512,1355,226,2024-06-13,1181.7,Cancelled,
1513,463,124,2024-11-18,1095.93,Delivered,50
1514,1712,163,2024-04-15,1072.95,Delivered,46
1515,124,155,2024-11-13,755.41,Delivered,27
1516,999,127,2024-12-22,926.73,Pending,
1517,1053,181,2024-06-08,1091.92,Delivered,69
1518,1034,128,2024-04-22,1383.38,Delivered,43
1519,1778,259,2024-07-23,363.13,Delivered,42
1520,337,276,2024-12-25,908.14,Delivered,24
1521,945,128,2024-05-03,123.22,Cancelled,
1522,384,169,2024-12-12,843.24,Delivered,31
1523,243,241,2024-11-27,396.89,Delivered,47
1524,883,231,2024-11-28,481.62,Delivered,18
1525,1329,198,2024-08-04,371.5,Delivered,40
1526,362,253,2024-12-08,791.06,Delivered,21
1527,1396,113,2024-02-26,407.41,Delivered,17
1528,1179,169,2024-12-04,241.44,Delivered,54
1529,1433,284,2024-07-20,241.83,Delivered,46
1530,422,144,2024-06-26,991.66,Delivered,61
1531,7,125,2024-12-28,1080.66,Cancelled,
1532,1514,179,2024-12-18,434.07,Delivered,58
1533,143,143,2024-12-27,737.3,Delivered,57
1534,972,210,2024-11-11,1464.12,Delivered,25
1535,1392,295,2024-10-31,593.0,Cancelled,
1536,1195,101,2024-05-06,761.6,Delivered,67
1537,36,246,2024-05-28,1269.5,Pending,
1538,1031,143,2024-02-18,239.99,Delivered,43
1539,1005,289,2024-10-06,460.28,Cancelled,
1540,520,194,2024-06-29,521.59,Delivered,48
1541,1587,270,2024-11-01,778.1,Delivered,58
1542,1064,287,2024-03-16,1470.09,Delivered,57
1543,291,192,2024-05-05,908.62,Delivered,38
1544,423,291,2024-12-28,1436.74,Delivered,32
1545,1797,261,2024-08-18,1482.26,Pending,
1546,359,168,2024-06-27,1343.19,Delivered,52
1547,855,171,2024-11-02,911.32,Delivered,68
1548,1255,132,2024-08-20,893.33,Delivered,33
1549,226,103,2024-12-16,305.98,Delivered,48
1550,1980,175,2024-12-06,327.65,Cancelled,
1551,591,117,2024-01-08,735.4,Delivered,33
1552,1691,252,2024-12-01,528.15,Delivered,37
1553,1353,101,2024-11-08,590.31,Delivered,65
1554,1760,229,2024-10-14,317.05,Delivered,60
1555,555,137,2024-04-10,704.87,Delivered,33
1556,449,109,2024-06-30,448.22,Delivered,42
1557,818,126,2024-06-03,935.85,Delivered,51
1558,893,274,2024-10-23,294.85,Delivered,31
1559,278,207,2024-06-03,526.99,Delivered,51
1560,1899,261,2024-04-03,626.35,Delivered,21
1561,284,235,2024-06-09,805.34,Delivered,44
1562,726,210,2024-07-29,745.8,Pending,
1563,55,297,2024-03-12,961.29,Delivered,65
1564,497,249,2024-03-06,969.25,Delivered,18
1565,1547,201,2024-12-12,108.33,Pending,
1566,943,114,2024-11-17,1261.85,Delivered,36
1567,1218,125,2024-10-16,774.06,Delivered,70
1568,125,132,2024-12-11,815.15,Delivered,59
1569,420,233,2024-12-17,1454.19,Delivered,29
1570,1834,273,2024-03-20,521.25,Delivered,61
1571,1919,102,2024-11-15,1062.88,Delivered,19
1572,1,140,2024-03-02,827.75,Delivered,28
1573,213,222,2024-12-02,721.34,Delivered,22
1574,615,204,2024-04-04,1248.38,Pending,
1575,534,257,2024-12-02,964.02,Delivered,24
1576,1303,106,2024-12-22,1142.44,Delivered,25
1577,1048,290,2024-04-12,766.62,Delivered,33
1578,1368,126,2024-09-09,614.28,Delivered,40
1579,791,279,2024-08-25,683.66,Delivered,24
1580,58,173,2024-10-15,645.2,Delivered,17
1581,1322,267,2024-11-13,722.27,Delivered,23
1582,959,286,2024-01-05,1474.46,Delivered,47
1583,1753,229,2024-12-27,1088.71,Delivered,47
1584,129,145,2024-06-29,1018.31,Delivered,44
1585,1465,136,2024-12-18,1021.82,Delivered,19
1586,1877,266,2024-08-29,948.18,Delivered,51
1587,1452,230,2024-09-26,462.92,Delivered,52
1588,1957,249,2024-12-09,1261.84,Delivered,17
1589,61,288,2024-11-06,1031.37,Cancelled,
1590,1914,274,2024-04-28,1473.86,Delivered,21
1591,1843,145,2024-07-15,1158.14,Delivered,19
1592,127,257,2024-11-02,1285.52,Delivered,43
1593,1564,196,2024-01-16,1392.97,Delivered,21
1594,1431,216,2024-11-22,903.29,Delivered,27
1595,518,226,2024-05-26,415.7,Delivered,42
1596,1667,236,2024-04-08,220.43,Delivered,55
1597,1966,272,2024-11-02,1234.01,Delivered,38
1598,1586,205,2024-02-06,577.0,Pending,
1599,1017,149,2024-10-19,1258.61,Pending,
1600,722,192,2024-10-13,1294.79,Delivered,43
1601,876,261,2024-02-06,896.81,Delivered,65
1602,1060,177,2024-12-01,422.8,Pending,
1603,678,106,2024-12-30,505.86,Delivered,39
1604,1441,192,2024-12-25,321.01,Delivered,19
1605,1095,248,2024-12-03,1404.53,Pending,
1606,640,203,2024-10-06,1076.53,Delivered,52
1607,965,168,2024-01-17,573.26,Delivered,27
1608,686,296,2024-11-13,865.92,Delivered,63
1609,1359,116,2024-11-04,1227.93,Delivered,37
1610,145,207,2024-11-09,1401.11,Pending,
1611,981,134,2024-11-02,245.69,Cancelled,
1612,1040,158,2024-08-08,768.63,Delivered,16
1613,1908,115,2024-12-20,1235.91,Pending,
1614,1246,198,2024-01-10,873.49,Delivered,39
1615,1569,197,2024-08-08,1081.87,Pending,
1616,283,130,2024-11-11,1475.55,Delivered,0
1617,397,188,2024-01-30,433.44,Delivered,52
1618,21,159,2024-10-01,895.27,Delivered,70
1619,1475,164,2024-02-09,179.32,Cancelled,
1620,370,173,2024-11-22,943.38,Delivered,33
1621,266,256,2024-12-02,271.33,Delivered,19
1622,513,240,2024-12-15,1129.31,Delivered,69
1623,452,214,2024-07-06,1192.29,Delivered,70
1624,1339,163,2024-05-16,546.4,Pending,
1625,1032,127,2024-12-27,675.17,Cancelled,
1626,573,121,2024-11-08,1278.0,Pending,
1627,473,179,2024-04-17,271.85,Delivered,17
1628,482,279,2024-08-20,1434.26,Delivered,46
1629,1713,109,2024-12-07,637.85,Delivered,18
1630,572,257,2024-01-10,1307.88,Delivered,43
1631,91,158,2024-11-11,1023.9,Pending,
1632,108,270,2024-12-04,1168.19,Delivered,53
1633,1546,187,2024-05-14,1234.34,Delivered,63
1634,57,188,2024-11-14,707.71,Delivered,65
1635,1494,289,2024-02-25,874.61,Delivered,69
1636,1921,237,2024-10-20,1106.91,Pending,
1637,533,142,2024-08-27,1143.89,Delivered,23
1638,1859,104,2024-12-13,1431.35,Delivered,30
1639,1580,239,2024-12-06,652.44,Delivered,38
1640,551,269,2024-12-11,1234.36,Delivered,22
1641,629,246,2024-05-15,1286.63,Cancelled,
1642,948,105,2024-08-26,151.81,Delivered,45
1643,1307,243,2024-11-03,911.4,Delivered,32
1644,1838,257,2024-02-02,716.62,Delivered,64
1645,1612,171,2024-12-01,278.11,Delivered,24
1646,1785,259,2024-04-29,260.23,Delivered,26
1647,1402,230,2024-10-23,544.27,Pending,
1648,1470,159,2024-12-15,1488.76,Delivered,16
1649,1390,191,2024-01-23,940.81,Delivered,21
1650,159,230,2024-09-18,208.43,Delivered,35
1651,1169,196,2024-12-14,682.36,Delivered,33
1652,294,107,2024-12-20,604.4,Delivered,56
1653,768,221,2024-05-30,970.68,Delivered,38
1654,92,175,2024-10-29,135.75,Delivered,66
1655,642,231,2024-09-17,1196.85,Delivered,28
1656,776,250,2024-12-16,310.1,Delivered,19
1657,1964,158,2024-10-21,982.45,Delivered,49
1658,1502,132,2024-09-27,1217.49,Cancelled,
1659,1351,235,2024-06-11,476.86,Delivered,30
1660,674,163,2024-07-04,423.25,Delivered,62
1661,1992,130,2024-08-15,1125.92,Delivered,38
1662,164,191,2024-02-09,1380.49,Cancelled,
1663,1240,159,2024-08-02,421.67,Delivered,49
1664,502,299,2024-12-11,918.66,Delivered,53
1665,534,174,2024-11-07,214.11,Delivered,47
1666,304,248,2024-04-11,1359.82,Cancelled,
1667,32,143,2024-11-16,1171.71,Cancelled,
1668,1522,126,2024-11-02,1267.4,Delivered,59
1669,342,119,2024-12-25,841.03,Delivered,42
1670,726,133,2024-10-12,438.01,Delivered,22
1671,690,187,2024-11-11,250.88,Delivered,19
1672,1513,191,2024-07-28,983.16,Delivered,33
1673,1552,223,2024-04-03,1113.19,Pending,
1674,172,139,2024-10-30,930.27,Cancelled,
1675,777,183,2024-09-17,1111.55,Delivered,64
1676,199,160,2024-11-21,167.6,Pending,
1677,1838,235,2024-08-06,499.36,Delivered,35
1678,1551,146,2024-01-22,1239.58,Delivered,42
1679,1064,172,2024-11-11,540.11,Delivered,33
1680,340,131,2024-12-01,714.48,Delivered,33
1681,1924,167,2024-02-24,1394.32,Delivered,24
1682,197,153,2024-09-17,1156.81,Delivered,53
1683,1849,111,2024-10-03,853.08,Delivered,15
1684,1001,107,2024-05-24,1418.53,Delivered,61
1685,912,234,2024-11-29,512.92,Delivered,60
1686,1447,131,2024-08-09,790.56,Delivered,70
1687,281,172,2024-02-29,1455.82,Delivered,62
1688,1625,157,2024-06-16,319.42,Delivered,32
1689,929,262,2024-12-10,1187.86,Delivered,17
1690,888,126,2024-09-23,544.54,Pending,
1691,1354,261,2024-12-10,978.2,Delivered,23
1692,1201,197,2024-04-22,1042.69,Delivered,45
1693,311,225,2024-09-11,495.64,Delivered,55
1694,1794,123,2024-04-19,104.48,Delivered,46
1695,1143,257,2024-11-11,154.34,Delivered,54
1696,779,262,2024-11-22,588.19,Pending,
1697,1346,147,2024-04-28,1325.05,Cancelled,
1698,1004,262,2024-07-01,860.78,Delivered,21
1699,449,129,2024-05-27,687.43,Cancelled,
1700,667,164,2024-02-29,346.67,Delivered,57
1701,233,189,2024-12-26,279.28,Cancelled,
1702,1721,226,2024-12-17,428.8,Delivered,32
1703,1040,156,2024-07-28,185.12,Delivered,31
1704,1383,182,2024-08-14,695.28,Delivered,18
1705,550,225,2024-06-22,990.77,Delivered,34
1706,917,205,2024-12-26,333.15,Delivered,64
1707,1281,129,2024-11-10,955.05,Delivered,53
1708,1106,106,2024-01-11,1223.38,Delivered,64
1709,1444,186,2024-10-10,188.85,Delivered,48
1710,432,193,2024-03-21,1273.41,Delivered,70
1711,1471,159,2024-11-10,1374.92,Delivered,41
1712,442,242,2024-01-07,150.5,Delivered,63
1713,1926,235,2024-11-25,1207.88,Delivered,25
1714,580,178,2024-12-10,1181.38,Delivered,17
1715,558,292,2024-12-20,629.0,Delivered,23
1716,1676,290,2024-02-13,207.14,Pending,
1717,1479,281,2024-07-31,128.22,Pending,
1718,1239,139,2024-12-07,1209.67,Delivered,68
1719,1241,180,2024-08-05,817.3,Delivered,34
1720,562,218,2024-11-16,1456.97,Cancelled,
1721,772,175,2024-04-23,1453.64,Pending,
1722,571,224,2024-12-14,846.49,Delivered,39
1723,36,228,2024-07-09,1167.78,Delivered,43
1724,459,248,2024-07-22,1179.69,Cancelled,
1725,758,223,2024-11-25,534.85,Delivered,66
1726,1291,122,2024-11-10,390.75,Cancelled,
1727,1216,164,2024-11-25,963.08,Cancelled,
1728,1072,286,2024-04-29,182.51,Cancelled,
1729,517,206,2024-11-21,1268.05,Delivered,35
1730,1412,245,2024-01-03,475.4,Delivered,63
1731,1152,226,2024-06-09,1443.27,Delivered,35
1732,945,282,2024-10-11,1302.11,Delivered,21
1733,872,280,2024-11-08,1159.64,Delivered,48
1734,1533,132,2024-11-28,1317.65,Delivered,17
1735,1814,209,2024-11-16,1224.42,Cancelled,
1736,287,292,2024-08-02,659.17,Delivered,22
1737,892,176,2024-12-12,479.55,Delivered,54
1738,1822,196,2024-03-25,298.12,Pending,
1739,1403,153,2024-12-31,619.75,Delivered,45
1740,948,154,2024-03-10,329.93,Cancelled,
1741,21,182,2024-03-17,758.69,Delivered,34
1742,1437,149,2024-11-06,852.82,Delivered,21
1743,126,260,2024-03-21,193.48,Pending,
1744,1810,158,2024-10-31,1399.03,Delivered,33
1745,1681,210,2024-06-05,614.18,Delivered,31
1746,1150,239,2024-04-13,208.47,Delivered,21
1747,1497,156,2024-11-16,889.12,Delivered,66
1748,1070,251,2024-07-15,562.22,Delivered,66
1749,1510,258,2024-08-30,393.03,Delivered,65
1750,475,156,2024-12-21,960.89,Delivered,25
1751,974,101,2024-12-27,1457.78,Delivered,47
1752,1654,213,2024-08-29,557.93,Pending,
1753,1557,131,2024-11-25,628.23,Delivered,60
1754,972,191,2024-12-03,543.76,Delivered,53
1755,1725,155,2024-11-20,1267.05,Delivered,68
1756,896,244,2024-12-21,1204.55,Delivered,50
1757,1843,212,2024-04-01,135.41,Delivered,69
1758,955,298,2024-08-05,399.29,Pending,
1759,1795,149,2024-04-01,1406.47,Delivered,27
1760,906,193,2024-01-03,920.66,Delivered,21
1761,1866,195,2024-09-14,1390.19,Delivered,17
1762,1326,171,2024-07-22,161.48,Delivered,32
1763,1281,115,2024-01-16,1308.46,Cancelled,
1764,1245,262,2024-03-29,762.83,Pending,
1765,1654,127,2024-11-01,958.09,Delivered,60
1766,1508,146,2024-03-08,215.95,Delivered,18
1767,909,264,2024-06-09,236.47,Pending,
1768,569,150,2024-01-09,565.73,Delivered,60
1769,347,251,2024-07-06,822.88,Delivered,41
1770,1716,271,2024-02-03,370.12,Pending,
1771,303,287,2024-11-11,720.76,Delivered,53
1772,407,277,2024-03-29,989.42,Delivered,34
1773,561,244,2024-06-23,752.75,Delivered,51
1774,1906,219,2024-12-28,226.79,Delivered,26
1775,651,252,2024-01-11,1173.41,Delivered,28
1776,1307,196,2024-05-06,530.9,Delivered,62
1777,1548,289,2024-11-03,631.03,Delivered,26
1778,572,136,2024-07-30,416.34,Delivered,32
1779,1810,152,2024-11-18,463.1,Cancelled,
1780,542,124,2024-10-23,609.06,Pending,
1781,921,262,2024-03-28,151.42,Delivered,24
1782,1102,246,2024-12-14,707.39,Delivered,28
1783,701,280,2024-10-09,1261.8,Delivered,20
1784,1052,298,2024-11-13,754.76,Delivered,22
1785,1059,269,2024-08-31,295.74,Delivered,38
1786,1155,197,2024-01-18,551.32,Delivered,55
1787,735,103,2024-11-30,568.6,Delivered,26
1788,1871,192,2024-11-29,865.49,Delivered,43
1789,1658,258,2024-10-21,1072.3,Delivered,45
1790,1709,163,2024-11-23,941.32,Cancelled,
1791,1390,203,2024-12-29,1328.41,Pending,
1792,221,208,2024-05-17,1435.57,Delivered,52
1793,59,142,2024-06-02,1341.23,Pending,
1794,407,246,2024-03-07,1028.77,Delivered,20
1795,634,297,2024-11-22,742.2,Delivered,44
1796,2,269,2024-12-26,340.9,Delivered,20
1797,379,161,2024-08-11,226.23,Delivered,24
1798,1403,243,2024-07-10,106.92,Delivered,37
1799,205,221,2024-07-20,1078.29,Cancelled,
1800,1369,197,2024-12-27,439.84,Delivered,39
1801,264,182,2024-03-09,659.84,Delivered,33
1802,1679,273,2024-08-05,935.71,Pending,
1803,147,189,2024-10-27,137.65,Delivered,64
1804,482,195,2024-09-13,1252.53,Delivered,19
1805,1323,159,2024-11-12,161.95,Delivered,42
1806,191,187,2024-04-02,696.0,Delivered,34
1807,793,273,2024-01-18,465.43,Delivered,26
1808,335,202,2024-02-24,750.89,Delivered,37
1809,1406,288,2024-12-25,666.26,Delivered,25
1810,654,133,2024-07-15,1060.82,Delivered,46
1811,1340,272,2024-01-28,524.14,Delivered,62
1812,1299,130,2024-08-18,802.89,Cancelled,
1813,1459,186,2024-07-05,256.34,Delivered,42
1814,1089,295,2024-12-11,212.01,Delivered,36
1815,1942,282,2024-04-11,820.85,Cancelled,
1816,891,113,2024-01-21,270.17,Cancelled,
1817,943,194,2024-12-08,1060.94,Delivered,42
1818,692,273,2024-12-22,132.94,Delivered,26
1819,601,192,2024-08-16,554.49,Delivered,53
1820,229,192,2024-09-29,1134.15,Delivered,26
1821,173,237,2024-12-16,302.5,Cancelled,
1822,883,171,2024-11-29,1064.59,Delivered,67
1823,1851,288,2024-10-18,741.79,Delivered,35
1824,764,110,2024-12-16,992.94,Delivered,39
1825,1050,286,2024-12-29,991.44,Delivered,42
1826,821,106,2024-12-17,459.6,Delivered,68
1827,1869,211,2024-04-08,899.25,Delivered,54
1828,1053,239,2024-05-04,1071.96,Delivered,38
1829,1175,222,2024-12-29,711.72,Delivered,32
1830,1028,272,2024-11-25,1373.64,Delivered,32
1831,11,205,2024-12-20,680.05,Delivered,32
1832,547,219,2024-11-21,545.42,Delivered,29
1833,38,282,2024-11-04,955.94,Cancelled,
1834,1205,208,2024-06-17,858.04,Cancelled,
1835,1905,243,2024-11-21,547.5,Cancelled,
1836,311,219,2024-09-12,394.89,Delivered,58
1837,799,166,2024-12-04,1293.21,Delivered,55
1838,997,244,2024-02-12,390.57,Pending,
1839,757,178,2024-11-20,732.1,Cancelled,
1840,61,140,2024-03-26,973.97,Delivered,41
1841,1567,106,2024-05-25,879.02,Cancelled,
1842,481,197,2024-03-08,629.8,Delivered,21
1843,811,156,2024-11-07,899.04,Delivered,70
1844,326,297,2024-07-24,870.1,Delivered,63
1845,446,208,2024-05-22,547.16,Delivered,55
1846,217,271,2024-11-20,1166.45,Delivered,47
1847,1097,237,2024-07-25,792.77,Cancelled,
1848,587,216,2024-12-25,348.68,Delivered,15
1849,1091,186,2024-12-01,341.18,Delivered,39
1850,1189,268,2024-08-02,674.41,Delivered,54
1851,460,136,2024-09-14,1498.47,Delivered,16
1852,666,257,2024-12-06,975.69,Delivered,38
1853,47,291,2024-11-30,645.08,Pending,
1854,1769,150,2024-03-23,740.88,Delivered,26
1855,968,283,2024-06-14,285.71,Delivered,16
1856,424,248,2024-05-05,1057.14,Cancelled,
1857,496,146,2024-09-13,997.93,Delivered,70
1858,1885,141,2024-12-16,1447.46,Delivered,62
1859,67,275,2024-09-23,1493.75,Delivered,19
1860,1604,207,2024-10-02,269.37,Pending,
1861,1464,107,2024-01-31,510.15,Delivered,68
1862,1685,286,2024-07-05,659.2,Pending,
1863,1289,267,2024-03-04,245.07,Delivered,63
1864,1691,249,2024-02-27,1110.79,Delivered,41
1865,1345,187,2024-11-15,1213.77,Delivered,31
1866,199,185,2024-02-07,741.54,Cancelled,
1867,1542,163,2024-06-24,513.41,Cancelled,
1868,678,216,2024-10-17,485.42,Delivered,63
1869,287,138,2024-01-14,409.43,Delivered,51
1870,743,283,2024-12-30,1102.17,Delivered,45
1871,1461,213,2024-03-20,1141.23,Delivered,24
1872,1245,175,2024-05-11,991.47,Delivered,69
1873,434,250,2024-12-07,116.89,Delivered,61
1874,1042,291,2024-09-21,668.18,Delivered,37
1875,1319,140,2024-09-13,540.01,Delivered,39
1876,1773,225,2024-09-25,774.87,Cancelled,
1877,1838,198,2024-12-30,190.65,Delivered,34
1878,423,158,2024-12-08,1189.22,Delivered,56
1879,404,192,2024-10-18,1377.78,Delivered,68
1880,1529,235,2024-04-13,608.98,Delivered,40
1881,1283,126,2024-09-16,194.08,Pending,
1882,1970,237,2024-10-02,1321.66,Delivered,43
1883,1161,234,2024-11-16,1216.18,Delivered,59
1884,1918,267,2024-04-26,1065.49,Cancelled,
1885,364,111,2024-05-16,872.77,Delivered,62
1886,390,288,2024-02-02,1368.6,Delivered,48
1887,621,116,2024-11-15,919.95,Cancelled,
1888,951,126,2024-01-27,546.4,Delivered,27
1889,980,130,2024-08-31,376.35,Pending,
1890,1208,156,2024-06-02,897.06,Delivered,70
1891,1854,129,2024-08-14,1188.35,Delivered,52
1892,1651,263,2024-08-21,1489.13,Delivered,63
1893,834,254,2024-12-10,347.14,Pending,
1894,990,232,2024-12-11,519.49,Pending,
1895,510,188,2024-12-05,804.29,Cancelled,
1896,229,294,2024-09-06,109.12,Pending,
1897,964,227,2024-11-04,1164.61,Delivered,21
1898,1896,214,2024-12-13,854.03,Delivered,27
1899,1595,128,2024-04-19,530.08,Delivered,35
1900,1570,236,2024-12-16,520.09,Delivered,51
1901,1377,140,2024-11-12,1172.96,Delivered,69
1902,324,257,2024-06-15,1439.39,Cancelled,
1903,1339,253,2024-05-17,420.21,Delivered,45
1904,1914,178,2024-06-05,567.21,Delivered,68
1905,1527,181,2024-08-05,888.6,Delivered,15
1906,1562,204,2024-11-26,595.06,Delivered,44
1907,1571,171,2024-12-15,383.1,Delivered,33
1908,1706,196,2024-11-27,1207.29,Delivered,50
1909,1147,290,2024-11-13,964.58,Cancelled,
1910,1754,171,2024-11-15,324.59,Cancelled,
1911,1929,285,2024-01-24,1193.72,Delivered,59
1912,1966,281,2024-05-23,1481.7,Delivered,18
1913,208,115,2024-05-21,853.05,Cancelled,
1914,1892,173,2024-11-08,1333.19,Delivered,35
1915,1588,288,2024-03-18,1323.53,Delivered,51
1916,410,244,2024-11-15,558.98,Pending,
1917,1563,270,2024-12-03,1244.23,Delivered,23
1918,1582,298,2024-12-20,1078.95,Delivered,69
1919,740,298,2024-04-19,357.8,Cancelled,
1920,467,218,2024-04-11,1048.74,Delivered,31
1921,1237,292,2024-03-12,266.87,Delivered,42
1922,812,225,2024-09-27,184.4,Pending,
1923,765,105,2024-01-17,1443.7,Delivered,65
1924,1104,226,2024-11-21,988.12,Delivered,51
1925,189,243,2024-09-29,321.51,Pending,
1926,1734,123,2024-08-27,954.04,Delivered,63
1927,150,297,2024-05-21,752.0,Delivered,56
1928,677,119,2024-12-06,575.73,Pending,
1929,1600,278,2024-08-09,1345.16,Delivered,51
1930,602,102,2024-07-18,126.42,Delivered,35
1931,875,139,2024-11-14,918.13,Delivered,49
1932,938,268,2024-10-21,1395.5,Delivered,27
1933,1584,138,2024-11-11,241.26,Pending,
1934,1233,111,2024-10-03,587.93,Delivered,35
1935,1783,181,2024-12-02,392.33,Delivered,25
1936,869,170,2024-12-28,404.13,Delivered,16
1937,282,213,2024-12-30,625.16,Cancelled,
1938,1777,291,2024-04-16,632.58,Cancelled,
1939,899,203,2024-12-19,632.71,Delivered,20
1940,1986,145,2024-10-23,1114.33,Delivered,25
1941,1550,154,2024-12-01,1136.9,Delivered,62
1942,649,207,2024-11-05,1219.71,Delivered,45
1943,523,231,2024-11-29,122.6,Delivered,66
1944,861,203,2024-02-21,596.55,Delivered,68
1945,134,212,2024-11-29,520.97,Delivered,56
1946,1319,200,2024-01-09,1431.83,Delivered,61
1947,1326,183,2024-12-24,448.6,Delivered,23
1948,1063,140,2024-11-30,1167.2,Delivered,53
1949,1644,154,2024-12-04,510.32,Delivered,67
1950,323,208,2024-12-29,826.04,Delivered,62
1951,1658,272,2024-12-26,1394.94,Delivered,16
1952,1019,153,2024-12-10,622.46,Delivered,54
1953,658,108,2024-06-18,139.9,Cancelled,
1954,71,289,2024-07-27,165.1,Delivered,63
1955,1226,285,2024-03-21,240.16,Delivered,29
1956,189,208,2024-02-27,1456.22,Cancelled,
1957,851,238,2024-11-04,1233.2,Delivered,34
1958,976,221,2024-05-11,279.48,Pending,
1959,749,258,2024-02-19,768.91,Delivered,23
1960,450,232,2024-12-30,299.63,Delivered,62
1961,195,284,2024-11-10,247.32,Delivered,31
1962,379,287,2024-06-17,1094.64,Cancelled,
1963,1369,252,2024-10-22,1482.7,Delivered,63
1964,1843,134,2024-11-23,1025.68,Delivered,62
1965,1856,199,2024-04-11,1471.34,Delivered,24
1966,1300,109,2024-05-01,326.64,Delivered,15
1967,1172,224,2024-06-25,362.85,Delivered,43
1968,440,217,2024-10-06,715.81,Delivered,56
1969,1574,232,2024-06-21,1495.36,Delivered,31
1970,699,225,2024-08-21,1028.55,Delivered,63
1971,1064,168,2024-11-23,697.12,Delivered,49
1972,259,125,2024-11-29,1262.11,Delivered,50
1973,1460,176,2024-11-22,529.84,Delivered,50
1974,1925,122,2024-09-15,355.66,Pending,
1975,400,137,2024-04-23,1186.28,Delivered,61
1976,1525,191,2024-03-18,888.04,Pending,
1977,1076,113,2024-07-04,855.24,Pending,
1978,342,196,2024-12-13,331.89,Delivered,68
1979,1906,293,2024-10-03,1419.07,Delivered,69
1980,415,172,2024-12-30,661.22,Delivered,48
1981,1991,208,2024-08-27,550.69,Delivered,15
1982,154,165,2024-12-08,536.25,Delivered,18
1983,1547,206,2024-11-30,1251.42,Delivered,40
1984,1611,141,2024-07-19,927.98,Delivered,68
1985,718,119,2024-12-30,486.71,Delivered,22
1986,1487,290,2024-12-10,312.58,Cancelled,
1987,292,273,2024-11-20,115.08,Delivered,48
1988,638,235,2024-12-10,937.83,Delivered,57
1989,898,177,2024-10-04,1140.08,Cancelled,
1990,315,119,2024-06-23,1325.33,Delivered,39
1991,1717,166,2024-11-29,696.27,Delivered,60
1992,1417,225,2024-04-25,831.98,Delivered,61
1993,1236,254,2024-05-03,1317.11,Cancelled,
1994,1714,280,2024-08-03,179.31,Delivered,70
1995,1577,172,2024-05-21,1366.62,Pending,
1996,674,208,2024-05-08,1476.32,Delivered,15
1997,208,283,2024-05-04,920.1,Delivered,52
1998,889,271,2024-12-19,1256.77,Cancelled,
1999,1149,256,2024-07-11,949.28,Delivered,17
2000,1233,128,2024-11-25,1435.7,Delivered,22
2001,1980,296,2024-12-07,1041.65,Delivered,67
2002,807,284,2024-06-26,1005.92,Cancelled,
2003,1746,218,2024-09-24,152.19,Delivered,67
2004,1650,261,2024-08-09,1036.7,Delivered,28
2005,1162,147,2024-12-30,560.55,Delivered,41
2006,1643,108,2024-05-09,602.02,Delivered,37
2007,1994,164,2024-12-20,166.92,Cancelled,
2008,1432,263,2024-12-20,324.83,Pending,
2009,1579,241,2024-07-24,1154.65,Delivered,69
2010,1024,123,2024-12-09,853.53,Delivered,35
2011,1698,179,2024-12-16,226.61,Delivered,35
2012,1274,228,2024-07-14,383.01,Cancelled,
2013,719,187,2024-07-04,1156.68,Delivered,35
2014,33,129,2024-11-19,1372.36,Pending,
2015,607,294,2024-04-01,657.16,Delivered,27
2016,192,124,2024-12-05,666.49,Delivered,24
2017,1467,188,2024-07-22,286.25,Delivered,21
2018,1731,289,2024-05-30,958.79,Delivered,35
2019,461,214,2024-05-05,867.18,Delivered,16
2020,1013,158,2024-04-22,443.49,Delivered,43
2021,1327,156,2024-11-18,441.15,Delivered,69
2022,1254,224,2024-07-31,878.85,Delivered,41
2023,382,233,2024-11-17,905.64,Delivered,62
2024,536,281,2024-07-05,1224.8,Delivered,42
2025,759,194,2024-04-30,548.22,Delivered,19
2026,1963,278,2024-12-25,1258.43,Delivered,65
2027,1103,249,2024-12-28,1197.91,Pending,
2028,1451,222,2024-02-23,1230.15,Delivered,61
2029,714,284,2024-10-10,1249.51,Delivered,44
2030,552,248,2024-08-23,966.33,Cancelled,
2031,1211,212,2024-11-10,130.96,Cancelled,
2032,1145,267,2024-11-22,767.28,Delivered,19
2033,1397,191,2024-12-16,486.53,Delivered,61
2034,57,283,2024-08-08,1085.9,Delivered,40
2035,441,270,2024-10-02,1076.09,Delivered,36
2036,477,246,2024-09-17,1424.77,Delivered,64
2037,1106,275,2024-01-04,1459.24,Delivered,60
2038,1546,192,2024-02-06,959.39,Pending,
2039,848,287,2024-11-12,448.32,Delivered,68
2040,372,108,2024-09-10,1120.13,Delivered,20
2041,193,204,2024-12-16,642.43,Delivered,39
2042,1427,222,2024-11-21,356.19,Delivered,37
2043,364,282,2024-05-09,799.55,Delivered,31
2044,823,152,2024-12-11,986.21,Delivered,43
2045,1540,125,2024-01-11,1331.02,Delivered,50
2046,122,275,2024-03-27,102.42,Pending,
2047,26,102,2024-11-19,138.71,Delivered,69
2048,143,145,2024-12-09,797.48,Pending,
2049,448,189,2024-12-13,1377.66,Delivered,51
2050,363,213,2024-03-31,810.26,Cancelled,
2051,63,260,2024-12-04,1343.53,Delivered,66
2052,1914,180,2024-02-25,588.68,Delivered,52
2053,1062,143,2024-09-11,370.42,Delivered,54
2054,1885,187,2024-12-03,867.17,Delivered,65
2055,918,130,2024-02-03,573.68,Delivered,24
2056,491,226,2024-11-25,158.23,Delivered,45
2057,1661,269,2024-10-29,238.29,Pending,
2058,187,270,2024-09-26,888.2,Pending,
2059,1069,201,2024-11-25,381.3,Delivered,23
2060,918,296,2024-12-30,976.87,Delivered,42
2061,773,122,2024-09-08,246.05,Pending,
2062,992,257,2024-09-11,1489.2,Delivered,64
2063,1401,279,2024-12-23,158.29,Delivered,34
2064,1828,251,2024-10-19,859.9,Delivered,62
2065,99,237,2024-12-31,524.12,Delivered,37
2066,1975,238,2024-12-22,1057.83,Delivered,62
2067,1042,235,2024-09-17,619.15,Delivered,28
2068,203,218,2024-04-23,1097.37,Delivered,60
2069,417,227,2024-12-10,958.22,Delivered,39
2070,422,277,2024-11-18,106.63,Delivered,57
2071,1667,185,2024-07-18,1257.2,Delivered,68
2072,824,112,2024-12-08,444.64,Delivered,42
2073,1394,247,2024-11-16,533.63,Delivered,41
2074,1414,103,2024-07-30,627.98,Delivered,67
2075,1596,225,2024-10-31,977.15,Delivered,17
2076,1426,297,2024-12-05,1065.3,Delivered,55
2077,235,130,2024-12-20,783.95,Delivered,49
2078,671,143,2024-05-11,1437.44,Delivered,33
2079,1099,174,2024-12-06,466.1,Delivered,40
2080,1686,152,2024-10-11,1285.04,Delivered,23
2081,1062,110,2024-02-25,255.97,Delivered,68
2082,795,148,2024-12-14,1228.97,Delivered,42
2083,1261,195,2024-03-14,718.83,Delivered,57
2084,1913,229,2024-04-06,1175.97,Delivered,17
2085,1165,104,2024-06-23,1303.28,Delivered,26
2086,718,219,2024-12-11,179.0,Delivered,24
2087,1940,175,2024-04-25,357.55,Delivered,36
2088,1348,285,2024-08-13,197.14,Delivered,53
2089,1083,174,2024-03-14,865.97,Delivered,18
2090,229,276,2024-12-03,847.98,Delivered,61
2091,1911,183,2024-03-14,1362.13,Delivered,15
2092,781,101,2024-07-17,1176.17,Delivered,69
2093,460,296,2024-10-15,863.82,Delivered,56
2094,1688,222,2024-11-26,640.48,Delivered,43
2095,1865,292,2024-12-01,957.65,Delivered,55
2096,932,223,2024-03-19,735.91,Delivered,29
2097,296,174,2024-03-30,1448.26,Delivered,31
2098,1807,142,2024-01-11,704.43,Delivered,24
2099,88,218,2024-10-04,1292.36,Delivered,23
2100,1721,261,2024-07-26,689.6,Delivered,44
2101,1503,216,2024-07-17,748.92,Delivered,35
2102,1363,203,2024-12-03,388.28,Delivered,60
2103,392,246,2024-12-25,1121.03,Delivered,44
2104,1123,296,2024-07-10,1001.6,Delivered,40
2105,290,221,2024-12-11,733.25,Delivered,18
2106,409,156,2024-12-26,319.41,Delivered,48
2107,885,147,2024-01-13,1071.56,Delivered,51
2108,1367,145,2024-12-17,1052.88,Delivered,56
2109,824,248,2024-04-11,310.96,Delivered,44
2110,504,290,2024-12-29,781.36,Pending,
2111,1506,261,2024-12-12,235.89,Delivered,20
2112,44,103,2024-01-28,564.11,Delivered,35
2113,1908,192,2024-11-09,1441.14,Delivered,68
2114,136,193,2024-06-10,916.83,Cancelled,
2115,973,187,2024-05-28,524.54,Pending,
2116,328,139,2024-11-07,845.23,Delivered,25
2117,1151,242,2024-12-24,1476.62,Delivered,22
2118,1360,138,2024-02-19,1157.94,Delivered,39
2119,969,198,2024-01-11,920.65,Delivered,43
2120,1198,247,2024-12-27,127.8,Cancelled,
2121,1939,272,2024-06-22,1482.94,Delivered,19
2122,363,135,2024-12-12,651.06,Delivered,22
2123,1915,272,2024-12-10,548.98,Delivered,37
2124,1235,227,2024-12-27,926.45,Delivered,38
2125,1744,165,2024-11-17,1474.85,Delivered,46
2126,653,143,2024-11-15,1080.72,Delivered,43
2127,887,187,2024-12-17,1493.14,Cancelled,
2128,1351,121,2024-11-02,282.91,Delivered,62
2129,1175,105,2024-11-12,1366.35,Delivered,39
2130,74,278,2024-12-22,625.2,Delivered,66
2131,1050,209,2024-06-24,285.28,Delivered,61
2132,536,242,2024-11-18,473.34,Cancelled,
2133,1882,272,2024-12-12,1378.68,Pending,
2134,1835,130,2024-11-08,1228.72,Delivered,30
2135,153,146,2024-03-19,900.67,Delivered,64
2136,179,120,2024-10-31,1131.1,Delivered,70
2137,1862,259,2024-12-07,976.58,Cancelled,
2138,1293,185,2024-02-24,957.59,Delivered,60
2139,285,152,2024-02-11,359.8,Delivered,15
2140,887,276,2024-11-03,1103.77,Delivered,35
2141,1281,236,2024-12-22,376.22,Cancelled,
2142,1240,281,2024-11-18,1124.19,Delivered,43
2143,379,230,2024-11-11,1463.87,Delivered,24
2144,1799,239,2024-04-06,1079.95,Delivered,27
2145,384,183,2024-04-26,327.39,Delivered,53
2146,845,230,2024-04-21,697.13,Delivered,62
2147,494,236,2024-12-26,1455.39,Delivered,33
2148,1545,142,2024-11-04,791.49,Delivered,54
2149,1548,211,2024-12-18,1358.1,Cancelled,
2150,25,291,2024-06-12,923.39,Delivered,59
2151,1395,256,2024-02-03,896.88,Delivered,43
2152,734,291,2024-07-08,799.57,Cancelled,
2153,642,240,2024-04-07,419.36,Delivered,17
2154,1415,191,2024-08-24,554.11,Delivered,44
2155,1780,219,2024-03-13,1133.0,Delivered,41
2156,1945,107,2024-06-11,634.04,Delivered,40
2157,749,104,2024-12-04,1367.51,Delivered,52
2158,1938,148,2024-11-01,647.81,Delivered,32
2159,691,151,2024-11-25,321.64,Pending,
2160,569,159,2024-12-08,1113.22,Delivered,42
2161,1941,141,2024-12-06,183.66,Delivered,19
2162,1952,183,2024-11-07,505.05,Delivered,48
2163,1932,227,2024-08-01,786.71,Delivered,55
2164,325,187,2024-12-16,965.87,Delivered,53
2165,266,236,2024-12-16,622.7,Delivered,38
2166,1158,222,2024-11-28,618.01,Delivered,28
2167,1935,184,2024-06-09,987.42,Cancelled,
2168,1612,172,2024-10-22,1211.35,Delivered,23
2169,1978,183,2024-10-20,1459.59,Delivered,60
2170,1215,257,2024-12-22,448.74,Cancelled,
2171,1824,105,2024-12-26,233.82,Delivered,54
2172,659,121,2024-08-24,943.64,Delivered,19
2173,921,200,2024-05-21,1096.67,Delivered,69
2174,1593,116,2024-04-24,986.3,Delivered,37
2175,1690,259,2024-03-15,1197.16,Delivered,46
2176,644,255,2024-04-12,1253.79,Delivered,53
2177,1240,131,2024-11-03,1129.69,Delivered,48
2178,1637,230,2024-12-20,626.41,Delivered,34
2179,535,153,2024-11-01,140.35,Delivered,20
2180,755,220,2024-03-16,725.36,Delivered,50
2181,322,253,2024-06-09,250.84,Delivered,44
2182,566,151,2024-08-20,498.67,Delivered,35
2183,1959,105,2024-12-25,557.15,Cancelled,
2184,756,137,2024-12-16,625.04,Delivered,55
2185,890,266,2024-11-11,557.25,Delivered,56
2186,580,183,2024-10-18,155.13,Pending,
2187,115,286,2024-03-08,795.35,Delivered,23
2188,311,127,2024-12-31,429.02,Delivered,37
2189,693,121,2024-02-05,789.44,Pending,
2190,128,235,2024-07-21,1072.42,Pending,
2191,1686,123,2024-08-17,322.68,Delivered,29
2192,491,115,2024-10-12,133.92,Delivered,45
2193,87,111,2024-11-14,1429.95,Delivered,47
2194,655,183,2024-11-20,1038.37,Delivered,47
2195,1568,175,2024-12-08,1100.64,Delivered,50
2196,140,111,2024-11-02,392.37,Cancelled,
2197,15,190,2024-10-24,1334.31,Pending,
2198,1841,143,2024-03-18,850.72,Delivered,32
2199,1140,196,2024-03-22,1268.75,Delivered,36
2200,401,184,2024-07-20,266.83,Delivered,43
2201,60,215,2024-11-29,1040.58,Delivered,28
2202,379,129,2024-12-21,249.42,Delivered,27
2203,1556,246,2024-06-01,1266.1,Delivered,52
2204,1675,178,2024-01-28,1006.96,Delivered,51
2205,1824,165,2024-11-01,533.86,Delivered,68
2206,371,186,2024-12-30,1107.92,Delivered,44
2207,801,255,2024-09-08,772.25,Delivered,65
2208,1367,164,2024-11-06,1338.18,Delivered,54
2209,103,103,2024-01-01,524.83,Delivered,61
2210,1164,141,2024-11-23,401.43,Delivered,42
2211,1520,196,2024-11-26,1015.08,Delivered,64
2212,72,131,2024-11-16,739.7,Delivered,22
2213,1883,263,2024-12-15,1209.87,Cancelled,
2214,358,104,2024-12-16,428.72,Pending,
2215,560,170,2024-12-06,771.61,Delivered,28
2216,134,202,2024-01-16,152.03,Delivered,68
2217,954,206,2024-10-31,907.46,Delivered,57
2218,130,298,2024-12-29,494.2,Cancelled,
2219,416,169,2024-11-17,1448.47,Delivered,30
2220,1413,215,2024-11-28,161.77,Delivered,50
2221,1950,280,2024-04-28,1101.8,Delivered,33
2222,746,123,2024-08-21,1249.0,Pending,
2223,336,196,2024-07-09,1116.68,Pending,
2224,299,183,2024-06-26,669.8,Delivered,38
2225,958,189,2024-03-16,1239.92,Cancelled,
2226,1384,239,2024-08-09,221.02,Delivered,23
2227,682,192,2024-08-18,1155.18,Delivered,17
2228,704,230,2024-11-16,303.07,Delivered,49
2229,1296,291,2024-12-21,903.17,Delivered,67
2230,1420,202,2024-11-26,1333.01,Pending,
2231,1115,111,2024-10-21,105.66,Pending,
2232,1362,143,2024-12-16,1093.65,Delivered,46
2233,240,184,2024-07-10,867.83,Delivered,48
2234,1346,201,2024-11-22,1149.76,Delivered,29
2235,1312,265,2024-12-21,1353.33,Delivered,60
2236,2,230,2024-09-10,302.1,Delivered,59
2237,1946,179,2024-11-25,524.0,Delivered,49
2238,1308,125,2024-04-07,132.91,Delivered,33
2239,248,154,2024-12-19,1052.67,Delivered,31
2240,927,131,2024-07-02,1026.22,Delivered,59
2241,1224,177,2024-11-23,391.83,Delivered,54
2242,1208,223,2024-10-30,158.62,Cancelled,
2243,65,228,2024-11-01,458.1,Cancelled,
2244,1764,199,2024-02-20,691.78,Delivered,58
2245,1005,107,2024-09-06,1162.67,Delivered,45
2246,517,240,2024-11-15,1113.99,Delivered,44
2247,778,292,2024-12-08,1477.6,Delivered,35
2248,635,242,2024-08-19,403.18,Delivered,21
2249,22,276,2024-12-25,1045.34,Delivered,47
2250,911,118,2024-08-25,484.64,Delivered,66
2251,1895,238,2024-01-25,454.49,Delivered,59
2252,1059,226,2024-11-28,510.75,Delivered,17
2253,595,254,2024-11-07,1061.53,Delivered,27
2254,988,225,2024-11-24,1186.04,Delivered,64
2255,772,112,2024-11-14,576.1,Cancelled,
2256,469,283,2024-12-24,1427.26,Delivered,21
2257,337,136,2024-12-30,947.29,Delivered,43
2258,1017,194,2024-08-08,128.75,Pending,
2259,1839,278,2024-10-05,248.86,Cancelled,
2260,69,172,2024-12-25,691.16,Delivered,20
2261,539,271,2024-07-24,809.96,Delivered,23
2262,248,107,2024-12-06,361.51,Delivered,43
2263,1352,240,2024-05-14,769.03,Delivered,52
2264,847,130,2024-04-28,383.43,Delivered,23
2265,1530,280,2024-07-09,183.99,Delivered,22
2266,1075,271,2024-12-03,112.4,Delivered,35
2267,1886,163,2024-04-19,364.13,Cancelled,
2268,980,223,2024-11-11,643.0,Pending,
2269,1759,119,2024-11-08,1300.98,Delivered,70
2270,1558,118,2024-02-07,892.62,Delivered,55
2271,1543,206,2024-07-04,1412.65,Delivered,41
2272,123,293,2024-06-13,1192.88,Delivered,27
2273,1376,286,2024-07-19,729.76,Delivered,62
2274,1859,133,2024-09-17,1344.24,Delivered,30
2275,1227,234,2024-12-19,205.08,Delivered,41
2276,136,244,2024-12-27,1187.87,Delivered,38
2277,569,201,2024-12-11,1229.54,Delivered,34
2278,1713,238,2024-06-06,1297.53,Cancelled,
2279,1048,225,2024-12-18,925.39,Pending,
2280,1892,275,2024-12-04,1200.14,Delivered,45
2281,691,124,2024-06-24,845.83,Delivered,31
2282,1289,169,2024-05-27,932.21,Delivered,35
2283,1899,183,2024-10-16,367.77,Delivered,27
2284,1692,186,2024-07-29,489.93,Delivered,57
2285,1350,149,2024-03-12,1223.14,Delivered,27
2286,1408,276,2024-10-04,874.06,Delivered,66
2287,948,249,2024-03-01,1114.43,Delivered,55
2288,506,153,2024-11-20,1262.54,Delivered,56
2289,1659,228,2024-07-19,778.08,Delivered,51
2290,941,238,2024-11-16,948.38,Delivered,22
2291,1980,197,2024-07-20,104.57,Delivered,66
2292,1914,166,2024-08-20,1408.65,Pending,
2293,1196,171,2024-08-03,378.87,Delivered,42
2294,1287,226,2024-08-31,712.04,Delivered,22
2295,287,147,2024-12-18,1221.82,Delivered,17
2296,1736,118,2024-12-05,849.31,Delivered,65
2297,197,291,2024-04-14,155.91,Delivered,15
2298,229,187,2024-05-21,497.86,Delivered,29
2299,452,259,2024-05-16,1398.99,Delivered,68
2300,485,139,2024-12-07,543.4,Delivered,25
2301,1651,199,2024-12-09,124.42,Delivered,20
2302,1170,290,2024-05-18,1233.37,Delivered,21
2303,505,205,2024-11-29,953.45,Delivered,29
2304,573,128,2024-12-12,531.89,Delivered,43
2305,438,160,2024-11-05,671.95,Cancelled,
2306,907,139,2024-07-15,1290.82,Delivered,16
2307,1109,296,2024-12-26,1042.64,Delivered,65
2308,1793,235,2024-11-01,798.65,Delivered,68
2309,906,256,2024-11-09,1084.84,Delivered,25
2310,1614,204,2024-11-20,594.57,Delivered,30
2311,1465,175,2024-07-13,940.61,Cancelled,
2312,1968,107,2024-10-15,441.7,Delivered,43
2313,1461,106,2024-06-25,603.33,Delivered,46
2314,894,286,2024-08-05,225.25,Delivered,37
2315,469,169,2024-05-13,769.94,Delivered,29
2316,1749,250,2024-11-02,843.31,Delivered,69
2317,75,198,2024-04-27,225.96,Delivered,20
2318,1261,279,2024-05-08,210.96,Delivered,43
2319,306,176,2024-11-27,489.92,Delivered,29
2320,839,180,2024-11-04,424.54,Delivered,54
2321,107,247,2024-03-31,503.54,Cancelled,
2322,1930,209,2024-04-30,124.05,Delivered,53
2323,1460,120,2024-11-06,476.66,Delivered,49
2324,255,300,2024-07-07,1112.49,Delivered,49
2325,1910,148,2024-10-31,555.67,Delivered,64
2326,558,232,2024-09-13,806.31,Delivered,40
2327,277,143,2024-11-09,1285.15,Delivered,70
2328,1248,195,2024-05-22,747.37,Cancelled,
2329,359,282,2024-11-15,326.92,Delivered,19
2330,773,135,2024-11-29,840.45,Cancelled,
2331,1388,294,2024-10-04,1116.73,Pending,
2332,956,266,2024-06-30,1200.94,Delivered,63
2333,515,235,2024-03-26,804.41,Cancelled,
2334,259,110,2024-12-08,1492.6,Delivered,22
2335,1238,206,2024-06-02,623.07,Delivered,46
2336,407,293,2024-11-27,1185.1,Delivered,43
2337,1772,252,2024-03-12,1008.7,Delivered,40
2338,501,137,2024-11-14,1365.13,Delivered,46
2339,818,220,2024-07-09,1335.34,Cancelled,
2340,268,207,2024-05-05,1426.82,Delivered,33
2341,767,114,2024-07-16,1341.87,Delivered,19
2342,1226,176,2024-09-19,872.25,Delivered,70
2343,1736,223,2024-11-21,370.87,Pending,
2344,340,103,2024-03-15,1142.07,Pending,
2345,553,116,2024-11-13,982.94,Delivered,16
2346,919,204,2024-12-09,744.41,Delivered,33
2347,754,114,2024-10-26,272.62,Cancelled,
2348,1554,225,2024-09-20,150.62,Pending,
2349,1493,292,2024-02-04,1498.1,Delivered,67
2350,774,185,2024-08-13,1124.03,Delivered,24
2351,292,296,2024-02-17,963.62,Delivered,40
2352,452,111,2024-10-31,1434.98,Delivered,41
2353,1166,150,2024-03-18,697.68,Delivered,28
2354,2,117,2024-11-02,471.71,Cancelled,
2355,1612,117,2024-12-28,1473.68,Cancelled,
2356,234,121,2024-06-24,963.52,Delivered,69
2357,961,167,2024-10-07,1344.84,Delivered,55
2358,1362,184,2024-12-07,1054.74,Pending,
2359,1398,172,2024-05-05,416.68,Delivered,42
2360,990,170,2024-12-02,520.8,Delivered,18
2361,1950,252,2024-12-25,460.7,Delivered,50
2362,458,157,2024-05-07,750.09,Delivered,21
2363,1429,239,2024-07-30,1139.53,Delivered,51
2364,679,177,2024-11-10,972.28,Delivered,64
2365,643,115,2024-08-09,315.66,Cancelled,
2366,63,186,2024-03-01,531.21,Cancelled,
2367,1801,226,2024-07-21,923.79,Delivered,42
2368,1740,161,2024-12-09,1226.34,Delivered,25
2369,1225,184,2024-02-12,240.92,Delivered,65
2370,1511,103,2024-11-27,789.71,Delivered,65
2371,1655,279,2024-01-27,102.92,Delivered,17
2372,274,175,2024-07-06,1050.24,Delivered,57
2373,1172,123,2024-12-27,533.67,Delivered,17
2374,1194,122,2024-11-10,100.3,Delivered,65
2375,349,201,2024-09-08,250.55,Delivered,54
2376,1714,235,2024-12-09,498.22,Delivered,44
2377,1242,167,2024-12-19,1079.92,Delivered,46
2378,1243,158,2024-01-17,650.75,Delivered,57
2379,334,278,2024-08-19,602.25,Pending,
2380,628,176,2024-07-24,685.16,Delivered,65
2381,1735,180,2024-04-17,436.95,Delivered,60
2382,318,110,2024-12-07,1325.2,Delivered,21
2383,920,133,2024-11-04,495.47,Delivered,59
2384,656,249,2024-11-30,709.47,Delivered,56
2385,1369,272,2024-10-27,523.56,Delivered,45
2386,1344,109,2024-07-19,368.08,Delivered,18
2387,65,165,2024-09-11,748.91,Delivered,65
2388,1453,183,2024-06-16,1143.39,Delivered,57
2389,645,293,2024-12-24,357.55,Delivered,31
2390,852,124,2024-06-20,307.43,Delivered,30
2391,1051,255,2024-05-22,1370.23,Delivered,41
2392,79,298,2024-11-23,1095.91,Delivered,36
2393,6,127,2024-09-13,382.4,Delivered,36
2394,1394,269,2024-09-15,482.82,Delivered,48
2395,1210,257,2024-04-10,708.91,Delivered,44
2396,1975,285,2024-05-28,854.31,Cancelled,
2397,92,173,2024-11-26,925.05,Delivered,45
2398,1699,207,2024-11-07,900.66,Delivered,68
2399,1211,158,2024-06-02,1348.12,Delivered,67
2400,470,272,2024-05-10,652.74,Delivered,48
2401,470,111,2024-12-22,728.95,Delivered,15
2402,881,113,2024-05-20,849.36,Pending,
2403,1925,207,2024-12-25,1433.64,Delivered,64
2404,1230,270,2024-12-07,398.78,Pending,
2405,589,300,2024-11-15,1395.88,Delivered,50
2406,1487,185,2024-12-11,380.36,Delivered,20
2407,674,266,2024-11-30,128.97,Delivered,62
2408,1498,167,2024-11-18,1040.54,Delivered,25
2409,1856,210,2024-11-10,606.0,Delivered,34
2410,1111,278,2024-02-05,206.72,Delivered,70
2411,249,101,2024-02-03,1190.13,Delivered,26
2412,233,296,2024-03-03,800.65,Pending,
2413,953,231,2024-12-12,960.11,Delivered,37
2414,1616,124,2024-07-17,1229.24,Pending,
2415,1936,165,2024-11-13,1226.13,Delivered,19
2416,333,138,2024-12-03,1241.31,Pending,
2417,398,223,2025-06-15,591.94,Delivered,69
2418,798,294,2024-09-19,1186.21,Delivered,28
2419,344,149,2024-09-04,1182.85,Delivered,62
2420,465,269,2024-09-10,880.44,Cancelled,
2421,794,183,2024-04-11,1359.96,Delivered,43
2422,386,101,2024-01-09,1482.73,Delivered,56
2423,694,207,2024-01-04,1457.42,Cancelled,
2424,175,135,2024-10-31,828.72,Delivered,52
2425,279,222,2024-10-09,1116.27,Delivered,22
2426,1280,109,2024-11-22,543.89,Delivered,49
2427,1684,209,2024-12-24,249.2,Delivered,57
2428,1975,136,2024-07-13,1498.99,Delivered,36
2429,1741,206,2024-09-28,609.3,Cancelled,
2430,632,290,2024-11-01,136.61,Delivered,35
2431,379,283,2024-11-08,1403.97,Delivered,38
2432,233,125,2024-06-19,545.64,Delivered,26
2433,1181,155,2024-02-10,424.13,Delivered,34
2434,1724,295,2024-10-04,1378.16,Delivered,66
2435,1460,241,2024-12-19,864.49,Pending,
2436,1348,177,2024-11-25,1153.22,Delivered,34
2437,1882,208,2024-11-21,476.67,Delivered,23
2438,141,125,2024-10-28,105.61,Cancelled,
2439,88,221,2024-07-26,858.75,Delivered,25
2440,1211,244,2024-05-06,214.81,Delivered,26
2441,1329,246,2024-02-23,983.17,Delivered,45
2442,448,287,2024-03-27,1133.01,Pending,
2443,489,205,2024-12-03,1325.1,Delivered,46
2444,1122,161,2024-11-13,958.56,Delivered,27
2445,1690,236,2024-11-08,666.33,Delivered,52
2446,590,169,2024-12-24,1345.39,Delivered,31
2447,1328,255,2024-02-28,667.76,Delivered,62
2448,519,277,2024-11-11,1240.22,Delivered,57
2449,510,134,2024-04-28,1497.4,Delivered,61
2450,148,276,2024-04-21,487.17,Delivered,51
2451,6,267,2024-11-07,1261.96,Delivered,41
2452,220,188,2024-11-09,305.78,Delivered,70
2453,756,184,2024-07-12,1023.33,Delivered,43
2454,1359,152,2024-03-15,389.49,Delivered,27
2455,1782,271,2024-12-05,439.88,Cancelled,
2456,1944,171,2024-05-09,104.28,Cancelled,
2457,325,116,2024-01-31,1147.65,Pending,
2458,593,153,2024-05-27,296.98,Delivered,26
2459,873,297,2024-12-20,1167.69,Delivered,52
2460,931,190,2024-11-14,729.08,Delivered,68
2461,977,200,2024-11-30,408.79,Delivered,16
2462,1600,161,2024-07-15,406.42,Pending,
2463,1044,265,2024-02-26,474.75,Delivered,48
2464,522,277,2024-12-25,1021.61,Delivered,62
2465,827,106,2024-12-31,1338.73,Delivered,33
2466,517,163,2024-12-08,1403.92,Pending,
2467,1888,147,2024-09-27,104.72,Delivered,35
2468,1574,277,2024-08-02,895.13,Delivered,45
2469,397,148,2024-11-19,1109.23,Delivered,31
2470,1426,170,2024-11-17,662.74,Delivered,21
2471,779,221,2024-05-05,554.6,Delivered,37
2472,966,295,2024-11-21,790.41,Delivered,50
2473,34,277,2024-12-06,1354.3,Delivered,41
2474,1775,112,2024-11-26,848.97,Delivered,21
2475,1395,241,2024-03-10,409.03,Delivered,28
2476,760,125,2024-10-31,1385.48,Delivered,22
2477,575,265,2024-08-18,1350.34,Delivered,36
2478,1892,161,2024-02-17,1227.58,Pending,
2479,1529,262,2024-05-03,161.84,Delivered,49
2480,343,269,2024-01-04,1396.72,Cancelled,
2481,1674,156,2024-06-18,240.13,Pending,
2482,1194,159,2024-05-22,100.13,Delivered,37
2483,1543,216,2024-03-25,137.66,Delivered,55
2484,1171,106,2024-04-08,340.9,Delivered,29
2485,1511,112,2024-04-10,1258.19,Delivered,23
2486,605,218,2024-11-28,415.88,Delivered,17
2487,242,286,2024-04-14,613.3,Delivered,68
2488,1407,211,2024-11-04,1267.07,Delivered,45
2489,775,102,2024-11-02,846.24,Delivered,21
2490,174,296,2024-11-04,315.24,Delivered,42
2491,470,280,2024-05-16,1099.18,Pending,
2492,1811,274,2024-10-29,1358.57,Delivered,43
2493,323,253,2024-10-17,401.82,Cancelled,
2494,871,145,2024-08-15,490.85,Delivered,53
2495,439,288,2024-01-11,374.78,Delivered,39
2496,1583,238,2024-02-16,1324.61,Delivered,65
2497,1423,133,2024-04-27,1131.81,Pending,
2498,1945,129,2024-07-21,1373.07,Delivered,18
2499,1061,147,2024-04-28,1218.52,Delivered,18
2500,1042,256,2024-02-07,438.09,Pending,
2501,172,187,2024-02-17,463.52,Delivered,50
2502,279,146,2024-12-01,1290.34,Delivered,23
2503,1645,157,2024-02-15,825.14,Cancelled,
2504,147,209,2024-10-06,212.22,Delivered,44
2505,338,275,2024-12-24,572.75,Delivered,63
2506,24,300,2024-12-12,1067.24,Delivered,20
2507,661,143,2024-11-22,920.18,Delivered,59
2508,390,224,2024-02-20,714.57,Pending,
2509,1327,196,2024-12-10,1147.86,Delivered,61
2510,307,191,2024-12-13,261.22,Pending,
2511,1323,175,2024-05-13,322.98,Pending,
2512,1665,138,2024-10-22,856.02,Delivered,46
2513,1070,297,2024-11-11,1254.1,Delivered,47
2514,1274,111,2024-11-30,156.54,Delivered,44
2515,54,112,2024-01-02,1026.85,Delivered,39
2516,708,263,2024-11-23,1113.46,Delivered,48
2517,308,204,2024-03-03,430.12,Delivered,66
2518,552,231,2024-11-20,617.39,Delivered,38
2519,636,144,2024-07-11,1121.44,Pending,
2520,1463,111,2024-01-28,669.42,Delivered,41
2521,1234,258,2024-11-12,597.11,Delivered,64
2522,1279,300,2024-09-26,358.67,Delivered,18
2523,549,113,2024-07-19,453.94,Pending,
2524,255,243,2024-01-03,466.25,Delivered,69
2525,1319,146,2024-08-30,797.83,Delivered,48
2526,398,197,2024-04-06,839.65,Delivered,40
2527,549,163,2024-11-04,298.1,Delivered,54
2528,1389,176,2024-09-24,899.99,Delivered,41
2529,610,141,2024-12-26,687.72,Delivered,38
2530,1480,286,2024-08-08,399.42,Delivered,64
2531,516,122,2024-01-21,1250.85,Delivered,55
2532,799,141,2024-07-10,1160.72,Delivered,26
2533,826,159,2024-07-07,575.9,Delivered,33
2534,393,287,2024-11-05,757.76,Delivered,41
2535,1623,172,2024-09-19,905.99,Pending,
2536,1035,106,2024-02-25,615.72,Pending,
2537,1429,229,2024-05-21,564.17,Delivered,44
2538,1250,279,2024-12-14,575.9,Delivered,58
2539,1309,115,2024-05-29,434.34,Delivered,28
2540,1987,296,2024-04-09,1259.94,Delivered,52
2541,646,282,2024-12-16,410.63,Delivered,66
2542,210,124,2024-12-08,736.64,Cancelled,
2543,1478,132,2024-11-06,1465.83,Delivered,52
2544,188,262,2024-09-09,403.5,Delivered,56
2545,662,158,2024-11-26,1296.74,Delivered,20
2546,1881,293,2024-09-15,795.33,Delivered,39
2547,196,219,2024-07-27,1190.48,Pending,
2548,1827,103,2024-11-11,392.18,Delivered,66
2549,61,251,2024-12-19,681.03,Pending,
2550,262,253,2024-01-07,442.14,Delivered,36
2551,968,264,2024-05-15,1120.97,Delivered,61
2552,1860,207,2024-11-13,1052.17,Delivered,38
2553,1249,189,2024-11-03,206.75,Delivered,66
2554,253,235,2024-10-21,501.57,Pending,
2555,599,158,2024-12-03,768.29,Delivered,52
2556,286,294,2024-04-09,338.84,Delivered,28
2557,1243,255,2024-02-07,436.2,Delivered,36
2558,692,208,2024-11-16,1407.29,Delivered,23
2559,1065,238,2024-01-22,1261.42,Delivered,64
2560,1623,187,2024-12-29,653.7,Delivered,65
2561,1524,112,2024-02-19,263.12,Delivered,42
2562,1599,105,2024-04-08,1324.76,Delivered,48
2563,1813,153,2024-07-22,1338.36,Delivered,67
2564,1785,296,2024-11-09,1058.87,Delivered,35
2565,1926,291,2024-12-30,345.71,Delivered,31
2566,1839,188,2024-08-08,812.71,Delivered,42
2567,1172,128,2024-09-05,694.26,Pending,
2568,1320,137,2024-09-25,1263.95,Delivered,62
2569,1973,111,2024-11-19,1354.9,Delivered,65
2570,1081,215,2024-06-24,517.82,Cancelled,
2571,1768,271,2024-09-27,291.09,Delivered,28
2572,479,266,2024-03-04,174.76,Delivered,43
2573,1416,278,2024-12-22,166.49,Delivered,51
2574,1190,282,2024-11-18,500.07,Delivered,16
2575,1464,216,2024-10-25,1230.25,Delivered,63
2576,1225,281,2024-11-16,689.03,Delivered,70
2577,1599,269,2024-12-05,998.45,Cancelled,
2578,184,234,2024-12-04,1196.94,Delivered,55
2579,1950,246,2024-11-21,891.48,Delivered,16
2580,1582,229,2024-10-18,966.3,Delivered,26
2581,1824,149,2024-12-23,1192.47,Delivered,33
2582,1599,137,2024-08-08,665.9,Pending,
2583,1968,115,2024-12-24,132.14,Pending,
2584,969,140,2024-03-01,740.05,Delivered,16
2585,1315,214,2024-11-13,533.3,Delivered,48
2586,1243,157,2024-12-12,943.36,Delivered,56
2587,500,234,2024-12-27,885.61,Delivered,68
2588,1677,173,2024-06-25,1444.03,Delivered,24
2589,1848,278,2024-08-10,577.88,Pending,
2590,1648,138,2024-07-02,862.3,Delivered,42
2591,1354,169,2024-12-05,635.41,Delivered,37
2592,834,262,2024-12-23,403.28,Pending,
2593,987,210,2024-12-23,1059.94,Delivered,64
2594,390,236,2024-11-21,1472.66,Delivered,31
2595,1728,150,2024-07-23,858.06,Delivered,52
2596,1631,298,2024-12-02,480.66,Delivered,69
2597,61,143,2024-04-24,101.37,Pending,
2598,890,254,2024-07-18,187.65,Delivered,22
2599,1708,296,2024-04-13,205.08,Delivered,67
2600,1254,186,2024-01-14,167.08,Delivered,39
2601,1081,115,2024-05-22,212.15,Delivered,69
2602,1511,183,2024-11-26,1183.12,Pending,
2603,402,250,2024-11-24,675.59,Delivered,18
2604,1495,195,2024-11-17,478.17,Cancelled,
2605,903,214,2024-07-19,327.24,Cancelled,
2606,1814,136,2024-07-29,1039.95,Delivered,37
2607,40,243,2024-09-08,1114.98,Cancelled,
2608,1890,199,2024-03-23,891.59,Delivered,64
2609,1593,168,2024-12-29,833.57,Pending,
2610,539,118,2024-04-11,383.73,Delivered,20
2611,1920,134,2024-06-09,601.03,Delivered,27
2612,707,203,2024-12-04,1398.03,Cancelled,
2613,22,153,2024-03-25,1049.25,Delivered,53
2614,335,101,2024-04-22,1150.47,Delivered,67
2615,1052,272,2024-11-29,794.05,Delivered,39
2616,249,149,2024-11-04,1347.96,Pending,
2617,608,179,2024-11-03,1116.38,Delivered,70
2618,1186,183,2024-12-25,653.82,Pending,
2619,89,125,2024-05-25,1492.9,Delivered,43
2620,420,275,2024-11-06,657.7,Pending,
2621,222,137,2024-09-12,1034.19,Delivered,26
2622,154,104,2024-11-23,229.18,Cancelled,
2623,1832,251,2024-04-03,243.27,Delivered,31
2624,1064,208,2024-12-04,576.19,Cancelled,
2625,1607,288,2024-08-12,427.41,Delivered,70
2626,1693,160,2024-10-03,440.24,Delivered,69
2627,1056,146,2024-06-12,671.8,Delivered,29
2628,1173,293,2024-01-12,789.96,Pending,
2629,1473,263,2024-12-14,1397.95,Delivered,44
2630,980,280,2024-12-25,1413.47,Delivered,40
2631,1062,300,2024-01-08,611.12,Delivered,39
2632,1108,137,2024-12-23,339.32,Delivered,55
2633,716,184,2024-02-14,1489.01,Delivered,15
2634,1592,186,2024-08-17,1411.88,Delivered,40
2635,1167,139,2024-09-24,1011.82,Delivered,19
2636,1169,136,2024-11-25,1456.48,Delivered,50
2637,1210,237,2024-05-17,429.31,Pending,
2638,592,240,2024-03-22,277.62,Delivered,69
2639,678,109,2024-12-20,1121.49,Pending,
2640,888,285,2024-12-20,451.08,Delivered,56
2641,267,177,2024-06-21,1284.59,Pending,
2642,1134,262,2024-11-05,496.99,Cancelled,
2643,1283,240,2024-01-19,1073.39,Cancelled,
2644,188,192,2024-04-30,1353.27,Delivered,43
2645,800,223,2024-12-19,1460.95,Delivered,16
2646,1913,258,2024-07-13,1192.35,Delivered,61
2647,1286,270,2024-09-10,954.6,Cancelled,
2648,788,239,2024-12-09,904.43,Delivered,47
2649,1019,284,2024-03-07,548.16,Delivered,46
2650,1536,110,2024-09-29,545.56,Pending,
2651,2,203,2024-12-15,975.28,Delivered,38
2652,107,279,2024-11-01,1029.0,Delivered,63
2653,800,198,2024-06-18,1059.86,Delivered,16
2654,1379,132,2024-12-27,858.48,Delivered,69
2655,768,169,2024-12-29,833.02,Cancelled,
2656,1216,201,2024-11-22,1257.06,Delivered,26
2657,1308,164,2024-03-09,1056.94,Delivered,65
2658,802,157,2024-04-09,864.65,Delivered,36
2659,830,143,2024-12-13,1052.74,Delivered,26
2660,1092,295,2024-12-29,776.62,Delivered,39
2661,344,248,2024-12-30,924.77,Delivered,36
2662,1085,256,2024-07-08,243.11,Pending,
2663,218,244,2024-07-08,612.13,Cancelled,
2664,1063,168,2024-10-13,554.13,Delivered,63
2665,999,298,2024-05-13,413.89,Delivered,34
2666,1287,260,2024-12-13,1351.41,Delivered,68
2667,232,224,2024-03-25,165.65,Pending,
2668,1707,281,2024-11-15,476.79,Delivered,20
2669,1718,194,2024-11-19,223.49,Delivered,44
2670,221,184,2024-04-13,250.11,Delivered,38
2671,1269,155,2024-08-31,1118.98,Pending,
2672,200,161,2024-08-17,1292.18,Delivered,16
2673,1966,259,2024-12-24,309.56,Delivered,33
2674,1947,298,2024-01-19,1186.87,Delivered,44
2675,785,258,2024-03-03,1074.51,Pending,
2676,969,244,2024-12-16,1268.88,Cancelled,
2677,14,170,2024-04-30,1282.58,Pending,
2678,1143,297,2024-11-10,1346.26,Delivered,50
2679,1658,299,2024-01-30,1437.76,Pending,
2680,851,294,2024-08-14,491.35,Delivered,23
2681,1010,281,2024-11-21,1476.42,Delivered,49
2682,1295,187,2024-08-04,1450.35,Delivered,65
2683,1460,258,2024-12-02,280.46,Delivered,20
2684,1664,278,2024-06-19,135.55,Delivered,17
2685,88,140,2024-07-09,994.83,Delivered,19
2686,1963,161,2024-12-26,1256.14,Delivered,66
2687,668,182,2024-10-31,553.57,Cancelled,
2688,70,234,2024-12-10,695.96,Delivered,58
2689,206,173,2024-12-24,827.73,Delivered,39
2690,1202,259,2024-09-08,301.7,Delivered,42
2691,920,264,2024-05-29,1000.4,Delivered,62
2692,14,134,2024-09-20,1478.71,Delivered,38
2693,590,154,2024-02-05,836.16,Delivered,60
2694,1113,128,2024-04-07,1270.87,Delivered,27
2695,1243,137,2024-11-26,109.92,Delivered,54
2696,190,116,2024-01-05,1339.67,Pending,
2697,502,207,2024-11-10,385.54,Pending,
2698,949,189,2024-11-10,1173.71,Delivered,48
2699,1447,123,2024-03-31,1201.69,Delivered,45
2700,951,183,2024-11-23,886.86,Delivered,45
2701,278,198,2024-12-06,1418.99,Delivered,24
2702,1267,124,2024-12-08,1138.66,Delivered,57
2703,1135,162,2024-07-19,174.34,Delivered,60
2704,901,131,2024-03-30,188.65,Delivered,27
2705,908,284,2024-10-16,1017.55,Delivered,68
2706,1897,108,2024-11-11,317.27,Delivered,62
2707,844,144,2024-08-06,1219.16,Delivered,55
2708,621,161,2024-03-14,431.04,Delivered,35
2709,1338,194,2024-05-05,1205.09,Pending,
2710,417,182,2024-06-06,473.49,Delivered,46
2711,1485,266,2024-09-09,406.41,Delivered,33
2712,507,106,2024-05-13,1311.61,Cancelled,
2713,1252,284,2024-04-02,1350.58,Cancelled,
2714,6,148,2024-08-13,197.84,Delivered,36
2715,505,271,2024-08-27,1163.64,Cancelled,
2716,1473,129,2024-12-15,1353.54,Delivered,23
2717,1187,243,2024-09-22,440.24,Delivered,16
2718,1664,273,2024-02-20,288.6,Delivered,40
2719,1494,286,2024-10-07,363.82,Delivered,17
2720,544,295,2024-11-06,1235.17,Cancelled,
2721,1063,229,2024-10-18,713.72,Delivered,59
2722,1516,285,2024-07-09,1034.29,Delivered,26
2723,485,264,2024-02-01,1218.17,Delivered,27
2724,36,172,2024-04-30,1391.56,Delivered,67
2725,1173,247,2024-11-29,192.97,Delivered,28
2726,1786,287,2024-02-17,131.98,Delivered,56
2727,1183,143,2024-10-27,1148.99,Delivered,20
2728,621,151,2024-11-30,1315.0,Pending,
2729,395,115,2024-04-10,1376.32,Delivered,45
2730,170,154,2024-09-12,230.1,Delivered,24
2731,815,113,2024-03-18,261.78,Delivered,22
2732,1776,276,2024-08-23,674.16,Delivered,18
2733,236,256,2024-12-10,224.93,Delivered,39
2734,825,127,2024-11-11,158.59,Delivered,43
2735,279,286,2024-12-17,1395.74,Cancelled,
2736,1910,164,2024-12-09,1145.48,Delivered,17
2737,602,247,2024-11-24,572.24,Pending,
2738,28,270,2024-12-11,1327.62,Delivered,64
2739,1067,127,2024-12-20,494.86,Delivered,20
2740,583,106,2024-12-15,652.7,Pending,
2741,288,187,2024-10-22,1030.89,Delivered,24
2742,1222,174,2024-01-09,1275.99,Delivered,59
2743,1735,194,2024-06-28,1110.2,Delivered,66
2744,1520,289,2024-04-19,1101.94,Delivered,23
2745,1596,278,2024-01-09,1186.91,Delivered,44
2746,243,137,2024-11-27,1409.24,Pending,
2747,669,239,2024-06-06,1167.6,Delivered,28
2748,1734,107,2024-11-04,1343.34,Delivered,16
2749,289,224,2024-08-04,272.36,Delivered,45
2750,473,243,2024-01-31,332.89,Delivered,43
2751,1473,285,2024-08-08,696.68,Delivered,41
2752,468,134,2024-11-18,843.47,Delivered,36
2753,655,167,2024-03-22,1258.87,Delivered,29
2754,1437,282,2024-01-17,449.58,Delivered,16
2755,1262,193,2024-07-26,1439.22,Cancelled,
2756,755,209,2024-06-06,972.07,Delivered,43
2757,1209,274,2024-06-27,620.76,Delivered,68
2758,354,164,2024-12-23,249.0,Delivered,44
2759,890,101,2024-12-05,183.16,Delivered,66
2760,1605,232,2024-11-13,137.3,Delivered,50
2761,471,126,2024-05-21,1168.82,Delivered,46
2762,332,209,2024-10-05,118.38,Delivered,66
2763,1489,272,2024-02-24,307.38,Delivered,70
2764,1475,128,2024-12-26,185.12,Delivered,27
2765,1042,111,2024-02-22,445.1,Cancelled,
2766,1460,159,2024-11-03,1238.2,Delivered,38
2767,1987,236,2024-09-08,520.33,Delivered,26
2768,234,281,2024-11-01,891.18,Delivered,37
2769,1089,236,2024-08-16,696.27,Delivered,53
2770,520,228,2024-11-07,885.76,Delivered,27
2771,1375,299,2024-11-25,319.22,Cancelled,
2772,1889,166,2024-07-20,711.53,Delivered,20
2773,724,250,2024-11-15,1262.97,Cancelled,
2774,39,109,2024-11-17,664.18,Delivered,21
2775,637,185,2024-01-13,1157.13,Delivered,18
2776,916,251,2024-08-27,274.05,Delivered,17
2777,41,292,2024-10-26,430.33,Pending,
2778,140,284,2024-12-24,1301.09,Delivered,51
2779,7,181,2024-12-15,192.09,Delivered,17
2780,524,257,2024-01-20,1230.96,Delivered,56
2781,1701,254,2024-07-21,1196.66,Pending,
2782,1010,264,2024-11-04,378.13,Cancelled,
2783,1404,131,2024-07-14,944.18,Delivered,21
2784,842,198,2024-03-17,402.8,Delivered,18
2785,994,223,2024-05-07,426.62,Delivered,63
2786,661,212,2024-12-17,1064.44,Pending,
2787,1372,252,2024-10-25,895.85,Delivered,54
2788,914,104,2024-12-22,1375.5,Delivered,42
2789,1737,270,2024-11-13,754.18,Pending,
2790,944,239,2024-02-24,224.63,Delivered,68
2791,325,270,2024-01-15,983.15,Delivered,21
2792,1741,240,2024-02-12,429.3,Pending,
2793,1220,230,2024-10-26,728.01,Delivered,22
2794,172,214,2024-10-02,805.11,Delivered,57
2795,1041,108,2024-02-06,1458.71,Delivered,31
2796,623,237,2024-12-18,268.34,Delivered,48
2797,1051,289,2024-10-19,1476.0,Pending,
2798,766,213,2024-10-03,341.61,Delivered,31
2799,1107,112,2024-06-12,762.59,Delivered,68
2800,1726,147,2024-07-13,888.8,Delivered,53
2801,826,124,2024-12-08,217.65,Delivered,47
2802,1825,228,2024-10-29,478.58,Delivered,53
2803,1374,209,2024-09-15,310.61,Delivered,52
2804,1932,272,2024-09-01,1030.42,Delivered,32
2805,89,251,2024-12-31,265.08,Delivered,65
2806,1190,209,2024-11-27,161.63,Pending,
2807,1316,164,2024-11-18,1043.87,Pending,
2808,1144,158,2024-11-24,595.66,Cancelled,
2809,1190,269,2024-07-22,354.42,Delivered,53
2810,1897,208,2024-05-24,1269.12,Delivered,39
2811,1120,164,2024-11-09,701.03,Delivered,43
2812,1048,180,2024-11-28,116.26,Pending,
2813,693,127,2024-03-22,1473.72,Delivered,52
2814,1557,163,2024-07-27,485.3,Pending,
2815,257,101,2024-10-20,1444.22,Delivered,32
2816,1095,203,2024-09-13,419.13,Delivered,42
2817,282,167,2024-03-18,1486.83,Pending,
2818,912,255,2024-08-05,130.88,Delivered,20
2819,615,119,2024-12-23,258.12,Delivered,37
2820,1355,294,2024-11-23,1240.81,Delivered,60
2821,835,128,2024-11-30,1107.6,Delivered,36
2822,383,164,2024-11-16,549.7,Pending,
2823,194,203,2024-12-23,1080.46,Delivered,38
2824,1857,172,2024-09-10,302.5,Delivered,54
2825,200,210,2024-11-02,1322.26,Delivered,32
2826,58,246,2024-02-02,758.06,Cancelled,
2827,1837,292,2024-12-03,277.49,Delivered,53
2828,1103,247,2024-11-18,158.56,Pending,
2829,1959,287,2024-11-25,746.42,Pending,
2830,298,125,2024-11-28,479.22,Pending,
2831,1737,127,2024-06-16,971.57,Delivered,55
2832,772,168,2024-11-11,1028.44,Delivered,59
2833,1998,249,2024-11-12,869.37,Delivered,47
2834,781,246,2024-12-27,1313.43,Delivered,36
2835,1205,167,2024-12-03,169.02,Delivered,54
2836,277,285,2024-04-02,182.02,Cancelled,
2837,740,164,2024-07-14,1344.82,Delivered,37
2838,233,119,2024-08-04,1055.87,Delivered,29
2839,1706,253,2024-10-11,1230.51,Delivered,41
2840,644,164,2024-12-29,1006.67,Delivered,47
2841,1187,167,2024-12-08,178.14,Cancelled,
2842,16,113,2024-12-11,1011.86,Delivered,66
2843,279,177,2024-10-24,450.3,Delivered,33
2844,1886,197,2024-12-15,1311.26,Pending,
2845,1257,212,2024-07-29,170.0,Delivered,31
2846,332,104,2024-06-08,540.65,Delivered,46
2847,1549,214,2024-12-27,140.86,Cancelled,
2848,1603,179,2024-04-23,369.2,Pending,
2849,1650,256,2024-11-08,439.52,Delivered,31
2850,1637,204,2024-03-07,1296.0,Delivered,64
2851,858,187,2024-01-28,251.76,Delivered,53
2852,1246,189,2024-11-03,112.82,Delivered,25
2853,1753,148,2024-11-09,511.76,Cancelled,
2854,877,223,2024-08-30,534.86,Delivered,63
2855,648,257,2024-11-01,245.12,Delivered,32
2856,1453,126,2024-12-28,1461.38,Pending,
2857,1670,165,2024-09-21,995.19,Delivered,15
2858,1558,238,2024-11-30,924.33,Delivered,45
2859,1457,227,2024-03-06,374.24,Delivered,26
2860,1184,253,2024-07-02,721.72,Delivered,66
2861,560,215,2024-12-15,671.97,Delivered,69
2862,337,264,2024-02-08,306.18,Delivered,25
2863,110,153,2024-04-27,1129.58,Cancelled,
2864,701,159,2024-12-22,924.24,Delivered,70
2865,1542,237,2024-12-05,590.5,Delivered,38
2866,543,232,2024-11-08,272.77,Pending,
2867,1423,293,2024-11-20,1330.11,Delivered,66
2868,1541,169,2024-12-13,1422.4,Delivered,34
2869,1337,195,2024-11-29,573.95,Delivered,70
2870,404,120,2024-12-30,370.97,Cancelled,
2871,585,298,2024-09-08,1055.04,Delivered,0
2872,898,299,2024-04-15,440.05,Delivered,56
2873,1314,274,2024-09-07,337.61,Delivered,70
2874,1706,243,2024-12-16,337.6,Delivered,45
2875,725,283,2024-12-04,185.09,Delivered,53
2876,1606,200,2024-01-22,456.9,Delivered,17
2877,792,256,2024-04-27,555.0,Pending,
2878,1031,138,2024-12-27,421.21,Delivered,34
2879,25,110,2024-12-24,1202.97,Delivered,47
2880,142,284,2024-08-13,763.84,Delivered,47
2881,1854,118,2024-06-25,1484.46,Delivered,31
2882,521,272,2024-05-13,466.64,Delivered,67
2883,1089,154,2024-07-04,1063.81,Cancelled,
2884,1235,259,2024-12-15,1197.99,Delivered,15
2885,1315,276,2024-12-08,548.7,Delivered,24
2886,1100,217,2024-09-19,1025.5,Pending,
2887,1506,199,2024-10-17,910.99,Pending,
2888,1054,299,2024-12-26,1170.07,Delivered,34
2889,645,224,2024-03-09,1272.51,Delivered,32
2890,1720,216,2024-05-09,627.58,Delivered,66
2891,184,287,2024-10-03,1146.78,Delivered,60
2892,518,145,2024-12-27,385.23,Pending,
2893,1329,158,2024-03-24,830.05,Delivered,51
2894,1623,127,2024-11-07,1479.46,Pending,
2895,1024,108,2024-03-21,1421.18,Delivered,26
2896,1059,232,2024-12-30,909.3,Delivered,25
2897,299,132,2024-11-07,120.86,Delivered,26
2898,1821,101,2024-12-14,830.83,Cancelled,
2899,889,198,2024-12-28,141.72,Pending,
2900,1884,274,2024-07-16,270.38,Pending,
2901,172,176,2024-11-24,1215.6,Delivered,18
2902,1879,286,2024-12-05,505.11,Delivered,56
2903,500,265,2024-10-28,814.47,Delivered,65
2904,989,171,2024-10-08,998.12,Delivered,35
2905,634,205,2024-10-28,542.95,Delivered,17
2906,8,151,2024-01-09,739.86,Delivered,26
2907,8,195,2024-05-22,1420.84,Delivered,43
2908,1709,120,2024-12-27,1064.64,Delivered,42
2909,1992,272,2024-05-17,228.84,Delivered,56
2910,805,195,2024-11-05,1092.54,Delivered,33
2911,4,215,2024-02-21,658.35,Delivered,64
2912,1267,221,2024-12-09,121.06,Pending,
2913,1557,150,2024-10-07,383.22,Pending,
2914,289,197,2024-10-17,890.44,Delivered,25
2915,796,256,2024-01-08,839.14,Pending,
2916,888,243,2024-11-21,892.05,Cancelled,
2917,1084,275,2024-09-05,1194.22,Delivered,38
2918,63,195,2024-08-07,352.85,Cancelled,
2919,1729,120,2024-07-12,132.72,Delivered,23
2920,46,123,2024-12-26,1082.16,Delivered,44
2921,1740,262,2024-10-13,1263.45,Delivered,39
2922,31,178,2024-10-10,1296.69,Delivered,23
2923,1927,119,2024-07-03,569.86,Delivered,22
2924,944,225,2024-12-27,226.3,Delivered,46
2925,608,199,2024-02-08,235.2,Pending,
2926,297,172,2024-12-15,929.11,Delivered,42
2927,546,146,2024-12-08,1420.24,Delivered,47
2928,1204,120,2024-12-28,1334.3,Delivered,61
2929,1498,194,2024-11-08,247.33,Pending,
2930,710,275,2024-12-01,1266.81,Delivered,35
2931,892,300,2024-01-02,1282.89,Delivered,23
2932,1730,194,2024-01-01,1094.43,Delivered,61
2933,102,117,2024-04-22,1395.48,Delivered,41
2934,564,114,2024-04-18,1258.19,Delivered,69
2935,1771,221,2024-09-14,328.14,Pending,
2936,1252,184,2024-05-23,107.08,Delivered,46
2937,1066,267,2024-09-21,355.88,Delivered,60
2938,927,162,2024-11-26,201.48,Pending,
2939,1893,298,2024-09-03,192.28,Delivered,50
2940,1314,279,2024-01-31,228.05,Delivered,15
2941,1251,146,2024-02-25,1473.48,Delivered,35
2942,381,210,2024-12-26,161.07,Delivered,29
2943,1940,213,2024-12-06,290.63,Delivered,17
2944,947,119,2024-10-30,539.47,Delivered,15
2945,1960,224,2024-12-14,1261.97,Delivered,47
2946,1176,180,2024-06-16,1078.78,Delivered,66
2947,1323,137,2024-09-24,755.66,Pending,
2948,1174,155,2024-07-30,582.46,Delivered,32
2949,1960,221,2024-07-30,1270.87,Delivered,54
2950,1625,285,2024-03-13,1468.37,Delivered,66
2951,637,238,2024-12-27,1178.72,Delivered,17
2952,529,186,2024-11-22,1184.56,Delivered,29
2953,1403,147,2024-12-27,515.48,Delivered,43
2954,525,235,2024-05-03,572.35,Delivered,41
2955,1086,116,2024-05-19,1470.62,Delivered,17
2956,1527,210,2024-10-28,867.14,Delivered,34
2957,1907,239,2024-10-07,525.1,Delivered,35
2958,1639,159,2024-11-18,1456.67,Delivered,40
2959,1874,136,2024-06-18,567.59,Cancelled,
2960,1672,214,2024-12-26,170.17,Delivered,43
2961,1270,186,2024-07-05,1445.29,Delivered,28
2962,1157,147,2024-01-05,931.69,Pending,
2963,1919,186,2024-06-15,250.0,Cancelled,
2964,1289,280,2024-11-01,1032.52,Delivered,29
2965,205,122,2024-08-24,1190.47,Delivered,21
2966,1231,276,2024-11-21,1227.62,Cancelled,
2967,1397,200,2024-12-14,348.01,Delivered,40
2968,1469,259,2024-04-29,541.18,Delivered,59
2969,1927,122,2024-01-01,1350.16,Delivered,26
2970,897,181,2024-10-16,600.28,Delivered,15
2971,324,207,2024-12-24,1386.56,Delivered,35
2972,228,187,2024-12-16,1402.7,Delivered,66
2973,1341,276,2024-05-12,716.22,Delivered,17
2974,898,173,2024-12-23,789.24,Cancelled,
2975,1443,149,2024-08-25,932.94,Delivered,37
2976,1451,291,2024-07-06,1001.48,Delivered,57
2977,1539,117,2024-11-25,502.98,Delivered,34
2978,1583,285,2024-12-14,1356.17,Delivered,15
2979,569,190,2024-11-02,1329.6,Delivered,17
2980,1038,257,2024-05-25,190.17,Pending,
2981,615,261,2024-02-18,1437.58,Delivered,54
2982,1263,145,2024-07-02,584.55,Delivered,38
2983,1405,246,2024-11-02,605.88,Delivered,17
2984,122,205,2024-10-18,1416.8,Delivered,56
2985,40,202,2024-10-07,182.31,Pending,
2986,793,284,2024-05-14,161.72,Delivered,45
2987,1026,169,2024-03-05,1103.32,Delivered,57
2988,397,246,2024-06-06,913.47,Delivered,70
2989,461,106,2024-12-01,741.87,Delivered,36
2990,672,103,2024-12-10,587.11,Delivered,19
2991,1011,155,2024-06-09,457.15,Delivered,26
2992,586,128,2024-05-10,357.28,Delivered,55
2993,383,270,2024-12-25,1190.74,Delivered,65
2994,454,179,2024-11-06,197.64,Delivered,51
2995,82,265,2024-08-03,1274.5,Delivered,37
2996,501,102,2024-10-03,878.1,Delivered,47
2997,519,163,2024-12-26,1363.99,Delivered,39
2998,805,214,2024-11-08,962.77,Delivered,33
2999,1836,274,2024-12-29,1376.93,Delivered,63
3000,1795,245,2024-10-05,731.61,Delivered,20
3001,351,252,2024-08-04,536.36,Delivered,17
3002,473,162,2024-04-01,1216.28,Delivered,44
3003,758,191,2024-02-09,458.17,Cancelled,
3004,1823,107,2024-03-05,101.54,Cancelled,
3005,235,124,2024-03-23,415.91,Pending,
3006,13,147,2024-12-14,1440.41,Delivered,56
3007,1629,256,2024-03-28,194.54,Pending,
3008,1610,132,2024-09-07,1111.91,Delivered,51
3009,194,212,2024-11-07,804.39,Delivered,49
3010,761,186,2024-02-11,1122.46,Delivered,51
3011,1536,219,2024-08-28,334.47,Delivered,39
3012,1139,233,2024-11-03,1150.58,Delivered,30
3013,981,237,2024-12-24,945.42,Delivered,19
3014,1122,197,2024-03-20,811.93,Cancelled,
3015,1842,145,2024-05-21,564.38,Delivered,70
3016,110,269,2024-12-02,293.34,Cancelled,
3017,333,101,2024-12-05,399.25,Delivered,49
3018,262,261,2024-04-27,289.38,Delivered,18
3019,517,123,2024-12-01,1482.36,Delivered,61
3020,270,292,2024-02-26,192.45,Delivered,51
3021,1234,282,2024-10-31,1042.38,Delivered,23
3022,74,263,2024-11-03,487.8,Delivered,29
3023,1746,134,2024-11-28,797.24,Delivered,59
3024,1794,127,2024-12-15,371.55,Delivered,47
3025,192,207,2024-11-03,670.02,Delivered,27
3026,6,275,2024-01-30,582.21,Delivered,68
3027,902,217,2024-07-22,1364.33,Delivered,54
3028,1101,158,2024-11-04,1057.3,Delivered,53
3029,184,207,2024-12-17,1469.59,Delivered,45
3030,612,197,2024-01-21,1304.84,Delivered,52
3031,1535,236,2024-12-30,1199.22,Delivered,30
3032,1725,290,2024-05-21,193.63,Delivered,40
3033,333,139,2024-04-13,1414.44,Delivered,46
3034,29,229,2024-11-25,880.05,Delivered,68
3035,856,201,2024-01-21,636.43,Delivered,24
3036,173,247,2024-07-20,606.87,Delivered,34
3037,1191,174,2024-05-10,520.7,Delivered,43
3038,1977,211,2024-04-10,1058.8,Delivered,60
3039,461,246,2024-01-05,523.22,Delivered,25
3040,930,149,2024-11-10,639.48,Delivered,68
3041,241,123,2024-11-09,458.02,Delivered,57
3042,282,290,2024-12-11,876.73,Delivered,32
3043,1380,139,2024-12-02,1290.21,Delivered,49
3044,1506,227,2024-10-31,1430.52,Delivered,62
3045,1276,205,2024-11-15,1114.1,Delivered,57
3046,1231,247,2024-05-14,408.84,Pending,
3047,694,162,2024-05-24,1426.13,Delivered,38
3048,1366,115,2024-04-30,414.88,Delivered,27
3049,1945,109,2024-05-03,208.57,Delivered,69
3050,1370,236,2024-01-15,623.41,Delivered,38
3051,1769,220,2024-07-18,1382.59,Delivered,46
3052,678,217,2024-12-30,1352.88,Delivered,61
3053,1582,263,2024-11-12,604.69,Delivered,42
3054,760,245,2024-05-18,650.24,Pending,
3055,783,117,2024-05-23,277.06,Delivered,36
3056,585,195,2024-12-14,1371.56,Delivered,68
3057,1919,259,2024-06-05,811.26,Delivered,26
3058,1558,203,2024-06-14,1201.14,Delivered,51
3059,781,202,2024-11-28,354.41,Delivered,15
3060,929,171,2024-11-23,1187.69,Delivered,32
3061,372,199,2024-12-22,500.28,Delivered,56
3062,1116,250,2024-12-20,1356.16,Delivered,67
3063,239,178,2024-06-07,398.89,Delivered,43
3064,1161,206,2024-12-19,741.06,Delivered,58
3065,1851,105,2024-12-11,1060.76,Delivered,46
3066,1926,236,2024-03-26,298.92,Delivered,20
3067,755,287,2024-02-17,1382.61,Pending,
3068,576,182,2024-11-23,1241.9,Delivered,62
3069,1836,146,2024-09-15,1216.51,Delivered,32
3070,1729,275,2024-12-13,797.28,Delivered,46
3071,398,265,2024-11-27,1407.26,Delivered,59
3072,1084,206,2024-03-16,411.59,Cancelled,
3073,948,216,2024-11-27,660.43,Delivered,41
3074,386,150,2024-02-27,490.12,Delivered,56
3075,1695,112,2024-11-18,1080.37,Delivered,67
3076,900,238,2024-12-29,1410.47,Delivered,56
3077,1064,269,2024-01-19,135.44,Delivered,45
3078,1754,275,2024-11-08,192.0,Delivered,35
3079,949,270,2024-04-09,267.88,Delivered,53
3080,617,159,2024-12-20,1208.46,Delivered,63
3081,816,236,2024-12-21,221.58,Delivered,17
3082,407,132,2024-12-09,584.21,Delivered,48
3083,1589,201,2024-12-16,137.5,Delivered,51
3084,1488,262,2024-05-06,581.56,Delivered,54
3085,722,269,2024-04-30,307.7,Delivered,55
3086,1420,298,2024-04-26,1079.03,Delivered,48
3087,1236,256,2024-11-18,609.03,Cancelled,
3088,1416,278,2024-04-23,1194.6,Delivered,23
3089,465,209,2024-09-16,590.01,Delivered,45
3090,814,124,2024-10-09,1466.57,Delivered,47
3091,384,200,2024-03-02,1170.29,Delivered,68
3092,1749,152,2024-02-20,119.82,Delivered,24
3093,812,126,2024-10-10,411.17,Pending,
3094,1389,244,2024-04-03,1088.52,Cancelled,
3095,1365,262,2024-12-28,1166.86,Pending,
3096,1761,167,2024-09-01,380.43,Cancelled,
3097,1544,168,2024-11-13,1471.55,Delivered,59
3098,313,137,2024-12-30,811.7,Delivered,63
3099,1245,175,2024-11-09,584.55,Delivered,60
3100,1671,271,2024-11-19,1304.33,Delivered,61
3101,1963,191,2024-07-12,356.26,Delivered,28
3102,762,268,2024-11-24,439.14,Cancelled,
3103,1771,163,2024-12-11,260.64,Delivered,32
3104,813,276,2024-05-21,246.36,Delivered,15
3105,995,272,2024-12-24,882.45,Delivered,64
3106,250,268,2024-03-17,118.97,Delivered,29
3107,1587,199,2024-12-12,180.26,Delivered,57
3108,818,159,2024-08-30,1019.59,Delivered,19
3109,643,288,2024-11-30,163.05,Delivered,31
3110,1165,119,2024-11-16,1023.56,Delivered,20
3111,877,285,2024-11-04,892.72,Delivered,36
3112,878,170,2024-12-29,1038.74,Delivered,52
3113,434,252,2024-12-05,795.31,Delivered,18
3114,978,101,2024-01-10,455.07,Delivered,25
3115,1366,104,2024-12-25,1012.84,Delivered,23
3116,1493,270,2024-11-19,202.61,Delivered,51
3117,499,293,2024-11-13,664.95,Pending,
3118,1161,266,2024-01-19,892.95,Pending,
3119,972,156,2024-11-27,786.77,Cancelled,
3120,474,121,2024-04-04,284.59,Delivered,58
3121,1566,108,2024-06-22,1073.63,Pending,
3122,1096,260,2024-10-05,688.5,Delivered,68
3123,1306,154,2024-12-16,900.33,Delivered,27
3124,237,255,2024-12-19,635.12,Delivered,27
3125,64,232,2024-10-23,991.71,Delivered,29
3126,256,138,2024-11-07,920.53,Delivered,68
3127,49,299,2024-12-21,629.39,Delivered,51
3128,1311,217,2024-05-25,771.91,Delivered,15
3129,288,208,2024-08-25,653.9,Delivered,49
3130,1363,296,2024-07-24,516.84,Cancelled,
3131,1215,216,2024-02-15,687.71,Delivered,39
3132,1824,189,2024-01-18,459.7,Delivered,17
3133,48,205,2024-11-20,1078.64,Cancelled,
3134,408,110,2024-07-16,1465.07,Delivered,54
3135,382,219,2024-02-26,1335.82,Delivered,23
3136,1166,279,2024-06-13,388.24,Delivered,52
3137,955,285,2024-11-23,589.67,Delivered,48
3138,330,219,2024-04-15,697.19,Delivered,20
3139,1748,181,2024-09-25,969.07,Pending,
3140,1722,246,2024-11-09,650.86,Delivered,41
3141,1347,212,2024-11-21,1155.21,Delivered,62
3142,454,179,2024-02-07,1208.39,Delivered,54
3143,249,202,2024-11-04,924.72,Delivered,68
3144,1446,167,2024-11-28,499.12,Delivered,41
3145,541,105,2024-12-12,1271.48,Pending,
3146,351,138,2024-12-07,559.46,Delivered,23
3147,1240,286,2024-04-21,1483.66,Pending,
3148,1316,298,2024-10-25,1301.39,Delivered,21
3149,511,141,2024-10-31,1496.79,Cancelled,
3150,265,116,2024-02-28,1304.59,Delivered,45
3151,670,178,2024-09-22,586.85,Delivered,55
3152,1454,206,2024-08-29,1220.49,Delivered,69
3153,1593,133,2024-10-31,160.08,Delivered,51
3154,887,178,2024-02-02,307.73,Delivered,51
3155,112,108,2024-12-17,1324.5,Delivered,23
3156,1595,130,2024-12-25,746.06,Delivered,70
3157,730,236,2024-07-19,366.44,Delivered,55
3158,1388,221,2024-10-11,1415.89,Delivered,51
3159,1249,156,2024-05-13,1088.14,Pending,
3160,612,149,2024-11-20,655.17,Delivered,20
3161,149,158,2024-10-08,619.38,Delivered,33
3162,1824,147,2024-11-26,320.6,Delivered,17
3163,1758,164,2024-11-29,509.86,Delivered,41
3164,426,268,2024-11-19,424.79,Cancelled,
3165,1463,249,2024-12-20,1044.72,Delivered,65
3166,1683,239,2024-01-17,873.04,Delivered,60
3167,1450,137,2024-05-23,634.0,Delivered,24
3168,1815,268,2024-12-12,1461.19,Cancelled,
3169,1822,174,2024-11-16,363.65,Delivered,34
3170,426,182,2024-11-14,851.19,Delivered,18
3171,335,142,2024-11-08,1422.05,Delivered,40
3172,693,147,2024-06-21,1121.77,Delivered,27
3173,412,135,2024-03-19,973.05,Delivered,15
3174,280,105,2024-11-25,903.06,Delivered,28
3175,419,103,2024-11-14,376.18,Delivered,44
3176,904,118,2024-03-03,1038.46,Delivered,65
3177,935,194,2024-01-06,712.56,Delivered,24
3178,1590,223,2024-06-26,1151.27,Delivered,30
3179,1841,292,2024-11-17,998.46,Delivered,18
3180,161,145,2024-10-24,878.58,Delivered,67
3181,999,144,2024-11-13,479.19,Delivered,17
3182,261,239,2024-11-04,1425.17,Delivered,20
3183,931,284,2024-11-10,1026.68,Delivered,33
3184,107,196,2024-12-22,1330.14,Delivered,68
3185,531,270,2024-08-24,1121.51,Delivered,68
3186,1879,222,2024-12-19,793.27,Delivered,41
3187,217,260,2024-11-03,1410.0,Delivered,31
3188,103,199,2024-10-04,418.35,Cancelled,
3189,316,274,2024-03-16,575.27,Delivered,26
3190,319,182,2024-10-26,1194.72,Delivered,39
3191,808,295,2024-12-30,456.61,Pending,
3192,,290,2024-11-15,779.65,Delivered,43
3193,1175,297,2024-04-05,239.62,Delivered,20
3194,97,131,2024-09-19,158.75,Delivered,59
3195,1133,207,2024-11-10,170.0,Delivered,44
3196,1752,113,2024-09-05,507.89,Delivered,66
3197,1289,158,2024-06-29,245.0,Delivered,59
3198,727,146,2024-02-26,791.59,Delivered,26
3199,292,227,2024-05-10,449.68,Pending,
3200,931,147,2024-11-23,1300.02,Delivered,24
3201,232,197,2024-12-13,548.7,Delivered,52
3202,1801,266,2024-04-08,1372.28,Delivered,59
3203,1106,151,2024-11-18,512.2,Cancelled,
3204,1797,105,2024-12-23,825.99,Pending,
3205,1228,249,2024-01-07,479.35,Delivered,66
3206,341,103,2024-11-10,1056.36,Pending,
3207,,190,2024-12-19,1324.94,Delivered,65
3208,1397,215,2024-11-15,1082.79,Delivered,40
3209,875,263,2024-03-22,1426.68,Delivered,41
3210,478,169,2024-12-28,797.21,Delivered,65
3211,350,141,2024-10-17,315.06,Delivered,20
3212,1815,203,2024-11-05,298.46,Delivered,16
3213,1340,195,2024-03-21,311.27,Delivered,22
3214,147,183,2024-07-29,405.71,Delivered,52
3215,651,181,2024-12-24,914.19,Delivered,42
3216,501,219,2024-03-19,1004.05,Delivered,67
3217,1275,286,2024-12-18,1435.54,Delivered,42
3218,773,120,2024-11-16,972.9,Delivered,56
3219,1370,242,2024-11-12,386.67,Delivered,29
3220,1341,238,2024-01-21,161.05,Pending,
3221,1745,158,2024-03-21,189.93,Delivered,26
3222,1742,139,2024-12-23,342.05,Delivered,38
3223,1535,176,2024-02-27,1095.72,Pending,
3224,315,212,2024-10-01,799.3,Delivered,34
3225,1831,103,2024-12-07,253.63,Delivered,31
3226,1140,238,2024-11-19,1484.35,Delivered,68
3227,1714,273,2024-12-20,643.57,Pending,
3228,1876,228,2024-09-25,772.62,Delivered,48
3229,671,299,2024-07-17,992.93,Delivered,70
3230,818,292,2024-12-17,266.25,Delivered,61
3231,265,156,2024-11-11,256.51,Delivered,60
3232,1905,212,2024-04-01,205.15,Delivered,16
3233,626,277,2024-11-18,328.33,Delivered,49
3234,445,129,2024-12-01,1412.73,Delivered,20
3235,965,258,2024-07-27,923.38,Delivered,51
3236,1415,235,2024-11-10,819.16,Delivered,22
3237,1507,241,2024-11-14,1325.26,Delivered,41
3238,43,289,2024-03-27,1088.72,Delivered,15
3239,713,151,2024-10-03,571.32,Pending,
3240,812,149,2024-01-02,550.47,Delivered,35
3241,1659,146,2024-12-26,841.24,Delivered,50
3242,1454,101,2024-10-10,1064.76,Delivered,68
3243,1660,258,2024-12-19,890.38,Delivered,18
3244,924,202,2024-08-09,329.62,Cancelled,
3245,1549,212,2024-04-26,348.23,Pending,
3246,1822,153,2024-09-13,953.18,Delivered,58
3247,1618,153,2024-11-30,670.51,Delivered,47
3248,689,263,2024-12-10,1448.87,Delivered,26
3249,815,217,2024-11-27,873.01,Delivered,15
3250,1994,120,2024-12-12,808.18,Delivered,27
3251,1844,158,2024-03-19,238.81,Pending,
3252,1740,231,2024-04-24,589.06,Delivered,44
3253,1510,254,2024-02-02,839.7,Delivered,60
3254,1921,296,2024-12-24,127.7,Cancelled,
3255,1010,199,2024-11-02,691.49,Delivered,67
3256,1192,143,2024-12-27,1408.07,Pending,
3257,206,268,2024-05-06,1178.45,Delivered,44
3258,1243,214,2024-02-29,744.9,Pending,
3259,1423,129,2024-10-30,686.6,Pending,
3260,1318,164,2024-06-02,589.92,Cancelled,
3261,365,289,2024-03-18,1082.09,Delivered,38
3262,1426,203,2024-03-28,956.29,Delivered,51
3263,1699,125,2024-11-28,385.8,Pending,
3264,1215,245,2024-03-24,580.8,Delivered,53
3265,559,272,2024-11-21,112.65,Cancelled,
3266,1512,177,2024-10-23,1306.31,Delivered,43
3267,550,261,2024-11-12,676.81,Delivered,19
3268,1566,213,2024-07-21,778.2,Pending,
3269,8,242,2024-08-22,529.79,Cancelled,
3270,523,244,2024-11-12,1290.85,Delivered,40
3271,565,120,2024-04-09,1223.82,Pending,
3272,1735,178,2024-11-29,439.54,Cancelled,
3273,1063,262,2024-11-25,1126.31,Pending,
3274,1656,237,2024-11-24,510.15,Pending,
3275,58,168,2024-10-31,1209.27,Delivered,57
3276,1311,232,2024-01-06,557.33,Delivered,22
3277,1712,109,2024-11-08,1445.65,Delivered,40
3278,820,175,2024-02-01,125.31,Pending,
3279,367,170,2024-05-09,602.0,Delivered,64
3280,454,101,2024-10-03,902.39,Delivered,70
3281,1364,111,2024-11-19,1033.46,Pending,
3282,1129,161,2024-08-30,466.68,Delivered,50
3283,712,207,2024-05-01,120.4,Cancelled,
3284,1615,195,2024-01-25,100.88,Delivered,58
3285,707,285,2024-12-13,664.62,Delivered,56
3286,417,105,2024-07-02,642.36,Delivered,50
3287,535,297,2024-08-12,1470.25,Delivered,42
3288,920,246,2024-12-18,771.79,Delivered,56
3289,243,236,2024-07-31,1329.46,Delivered,16
3290,232,262,2024-08-06,621.31,Delivered,18
3291,473,170,2024-06-04,1429.57,Delivered,23
3292,1232,253,2024-07-20,777.53,Delivered,42
3293,1145,203,2024-07-10,330.77,Delivered,39
3294,291,300,2024-11-20,1374.23,Delivered,70
3295,979,136,2024-11-27,1175.37,Delivered,69
3296,371,132,2024-06-18,430.28,Delivered,43
3297,1625,108,2024-11-19,772.56,Delivered,34
3298,1109,174,2024-06-15,621.31,Delivered,53
3299,896,184,2024-12-24,1253.73,Delivered,49
3300,462,181,2024-12-23,214.57,Delivered,33
3301,683,287,2024-11-06,332.71,Delivered,15
3302,1518,164,2024-12-03,358.77,Delivered,70
3303,140,284,2024-05-01,1392.39,Delivered,55
3304,1987,219,2024-08-05,1181.36,Pending,
3305,1316,240,2024-11-12,585.11,Delivered,60
3306,1383,183,2024-03-28,353.32,Delivered,25
3307,1396,189,2024-12-24,537.68,Delivered,22
3308,1029,184,2024-11-10,217.65,Delivered,18
3309,689,114,2024-11-22,166.03,Delivered,53
3310,190,167,2024-06-06,476.94,Delivered,63
3311,750,264,2024-12-19,297.6,Cancelled,
3312,1790,236,2024-05-31,256.99,Cancelled,
3313,244,192,2024-12-25,1228.09,Cancelled,
3314,409,167,2024-12-27,944.25,Delivered,36
3315,474,226,2024-01-16,411.14,Delivered,48
3316,446,208,2024-12-20,196.11,Delivered,30
3317,1691,265,2024-11-03,1472.56,Delivered,17
3318,1051,222,2024-03-30,1236.92,Pending,
3319,140,191,2024-09-02,860.63,Delivered,15
3320,585,243,2024-06-10,1057.98,Delivered,26
3321,251,214,2024-07-28,557.4,Delivered,35
3322,1493,158,2024-09-19,170.0,Pending,
3323,1157,128,2024-12-17,769.71,Delivered,32
3324,1781,198,2024-09-02,719.77,Delivered,25
3325,1214,202,2024-02-03,1481.71,Delivered,28
3326,1667,202,2024-12-08,905.83,Delivered,55
3327,1626,211,2024-12-27,578.04,Delivered,59
3328,76,129,2024-12-08,875.75,Cancelled,
3329,467,248,2024-12-27,427.53,Delivered,25
3330,195,281,2024-12-08,673.44,Pending,
3331,595,174,2024-11-18,645.81,Pending,
3332,1591,233,2024-12-18,1414.83,Cancelled,
3333,,195,2024-10-14,1375.17,Delivered,67
3334,1588,226,2024-12-15,899.42,Pending,
3335,259,233,2024-10-30,171.88,Delivered,19
3336,904,291,2024-10-02,952.88,Delivered,67
3337,282,177,2024-04-06,995.02,Cancelled,
3338,1841,121,2024-06-17,1150.86,Pending,
3339,613,168,2024-02-20,1205.87,Delivered,42
3340,1017,295,2024-09-24,1492.88,Pending,
3341,215,122,2024-11-13,993.47,Delivered,48
3342,1030,188,2024-10-01,259.71,Delivered,51
3343,504,257,2024-09-08,1268.01,Delivered,32
3344,1936,187,2024-01-12,1133.04,Delivered,68
3345,216,214,2024-01-25,618.57,Delivered,50
3346,1765,209,2024-10-26,390.82,Delivered,20
3347,1287,269,2024-12-02,853.85,Delivered,63
3348,1479,219,2024-01-07,1176.32,Delivered,27
3349,260,273,2024-03-03,270.6,Delivered,65
3350,1198,121,2024-12-31,1300.71,Delivered,69
3351,1175,222,2024-12-11,1312.6,Delivered,22
3352,499,286,2024-10-20,182.7,Pending,
3353,672,237,2024-09-14,1104.05,Delivered,33
3354,672,116,2024-06-02,397.05,Cancelled,
3355,424,203,2024-11-21,1405.73,Pending,
3356,1017,153,2024-07-24,295.81,Cancelled,
3357,162,156,2024-09-17,1108.87,Delivered,51
3358,503,154,2024-11-12,184.5,Delivered,55
3359,684,240,2024-12-25,1467.2,Delivered,20
3360,752,263,2024-08-18,1031.92,Delivered,56
3361,685,199,2024-05-02,918.7,Delivered,37
3362,711,130,2024-11-18,444.54,Delivered,57
3363,,231,2024-08-29,780.62,Cancelled,
3364,58,141,2024-08-03,1495.48,Delivered,41
3365,10,188,2024-05-31,347.92,Delivered,39
3366,1654,166,2024-12-22,1086.71,Delivered,19
3367,72,127,2024-12-22,746.56,Delivered,55
3368,1827,153,2024-12-25,1245.39,Delivered,41
3369,1697,168,2024-11-23,1448.67,Delivered,27
3370,1371,244,2024-03-10,786.58,Delivered,15
3371,541,137,2024-04-16,691.11,Pending,
3372,1787,127,2024-11-16,1047.01,Cancelled,
3373,238,236,2024-04-27,928.77,Delivered,16
3374,1179,206,2024-01-23,685.74,Delivered,31
3375,1424,294,2024-12-03,1304.37,Delivered,51
3376,356,145,2024-05-22,1413.88,Pending,
3377,931,296,2024-11-20,1156.16,Delivered,22
3378,1753,281,2024-12-23,1173.69,Pending,
3379,1534,217,2024-12-01,272.6,Delivered,27
3380,44,265,2024-10-10,1443.8,Delivered,65
3381,217,294,2024-05-18,1185.92,Delivered,27
3382,625,154,2024-09-24,1361.6,Pending,
3383,1011,153,2024-08-14,1012.66,Delivered,47
3384,456,288,2024-11-25,497.55,Cancelled,
3385,921,104,2024-02-18,425.57,Delivered,53
3386,26,260,2024-06-27,370.2,Delivered,16
3387,382,240,2024-11-08,588.15,Delivered,17
3388,1893,168,2024-12-24,338.54,Delivered,20
3389,1252,109,2024-07-01,730.29,Delivered,15
3390,550,295,2024-11-01,179.24,Cancelled,
3391,1413,252,2024-05-19,239.59,Delivered,25
3392,555,196,2024-05-02,1276.26,Delivered,18
3393,1273,224,2024-06-07,238.31,Delivered,24
3394,1538,171,2024-08-26,139.43,Pending,
3395,973,139,2024-05-10,1311.77,Delivered,28
3396,376,146,2024-09-10,1278.77,Delivered,26
3397,594,104,2024-12-26,1071.46,Delivered,26
3398,859,126,2024-12-23,970.6,Delivered,27
3399,626,198,2024-02-20,1062.56,Delivered,18
3400,973,104,2024-11-25,728.11,Delivered,18
3401,1914,139,2024-01-17,932.38,Delivered,40
3402,1830,207,2024-02-05,899.74,Delivered,41
3403,1963,240,2024-01-06,574.55,Cancelled,
3404,1239,181,2024-11-06,792.91,Delivered,36
3405,1957,245,2024-01-14,1217.94,Delivered,54
3406,946,123,2024-12-19,148.45,Cancelled,
3407,352,142,2024-11-13,856.75,Delivered,51
3408,85,291,2024-02-08,1017.12,Cancelled,
3409,292,148,2024-12-21,1253.08,Delivered,70
3410,1889,282,2024-07-27,1209.29,Cancelled,
3411,228,246,2024-12-21,1489.93,Delivered,45
3412,1709,102,2024-06-05,442.83,Delivered,24
3413,1690,158,2024-05-30,1299.56,Delivered,26
3414,739,137,2024-11-25,121.56,Delivered,26
3415,440,251,2024-11-05,298.68,Delivered,52
3416,557,179,2024-08-16,1216.97,Cancelled,
3417,1810,147,2024-01-12,391.54,Delivered,41
3418,1314,261,2024-02-18,414.51,Delivered,45
3419,838,121,2024-11-04,1245.68,Pending,
3420,50,274,2024-12-30,582.92,Delivered,52
3421,1107,190,2024-11-02,283.98,Delivered,51
3422,1367,129,2024-12-29,851.83,Delivered,25
3423,1650,211,2024-07-26,1490.71,Delivered,61
3424,1243,238,2024-05-10,770.56,Delivered,65
3425,1800,232,2024-03-05,399.45,Delivered,18
3426,1860,103,2024-05-17,536.75,Delivered,16
3427,1047,292,2024-12-22,1020.29,Delivered,51
3428,225,247,2024-11-18,967.6,Delivered,20
3429,896,177,2024-11-25,899.79,Pending,
3430,1912,297,2024-04-13,650.25,Delivered,68
3431,405,184,2024-05-22,856.47,Pending,
3432,896,170,2024-01-21,805.84,Delivered,29
3433,1176,236,2024-05-20,704.37,Delivered,60
3434,1753,103,2024-11-10,379.02,Cancelled,
3435,1406,291,2024-10-31,602.99,Delivered,15
3436,1800,154,2024-01-02,185.34,Delivered,50
3437,1063,197,2024-11-18,1141.29,Delivered,44
3438,491,252,2024-10-31,104.7,Pending,
3439,1171,297,2024-02-16,269.85,Delivered,40
3440,1635,101,2024-12-31,1298.22,Delivered,39
3441,1163,293,2024-03-18,1248.56,Delivered,58
3442,1013,152,2024-10-24,1042.56,Cancelled,
3443,1516,284,2024-07-17,112.47,Delivered,34
3444,1113,122,2024-10-07,695.36,Delivered,39
3445,502,111,2024-12-28,935.42,Pending,
3446,568,276,2024-11-27,266.24,Delivered,61
3447,1711,163,2024-02-12,1401.4,Pending,
3448,1808,122,2024-12-12,945.78,Delivered,59
3449,531,185,2024-10-20,1447.99,Delivered,24
3450,1993,105,2024-11-16,1226.89,Delivered,19
3451,744,153,2024-11-15,488.83,Delivered,16
3452,915,183,2024-10-21,950.09,Delivered,33
3453,1192,281,2024-11-25,704.72,Delivered,60
3454,110,125,2024-11-08,473.8,Delivered,66
3455,286,281,2024-02-16,1064.21,Delivered,23
3456,1337,157,2024-11-01,1391.42,Delivered,15
3457,306,201,2024-12-03,585.31,Delivered,46
3458,537,277,2024-11-08,754.6,Delivered,55
3459,1989,150,2024-03-22,1431.45,Delivered,37
3460,931,105,2024-11-05,323.26,Delivered,64
3461,1147,136,2024-06-18,250.06,Delivered,58
3462,858,118,2024-11-19,1464.37,Delivered,51
3463,37,174,2024-07-22,260.19,Delivered,18
3464,952,255,2024-11-03,470.3,Delivered,16
3465,111,122,2024-11-15,831.32,Cancelled,
3466,178,108,2024-12-26,-1143.89,Delivered,27
3467,1852,133,2024-11-17,698.1,Delivered,20
3468,257,108,2024-05-15,1425.11,Delivered,15
3469,1020,289,2024-06-15,414.14,Delivered,34
3470,782,286,2024-12-26,527.65,Delivered,24
3471,901,208,2024-11-20,519.78,Delivered,21
3472,1274,123,2024-10-31,612.33,Delivered,61
3473,634,226,2024-05-12,428.83,Pending,
3474,1969,208,2024-11-26,848.66,Delivered,35
3475,1551,126,2024-03-05,1256.47,Delivered,40
3476,928,101,2024-08-02,1085.03,Delivered,37
3477,1909,279,2024-03-19,1298.3,Delivered,19
3478,1959,260,2024-07-28,1293.22,Cancelled,
3479,1046,170,2024-05-30,762.63,Delivered,57
3480,327,249,2024-11-13,606.25,Delivered,41
3481,1997,128,2024-06-04,800.84,Cancelled,
3482,618,138,2024-11-20,1309.73,Delivered,34
3483,110,179,2024-07-12,866.76,Delivered,24
3484,178,187,2024-08-09,1280.87,Delivered,25
3485,731,166,2024-03-29,124.07,Delivered,57
3486,1416,171,2024-11-25,1245.7,Delivered,21
3487,1374,282,2024-04-10,865.38,Delivered,48
3488,301,219,2024-12-24,1036.17,Delivered,34
3489,462,187,2024-05-27,800.62,Pending,
3490,1652,146,2024-09-27,823.54,Delivered,49
3491,48,204,2024-01-10,586.24,Delivered,67
3492,207,112,2024-11-10,1241.25,Delivered,34
3493,402,269,2024-02-12,1223.01,Delivered,30
3494,1768,108,2024-11-25,171.34,Pending,
3495,869,102,2024-05-02,795.34,Delivered,60
3496,1496,265,2024-07-16,174.02,Delivered,27
3497,335,116,2024-04-13,247.05,Cancelled,
3498,1128,252,2024-01-26,212.25,Delivered,17
3499,1922,104,2024-12-28,1411.5,Delivered,30
3500,220,293,2024-02-20,925.57,Cancelled,
3501,1561,267,2024-01-24,1192.94,Delivered,55
3502,1552,200,2024-03-20,1164.78,Delivered,58
3503,1465,258,2024-01-27,1110.46,Delivered,21
3504,1192,266,2024-12-10,753.32,Pending,
3505,674,194,2024-11-17,268.67,Delivered,43
3506,698,158,2024-11-10,1088.64,Delivered,45
3507,1890,143,2024-12-12,1314.12,Cancelled,
3508,1071,291,2024-11-08,1191.15,Delivered,60
3509,465,220,2024-11-26,248.1,Delivered,50
3510,1414,232,2024-12-09,757.97,Delivered,23
3511,,152,2024-10-28,987.24,Delivered,31
3512,986,226,2024-10-01,377.15,Delivered,68
3513,465,111,2024-08-02,883.52,Delivered,15
3514,373,174,2024-12-10,1111.91,Pending,
3515,751,191,2024-09-13,144.07,Delivered,56
3516,527,272,2024-04-09,1217.76,Delivered,28
3517,1795,202,2024-03-24,1458.39,Delivered,40
3518,1199,110,2024-07-15,943.45,Delivered,50
3519,722,217,2024-12-12,761.02,Delivered,66
3520,907,275,2024-02-03,711.7,Delivered,30
3521,1184,194,2024-03-13,225.22,Delivered,62
3522,237,205,2024-03-15,643.75,Delivered,45
3523,1901,103,2024-11-23,164.99,Pending,
3524,1571,167,2024-03-21,494.9,Delivered,59
3525,1533,278,2024-12-04,1311.98,Delivered,33
3526,1110,175,2024-04-22,133.02,Delivered,21
3527,1513,209,2024-02-08,1239.67,Delivered,69
3528,469,112,2024-11-23,1376.23,Delivered,45
3529,1474,194,2024-12-31,870.07,Delivered,59
3530,596,204,2024-05-05,423.52,Delivered,29
3531,635,241,2024-10-31,556.19,Delivered,0
3532,566,228,2024-03-20,786.82,Delivered,69
3533,1965,132,2024-11-15,872.53,Delivered,62
3534,1567,129,2024-12-19,206.9,Cancelled,
3535,1859,227,2024-11-06,287.58,Delivered,63
3536,1153,228,2024-06-23,607.19,Delivered,39
3537,1750,264,2024-12-12,1236.94,Cancelled,
3538,330,159,2024-01-10,314.91,Delivered,42
3539,1554,289,2024-07-08,1180.38,Delivered,64
3540,948,220,2024-11-22,190.52,Delivered,16
3541,944,153,2024-12-02,749.38,Delivered,39
3542,1650,168,2024-09-03,844.18,Delivered,45
3543,1362,286,2024-11-06,781.35,Delivered,29
3544,1086,105,2024-08-14,515.11,Delivered,68
3545,618,229,2024-12-27,742.63,Delivered,39
3546,103,142,2024-06-19,463.38,Delivered,58
3547,1082,204,2024-08-18,360.31,Pending,
3548,1708,177,2024-08-17,683.27,Delivered,23
3549,22,215,2024-07-12,1056.47,Delivered,45
3550,1937,118,2024-12-27,389.14,Delivered,28
3551,1489,241,2024-07-24,766.24,Delivered,37
3552,1237,133,2024-12-03,703.73,Pending,
3553,1712,222,2024-07-27,1354.29,Delivered,66
3554,540,233,2024-09-24,1491.11,Delivered,26
3555,118,278,2024-11-23,1188.39,Delivered,15
3556,711,107,2024-11-05,1180.8,Cancelled,
3557,410,248,2024-02-12,1439.79,Delivered,53
3558,1749,216,2024-05-11,1187.12,Delivered,27
3559,1397,268,2024-07-29,730.32,Cancelled,
3560,1025,253,2024-09-12,1094.95,Delivered,31
3561,326,212,2024-10-27,1086.25,Delivered,30
3562,1703,235,2024-12-24,353.3,Delivered,70
3563,825,292,2024-08-21,1120.1,Delivered,18
3564,1447,146,2024-12-11,306.12,Delivered,21
3565,1560,120,2024-07-08,1011.75,Cancelled,
3566,873,256,2024-12-01,249.25,Delivered,18
3567,1597,176,2024-12-26,860.47,Delivered,33
3568,550,242,2024-10-10,425.76,Delivered,26
3569,1926,127,2024-10-23,111.01,Delivered,26
3570,61,147,2024-10-18,1212.6,Delivered,21
3571,1824,169,2024-11-25,476.09,Delivered,18
3572,865,240,2024-11-04,730.81,Delivered,28
3573,1652,121,2024-04-09,723.91,Delivered,36
3574,1404,103,2024-05-29,916.62,Delivered,26
3575,847,218,2024-12-28,491.53,Delivered,69
3576,232,213,2024-11-17,1195.53,Delivered,30
3577,1876,243,2024-11-14,1441.06,Delivered,62
3578,815,294,2024-05-13,185.21,Delivered,54
3579,1493,257,2024-10-08,555.07,Delivered,62
3580,1239,158,2024-12-14,321.21,Cancelled,
3581,370,239,2024-03-22,1352.73,Delivered,67
3582,794,157,2024-11-03,517.85,Delivered,18
3583,257,211,2024-08-19,653.19,Delivered,67
3584,352,217,2024-10-10,1002.33,Delivered,28
3585,1205,226,2024-12-17,977.24,Delivered,16
3586,928,286,2024-12-24,864.58,Delivered,67
3587,6,208,2024-07-05,1154.95,Delivered,25
3588,92,240,2024-12-15,1391.31,Delivered,53
3589,96,143,2024-11-04,1365.77,Delivered,67
3590,488,259,2024-11-16,859.1,Delivered,52
3591,462,145,2024-06-27,1439.97,Delivered,28
3592,355,102,2024-05-05,600.53,Delivered,24
3593,1659,196,2024-06-18,581.67,Delivered,22
3594,1267,287,2024-11-21,497.15,Delivered,29
3595,1752,204,2024-10-10,1231.95,Delivered,59
3596,1605,154,2024-05-05,369.85,Delivered,33
3597,1741,164,2024-03-24,928.93,Delivered,15
3598,1663,238,2024-12-06,1145.27,Pending,
3599,1322,160,2024-12-23,1452.29,Delivered,63
3600,554,124,2024-12-07,180.55,Delivered,63
3601,1226,201,2024-12-25,956.42,Delivered,18
3602,242,137,2024-12-01,662.08,Delivered,45
3603,942,180,2024-05-22,324.07,Delivered,39
3604,374,253,2024-05-17,997.28,Delivered,43
3605,701,260,2024-02-20,920.34,Delivered,40
3606,915,120,2024-02-21,774.26,Delivered,61
3607,821,133,2024-05-20,762.83,Delivered,57
3608,1748,231,2024-07-23,452.62,Delivered,24
3609,1437,107,2024-08-05,268.65,Delivered,16
3610,10,247,2024-12-03,1138.56,Pending,
3611,1849,169,2024-11-08,478.67,Delivered,25
3612,1445,128,2024-12-14,422.38,Delivered,37
3613,21,182,2024-11-13,1107.71,Delivered,21
3614,1192,264,2024-11-15,1032.67,Delivered,48
3615,1744,214,2024-10-29,745.39,Delivered,31
3616,955,255,2024-07-10,1069.39,Delivered,70
3617,269,140,2024-09-13,863.36,Delivered,55
3618,1635,273,2024-12-29,855.58,Delivered,52
3619,370,289,2024-01-04,523.52,Pending,
3620,990,227,2024-12-01,987.67,Delivered,28
3621,1804,161,2024-10-28,925.39,Pending,
3622,881,191,2024-12-25,964.52,Delivered,25
3623,697,220,2024-12-06,505.77,Delivered,32
3624,118,234,2024-12-02,1199.85,Delivered,62
3625,1080,236,2024-12-17,858.08,Delivered,59
3626,896,282,2024-03-10,666.34,Delivered,16
3627,1515,231,2024-11-30,275.46,Delivered,38
3628,625,156,2024-11-22,1324.85,Delivered,20
3629,1610,250,2024-10-11,322.63,Delivered,70
3630,718,103,2024-09-30,356.69,Delivered,25
3631,1551,177,2024-10-09,675.66,Delivered,26
3632,1324,104,2024-12-30,337.34,Delivered,30
3633,1889,171,2024-12-06,902.76,Delivered,65
3634,28,256,2024-08-01,652.19,Cancelled,
3635,82,135,2024-01-01,467.19,Delivered,67
3636,1719,114,2024-07-03,702.43,Delivered,19
3637,978,173,2024-01-10,1104.05,Delivered,18
3638,1511,295,2024-11-14,443.85,Delivered,49
3639,1269,146,2024-11-19,1270.9,Delivered,20
3640,1945,252,2024-12-24,108.1,Delivered,41
3641,1977,106,2024-03-14,745.97,Delivered,35
3642,820,172,2024-12-16,1147.71,Delivered,45
3643,1999,212,2024-07-19,493.93,Pending,
3644,1461,191,2024-12-06,555.79,Cancelled,
3645,356,152,2024-11-05,722.57,Delivered,57
3646,301,158,2024-04-15,1476.25,Delivered,65
3647,841,130,2024-12-29,1209.59,Delivered,33
3648,1460,124,2024-06-02,292.1,Delivered,60
3649,204,200,2024-12-27,1243.98,Delivered,62
3650,403,218,2024-11-30,1021.89,Delivered,48
3651,742,223,2024-01-17,690.79,Delivered,65
3652,515,255,2024-12-09,1464.55,Delivered,42
3653,1657,118,2024-06-23,240.12,Pending,
3654,904,106,2024-09-10,967.61,Delivered,26
3655,614,279,2024-12-26,336.18,Pending,
3656,449,214,2024-12-19,474.25,Cancelled,
3657,345,157,2024-11-27,1193.27,Delivered,47
3658,1688,200,2024-08-17,898.38,Delivered,25
3659,736,176,2024-07-08,1143.5,Delivered,68
3660,1559,136,2024-10-17,158.05,Cancelled,
3661,355,151,2024-12-27,472.71,Delivered,15
3662,1220,187,2024-12-25,572.1,Delivered,45
3663,1520,169,2024-11-25,1116.56,Delivered,35
3664,1598,252,2024-01-17,914.17,Delivered,45
3665,1093,120,2024-11-27,169.88,Cancelled,
3666,1734,266,2024-02-18,511.04,Cancelled,
3667,1035,234,2024-11-13,739.85,Delivered,61
3668,769,122,2024-08-19,1280.54,Delivered,41
3669,526,207,2024-03-08,1051.21,Delivered,63
3670,479,204,2024-02-04,614.84,Delivered,59
3671,179,233,2024-09-21,1145.16,Delivered,18
3672,306,216,2024-12-22,333.71,Delivered,15
3673,1592,233,2024-11-02,1076.51,Pending,
3674,789,106,2024-11-15,608.68,Delivered,17
3675,692,110,2024-11-15,721.89,Delivered,52
3676,1043,163,2024-11-25,776.27,Cancelled,
3677,1364,155,2024-11-25,759.4,Delivered,50
3678,1911,135,2024-11-11,688.88,Cancelled,
3679,1867,248,2024-02-11,960.03,Pending,
3680,926,231,2024-08-08,560.74,Pending,
3681,1557,185,2024-01-24,642.1,Delivered,51
3682,850,153,2024-12-22,336.82,Pending,
3683,1421,259,2024-09-14,1158.31,Delivered,16
3684,1520,181,2024-11-22,551.71,Delivered,69
3685,1374,264,2024-11-08,294.6,Delivered,59
3686,933,116,2024-12-24,885.45,Delivered,49
3687,1771,203,2024-08-14,141.64,Delivered,28
3688,383,116,2024-07-24,1168.21,Delivered,45
3689,393,249,2024-09-17,1275.03,Delivered,58
3690,1161,238,2024-09-08,268.0,Delivered,41
3691,1439,183,2024-04-14,1181.66,Delivered,44
3692,186,218,2024-01-04,847.45,Delivered,54
3693,538,144,2024-05-29,320.83,Delivered,60
3694,1425,252,2024-12-06,428.18,Delivered,58
3695,1580,161,2024-06-03,1061.92,Delivered,22
3696,579,192,2024-11-08,1469.75,Cancelled,
3697,55,198,2024-02-02,963.7,Pending,
3698,900,149,2024-11-16,1494.73,Pending,
3699,333,170,2024-12-28,817.68,Delivered,57
3700,1611,163,2024-12-23,305.38,Delivered,44
3701,1485,238,2024-11-30,802.8,Delivered,39
3702,1299,197,2024-05-18,1028.65,Delivered,36
3703,1809,266,2024-01-27,244.14,Delivered,64
3704,1190,286,2024-11-30,815.4,Delivered,15
3705,410,215,2024-02-28,766.34,Delivered,41
3706,1292,177,2024-12-26,167.09,Delivered,47
3707,1289,239,2024-12-10,1357.56,Delivered,44
3708,327,203,2024-11-10,940.89,Delivered,50
3709,357,267,2024-05-31,1266.09,Pending,
3710,,293,2024-12-04,1290.92,Cancelled,
3711,302,233,2024-10-23,1452.32,Delivered,56
3712,1325,220,2024-02-15,205.37,Pending,
3713,5,209,2024-12-16,257.27,Delivered,69
3714,226,144,2024-07-26,648.68,Delivered,50
3715,68,236,2024-11-01,436.15,Delivered,44
3716,117,263,2024-03-30,1491.97,Delivered,27
3717,1378,168,2024-11-13,556.49,Delivered,55
3718,1334,148,2024-06-20,1497.65,Cancelled,
3719,1844,102,2024-10-31,1130.1,Delivered,66
3720,1356,269,2024-11-10,1020.68,Delivered,28
3721,836,253,2024-11-05,1414.3,Delivered,29
3722,940,194,2024-11-11,871.85,Delivered,51
3723,925,204,2024-12-26,182.32,Delivered,56
3724,1559,215,2024-12-28,1155.9,Delivered,39
3725,652,135,2024-12-19,531.67,Delivered,37
3726,456,279,2024-05-10,801.73,Delivered,59
3727,1092,213,2024-05-22,1051.54,Delivered,70
3728,820,280,2024-12-26,1358.41,Pending,
3729,301,131,2024-10-18,732.48,Cancelled,
3730,510,233,2024-12-30,660.09,Delivered,27
3731,1968,133,2024-11-02,633.62,Cancelled,
3732,1238,299,2024-09-27,670.85,Delivered,23
3733,764,249,2024-12-22,778.44,Delivered,23
3734,1533,113,2024-04-05,946.77,Delivered,26
3735,340,206,2024-03-06,115.51,Delivered,40
3736,149,217,2024-10-18,916.77,Delivered,27
3737,1828,189,2024-10-29,1372.15,Delivered,52
3738,1874,289,2024-10-07,447.13,Delivered,63
3739,1133,289,2024-07-23,878.37,Cancelled,
3740,1455,227,2024-04-05,621.04,Delivered,15
3741,617,132,2024-12-03,-341.73,Pending,
3742,1941,165,2024-05-06,233.9,Delivered,53
3743,1082,291,2024-12-18,939.29,Delivered,23
3744,825,103,2024-12-27,193.1,Delivered,18
3745,1337,269,2024-07-23,305.51,Delivered,65
3746,625,290,2024-04-26,1294.07,Delivered,61
3747,1917,245,2024-11-19,265.49,Delivered,48
3748,1663,248,2024-03-18,1361.59,Pending,
3749,963,134,2024-12-09,856.2,Delivered,68
3750,1375,199,2024-12-17,1200.27,Delivered,33
3751,1861,103,2024-12-15,1008.55,Delivered,48
3752,375,160,2024-11-14,143.37,Cancelled,
3753,874,210,2024-02-22,971.34,Delivered,50
3754,1855,259,2024-10-18,1416.23,Pending,
3755,1887,109,2024-07-08,663.22,Delivered,15
3756,175,222,2024-05-05,979.13,Delivered,43
3757,1261,205,2024-09-26,702.86,Delivered,45
3758,314,294,2024-11-24,1449.02,Delivered,69
3759,1734,102,2024-12-20,1415.13,Cancelled,
3760,528,131,2024-06-11,415.75,Delivered,57
3761,398,224,2024-06-10,1290.59,Delivered,15
3762,107,228,2024-04-10,999.31,Delivered,46
3763,1988,190,2024-11-26,220.63,Delivered,17
3764,301,278,2024-12-09,1141.9,Delivered,52
3765,407,233,2024-04-17,743.47,Delivered,34
3766,1499,148,2024-06-07,485.09,Cancelled,
3767,587,241,2024-05-18,790.74,Delivered,43
3768,1536,237,2024-03-06,1184.25,Delivered,19
3769,1891,102,2024-08-28,678.95,Delivered,64
3770,1551,256,2024-11-30,981.82,Pending,
3771,1748,300,2024-02-15,776.65,Delivered,57
3772,341,238,2024-02-10,475.18,Delivered,27
3773,1990,166,2024-12-22,202.72,Delivered,47
3774,3,189,2024-12-17,210.68,Delivered,35
3775,1834,216,2024-12-15,1221.07,Delivered,57
3776,750,164,2024-02-29,1390.56,Delivered,56
3777,1008,222,2024-11-18,115.83,Delivered,68
3778,1641,104,2024-06-12,1349.9,Delivered,49
3779,566,105,2024-05-07,945.89,Pending,
3780,307,146,2024-12-04,133.79,Delivered,52
3781,784,201,2024-01-21,433.97,Delivered,67
3782,1115,242,2024-05-22,979.68,Delivered,57
3783,911,237,2024-03-18,648.44,Delivered,53
3784,1430,187,2024-12-27,634.99,Delivered,60
3785,1230,153,2024-05-01,579.56,Delivered,23
3786,410,115,2024-11-05,1479.64,Delivered,31
3787,1741,106,2024-09-16,1360.0,Delivered,46
3788,88,230,2024-11-05,881.74,Delivered,53
3789,345,111,2024-03-01,939.28,Delivered,49
3790,1719,286,2024-11-18,1340.02,Delivered,70
3791,456,121,2024-12-13,1298.62,Delivered,66
3792,799,197,2024-11-21,851.96,Pending,
3793,694,244,2024-11-10,1220.48,Delivered,26
3794,1348,131,2024-12-11,664.59,Delivered,44
3795,1636,276,2024-03-22,305.44,Delivered,29
3796,1231,221,2024-08-31,768.37,Delivered,38
3797,1457,172,2024-12-16,1077.51,Delivered,70
3798,1090,274,2024-03-11,1385.95,Delivered,20
3799,909,293,2024-11-24,1144.26,Delivered,61
3800,500,248,2024-12-26,1209.74,Delivered,41
3801,271,205,2024-11-20,1084.37,Delivered,15
3802,745,160,2024-03-11,1148.66,Delivered,62
3803,1095,178,2024-11-23,780.63,Pending,
3804,1858,215,2024-12-28,643.57,Delivered,18
3805,678,114,2024-01-22,654.72,Delivered,42
3806,1699,103,2024-03-07,1123.31,Delivered,56
3807,1297,210,2024-10-31,973.38,Delivered,15
3808,1761,156,2024-10-30,265.57,Delivered,18
3809,1650,290,2024-11-01,300.43,Delivered,16
3810,1246,168,2024-12-14,380.04,Cancelled,
3811,1551,195,2024-12-22,936.44,Delivered,69
3812,230,248,2024-04-05,1456.85,Delivered,18
3813,1277,284,2024-01-23,286.27,Cancelled,
3814,715,227,2024-12-04,550.35,Delivered,55
3815,1210,136,2024-11-18,1146.03,Delivered,59
3816,585,185,2024-11-05,274.1,Delivered,55
3817,1150,131,2024-10-31,645.01,Delivered,48
3818,433,173,2024-05-24,1166.92,Delivered,40
3819,322,143,2024-12-17,619.39,Delivered,46
3820,1263,227,2024-12-14,670.36,Delivered,30
3821,1986,205,2024-11-26,1276.5,Delivered,49
3822,867,108,2024-05-31,728.47,Delivered,63
3823,864,204,2024-11-12,594.65,Delivered,38
3824,1033,194,2024-11-23,1436.85,Delivered,19
3825,904,159,2024-11-21,1431.58,Delivered,46
3826,1657,125,2024-11-03,585.61,Cancelled,
3827,1172,116,2024-04-01,457.92,Delivered,28
3828,503,252,2024-11-28,894.03,Delivered,60
3829,769,168,2024-07-06,399.31,Delivered,59
3830,1924,220,2024-06-12,1111.75,Delivered,51
3831,1912,289,2024-12-11,1405.37,Pending,
3832,815,212,2024-06-02,1286.66,Delivered,52
3833,440,210,2024-12-26,272.28,Delivered,27
3834,1805,183,2024-09-10,469.38,Pending,
3835,943,202,2024-01-04,623.96,Cancelled,
3836,101,298,2024-11-15,1491.35,Cancelled,
3837,1736,222,2024-02-15,858.89,Delivered,69
3838,13,265,2024-11-11,329.52,Delivered,42
3839,1002,162,2024-12-24,1244.33,Cancelled,
3840,436,275,2024-12-06,1497.61,Delivered,33
3841,531,111,2024-12-05,1390.18,Delivered,30
3842,1563,142,2024-08-23,626.49,Delivered,31
3843,339,213,2024-05-01,970.73,Delivered,29
3844,1477,237,2024-11-29,296.97,Delivered,30
3845,1405,147,2024-11-06,451.91,Delivered,19
3846,867,258,2024-12-18,1217.73,Pending,
3847,572,176,2024-12-31,515.69,Delivered,53
3848,1211,235,2024-12-08,112.73,Cancelled,
3849,679,183,2024-06-17,1279.84,Delivered,23
3850,1837,200,2024-12-29,719.59,Delivered,51
3851,1413,256,2024-04-13,871.56,Delivered,22
3852,61,101,2024-07-20,1204.04,Delivered,28
3853,1380,140,2024-12-18,705.49,Delivered,23
3854,1010,216,2024-04-21,385.25,Delivered,41
3855,1816,286,2024-01-18,1436.92,Delivered,34
3856,1496,223,2024-12-21,720.13,Delivered,50
3857,741,114,2024-12-21,148.37,Delivered,25
3858,1278,229,2024-03-10,982.24,Delivered,61
3859,1688,110,2024-12-28,516.52,Delivered,23
3860,1839,227,2024-12-13,1007.21,Delivered,45
3861,1601,295,2024-03-26,699.24,Delivered,23
3862,761,246,2024-08-08,1262.57,Delivered,68
3863,82,163,2024-04-07,1226.79,Delivered,55
3864,1735,204,2024-05-14,1424.21,Delivered,33
3865,1175,215,2024-12-08,779.98,Delivered,21
3866,1071,156,2024-12-23,1178.1,Cancelled,
3867,1534,248,2024-12-28,488.91,Delivered,31
3868,1227,281,2024-01-18,924.99,Delivered,67
3869,643,104,2024-11-01,1083.08,Delivered,24
3870,1687,207,2024-08-11,515.24,Delivered,23
3871,1527,157,2024-05-11,1350.46,Delivered,23
3872,207,141,2024-10-26,1085.44,Pending,
3873,1650,267,2024-12-25,1374.32,Delivered,54
3874,591,244,2024-04-26,452.07,Delivered,59
3875,150,147,2024-08-11,1137.84,Delivered,23
3876,1863,150,2024-09-28,1084.48,Delivered,46
3877,615,145,2024-11-22,326.26,Delivered,60
3878,945,292,2024-09-08,189.9,Pending,
3879,1586,229,2024-03-06,387.04,Pending,
3880,1317,240,2024-01-30,561.76,Pending,
3881,1992,175,2024-12-03,169.27,Delivered,61
3882,410,279,2024-10-21,999.41,Delivered,34
3883,958,292,2024-11-02,851.07,Delivered,40
3884,51,293,2024-09-20,699.73,Cancelled,
3885,1277,169,2024-07-17,369.92,Pending,
3886,,101,2024-08-15,315.83,Delivered,66
3887,245,113,2024-01-31,903.5,Delivered,41
3888,172,199,2024-01-04,238.54,Delivered,37
3889,1845,182,2024-12-16,809.19,Delivered,36
3890,1023,271,2024-07-23,551.46,Delivered,46
3891,722,126,2024-03-29,456.67,Delivered,32
3892,12,102,2024-12-03,724.98,Pending,
3893,1612,207,2024-03-08,507.64,Delivered,37
3894,147,207,2024-05-10,555.13,Delivered,26
3895,1827,166,2024-05-13,196.2,Pending,
3896,1206,257,2024-05-31,106.91,Delivered,27
3897,1084,205,2024-08-06,123.78,Delivered,68
3898,652,221,2024-02-02,733.69,Delivered,41
3899,398,112,2024-06-01,1233.85,Delivered,24
3900,1877,155,2024-07-29,185.07,Delivered,66
3901,1421,186,2024-10-03,956.05,Pending,
3902,458,108,2024-05-22,1145.39,Delivered,32
3903,1369,249,2024-12-19,706.56,Delivered,67
3904,1244,222,2024-10-21,1328.7,Delivered,68
3905,559,187,2024-10-11,476.22,Delivered,38
3906,798,257,2024-10-31,518.35,Delivered,44
3907,420,191,2024-07-12,1152.51,Cancelled,
3908,613,231,2024-01-08,902.25,Cancelled,
3909,1312,264,2024-10-20,451.7,Delivered,36
3910,1198,261,2024-01-24,296.5,Delivered,15
3911,346,284,2024-05-18,305.99,Delivered,66
3912,478,124,2024-09-28,940.65,Delivered,36
3913,1067,172,2024-01-09,756.1,Delivered,24
3914,84,159,2024-12-17,716.03,Cancelled,
3915,965,174,2024-08-23,607.6,Delivered,22
3916,1345,180,2024-12-27,695.51,Delivered,58
3917,1071,285,2024-10-31,801.2,Delivered,68
3918,1242,182,2024-09-23,1323.31,Pending,
3919,1651,171,2024-11-26,322.84,Delivered,25
3920,1989,210,2024-12-11,604.83,Pending,
3921,772,284,2024-05-23,332.04,Delivered,68
3922,985,175,2024-04-17,238.12,Cancelled,
3923,395,280,2024-11-25,354.51,Delivered,57
3924,1980,265,2024-02-14,620.14,Pending,
3925,1891,296,2024-12-04,800.91,Delivered,64
3926,301,198,2024-06-23,888.38,Delivered,54
3927,1124,252,2024-08-03,1398.99,Delivered,23
3928,943,286,2024-12-11,763.26,Cancelled,
3929,1280,229,2024-01-14,1472.97,Delivered,29
3930,966,274,2024-01-29,150.28,Delivered,35
3931,1688,170,2024-12-31,859.01,Cancelled,
3932,114,272,2024-05-23,1233.89,Cancelled,
3933,1190,183,2024-02-06,977.97,Cancelled,
3934,862,228,2024-11-12,930.69,Delivered,67
3935,1800,240,2024-12-16,155.71,Cancelled,
3936,1534,154,2024-02-03,593.84,Delivered,35
3937,1012,255,2024-12-07,523.5,Pending,
3938,1247,296,2024-07-18,334.71,Pending,
3939,431,230,2024-12-02,720.61,Delivered,48
3940,47,140,2024-12-16,770.58,Delivered,24
3941,488,252,2024-02-25,352.57,Delivered,55
3942,1741,186,2024-10-07,1329.89,Pending,
3943,205,140,2024-11-27,1204.76,Pending,
3944,1319,200,2024-02-20,815.04,Delivered,67
3945,1656,107,2024-09-07,109.86,Delivered,39
3946,1465,295,2024-11-01,151.31,Delivered,18
3947,932,251,2024-11-30,1191.07,Pending,
3948,295,200,2024-04-28,413.47,Pending,
3949,1358,212,2024-11-07,1362.97,Delivered,30
3950,1462,181,2024-12-01,559.07,Pending,
3951,1258,206,2024-04-25,1495.16,Delivered,36
3952,726,277,2024-09-06,719.16,Delivered,64
3953,350,269,2024-04-21,240.21,Delivered,36
3954,1295,111,2024-06-11,715.97,Delivered,37
3955,261,265,2024-11-30,965.01,Delivered,48
3956,561,282,2024-05-14,162.6,Delivered,47
3957,1101,154,2024-11-04,535.91,Delivered,45
3958,1948,114,2024-12-25,243.36,Delivered,29
3959,1328,183,2024-04-11,660.83,Cancelled,
3960,234,184,2024-07-20,1246.79,Pending,
3961,1233,120,2024-10-25,994.42,Cancelled,
3962,1266,215,2024-03-13,424.97,Delivered,66
3963,1594,261,2024-11-27,817.33,Delivered,41
3964,2000,222,2024-05-30,134.64,Delivered,67
3965,1582,209,2024-08-06,1435.29,Delivered,19
3966,885,156,2024-11-09,547.02,Delivered,63
3967,1022,230,2024-03-01,597.09,Cancelled,
3968,750,216,2024-03-23,941.99,Delivered,57
3969,900,160,2024-11-25,1446.42,Delivered,60
3970,78,135,2024-02-15,564.0,Delivered,60
3971,1356,178,2024-04-26,417.29,Delivered,20
3972,770,289,2024-10-08,585.74,Delivered,49
3973,507,250,2024-07-18,133.55,Cancelled,
3974,1865,154,2024-12-20,638.02,Cancelled,
3975,1453,166,2024-03-03,583.53,Delivered,49
3976,581,267,2024-12-10,781.88,Delivered,42
3977,131,214,2024-10-31,1427.63,Delivered,19
3978,1052,271,2024-12-06,872.54,Delivered,21
3979,467,296,2024-11-17,1034.7,Delivered,59
3980,1822,115,2024-05-10,1244.22,Delivered,59
3981,998,216,2024-12-17,1494.71,Delivered,49
3982,830,174,2024-05-03,1459.53,Delivered,66
3983,311,209,2024-11-20,587.03,Delivered,51
3984,1487,266,2024-12-28,1246.84,Delivered,50
3985,1825,149,2024-08-19,743.55,Delivered,41
3986,848,212,2024-01-01,295.37,Delivered,62
3987,808,162,2024-12-21,1430.18,Delivered,23
3988,1625,133,2024-12-14,1470.39,Delivered,54
3989,1206,240,2024-12-27,1483.99,Cancelled,
3990,1991,209,2024-08-03,783.51,Delivered,21
3991,972,216,2024-06-16,309.61,Delivered,32
3992,1668,204,2024-11-18,137.66,Delivered,28
3993,503,299,2024-02-02,741.09,Delivered,38
3994,890,179,2024-12-21,627.65,Delivered,22
3995,1126,199,2024-12-18,279.54,Delivered,19
3996,1163,250,2024-07-01,1129.09,Delivered,54
3997,1298,186,2024-03-21,995.1,Cancelled,
3998,1404,213,2024-05-14,1236.65,Delivered,53
3999,93,107,2024-12-24,1456.24,Pending,
4000,663,101,2024-06-20,580.59,Delivered,68
4001,1919,170,2024-12-15,458.15,Pending,
4002,818,224,2024-12-04,1374.85,Delivered,51
4003,2,177,2024-05-03,1439.38,Delivered,31
4004,,193,2024-12-16,1134.51,Delivered,38
4005,1407,224,2024-12-23,377.16,Delivered,20
4006,235,167,2024-10-28,741.18,Pending,
4007,956,251,2024-04-19,188.94,Delivered,33
4008,29,250,2024-11-15,717.14,Delivered,42
4009,195,232,2024-12-14,839.67,Delivered,47
4010,106,116,2024-12-14,850.28,Delivered,20
4011,640,153,2024-06-15,228.94,Delivered,31
4012,469,211,2024-07-30,339.16,Delivered,66
4013,31,225,2024-02-09,868.31,Delivered,17
4014,1260,272,2024-09-25,548.12,Delivered,23
4015,678,295,2024-01-28,669.16,Pending,
4016,1335,101,2024-11-27,1250.76,Delivered,30
4017,1894,285,2024-12-30,468.59,Delivered,15
4018,828,109,2024-11-12,175.92,Pending,
4019,885,186,2024-12-19,1419.33,Delivered,58
4020,669,136,2024-12-17,233.81,Delivered,65
4021,315,107,2024-09-02,151.34,Delivered,19
4022,525,182,2024-10-16,298.33,Delivered,70
4023,823,209,2024-04-15,1288.33,Pending,
4024,289,133,2024-11-08,489.03,Delivered,35
4025,476,251,2024-12-12,346.54,Delivered,39
4026,287,268,2024-12-31,1028.56,Delivered,69
4027,155,130,2024-05-11,847.86,Delivered,29
4028,1180,126,2024-12-11,344.03,Delivered,48
4029,776,130,2024-03-22,440.56,Delivered,36
4030,1705,206,2024-06-19,276.74,Delivered,26
4031,1026,203,2024-12-21,517.13,Cancelled,
4032,877,102,2024-12-07,816.8,Delivered,27
4033,549,145,2024-10-25,1431.06,Delivered,42
4034,1537,217,2024-08-30,975.14,Delivered,32
4035,1356,247,2024-11-16,604.73,Cancelled,
4036,1701,160,2024-02-17,568.45,Delivered,39
4037,1966,204,2024-06-19,887.81,Delivered,32
4038,1000,296,2024-03-21,617.62,Delivered,70
4039,1310,231,2024-12-28,683.18,Delivered,21
4040,546,222,2024-07-08,406.85,Delivered,69
4041,1192,279,2024-05-27,1329.42,Delivered,63
4042,807,212,2024-12-07,426.66,Delivered,50
4043,1189,279,2024-07-27,278.19,Pending,
4044,1820,187,2024-03-19,505.49,Delivered,46
4045,1892,252,2024-11-06,574.26,Delivered,25
4046,1313,218,2024-12-23,1407.62,Delivered,62
4047,1281,241,2024-06-14,480.03,Delivered,41
4048,1124,185,2024-08-07,444.89,Delivered,41
4049,1608,126,2024-10-02,305.96,Cancelled,
4050,1209,264,2024-12-08,1152.87,Pending,
4051,1613,269,2024-11-06,596.28,Delivered,58
4052,1939,229,2024-11-25,1355.71,Pending,
4053,1344,151,2024-02-15,140.92,Delivered,46
4054,1652,154,2024-07-13,182.5,Delivered,64
4055,1701,298,2024-11-06,483.42,Delivered,0
4056,988,242,2024-01-10,878.3,Delivered,39
4057,1499,171,2024-03-01,284.54,Delivered,33
4058,816,151,2024-06-01,1196.2,Cancelled,
4059,813,148,2024-11-17,1273.66,Delivered,39
4060,1726,280,2024-12-18,667.64,Delivered,53
4061,223,218,2024-12-29,919.11,Delivered,15
4062,441,202,2024-05-14,807.88,Delivered,57
4063,225,147,2024-12-25,1375.46,Delivered,51
4064,943,123,2024-08-19,1485.4,Delivered,41
4065,1397,241,2024-11-21,408.94,Delivered,17
4066,215,200,2024-11-22,1199.37,Delivered,22
4067,822,299,2024-10-17,942.28,Delivered,63
4068,1545,121,2024-11-14,481.05,Delivered,28
4069,976,271,2024-09-03,1019.51,Delivered,58
4070,561,237,2024-05-24,163.83,Pending,
4071,1633,277,2024-12-16,186.91,Delivered,70
4072,890,227,2024-01-20,203.48,Delivered,49
4073,187,127,2024-05-24,909.68,Delivered,64
4074,52,113,2024-12-01,1358.54,Delivered,17
4075,,236,2024-08-01,1294.5,Delivered,40
4076,1876,240,2024-02-07,1326.64,Delivered,30
4077,598,137,2024-12-24,1177.59,Delivered,47
4078,1834,291,2024-06-03,874.92,Delivered,18
4079,430,182,2024-11-27,185.94,Cancelled,
4080,1159,272,2024-12-23,1414.9,Delivered,28
4081,1886,240,2024-02-10,553.5,Cancelled,
4082,203,280,2024-09-10,262.41,Delivered,65
4083,,126,2024-06-07,1396.71,Delivered,23
4084,622,219,2024-01-03,326.2,Pending,
4085,1138,268,2024-11-05,266.92,Pending,
4086,941,262,2024-11-08,1372.09,Delivered,64
4087,1904,256,2024-11-27,767.01,Pending,
4088,755,226,2024-08-07,362.53,Delivered,30
4089,1135,121,2024-12-10,799.04,Delivered,57
4090,777,132,2024-05-26,337.05,Delivered,22
4091,714,173,2024-02-08,1093.98,Delivered,36
4092,447,185,2024-12-08,1028.84,Delivered,39
4093,137,205,2024-06-25,571.99,Delivered,26
4094,1552,268,2024-06-08,1350.79,Delivered,23
4095,1297,194,2024-12-16,1232.22,Cancelled,
4096,1196,239,2024-11-10,486.28,Pending,
4097,1874,192,2024-11-05,495.26,Delivered,18
4098,63,195,2024-12-10,1081.06,Delivered,42
4099,925,190,2024-07-24,391.49,Delivered,64
4100,1034,176,2024-04-04,727.56,Delivered,44
4101,320,200,2024-11-30,606.28,Delivered,16
4102,531,198,2024-08-31,131.58,Delivered,20
4103,603,268,2024-02-26,1274.37,Delivered,67
4104,775,231,2024-08-03,1305.6,Delivered,17
4105,1613,280,2024-02-22,1327.73,Delivered,55
4106,1665,206,2024-11-02,182.59,Delivered,66
4107,1556,126,2024-10-01,297.01,Cancelled,
4108,835,144,2024-12-16,255.85,Delivered,70
4109,1624,269,2024-11-14,299.96,Delivered,26
4110,359,243,2024-10-31,850.47,Cancelled,
4111,670,140,2024-07-02,1499.89,Delivered,17
4112,3,170,2024-12-16,1151.83,Delivered,43
4113,1240,130,2024-12-26,1194.46,Delivered,30
4114,711,271,2024-12-24,1423.97,Delivered,27
4115,653,300,2024-03-15,330.62,Pending,
4116,1213,134,2024-01-04,1208.16,Delivered,33
4117,241,264,2024-12-06,603.14,Cancelled,
4118,1140,111,2024-08-25,833.87,Delivered,23
4119,1898,239,2024-11-04,133.22,Delivered,21
4120,1274,174,2024-12-30,1420.51,Delivered,34
4121,159,257,2024-12-18,276.75,Pending,
4122,1559,125,2024-05-14,503.08,Pending,
4123,840,217,2024-12-26,980.33,Pending,
4124,75,145,2024-12-02,1043.79,Delivered,16
4125,790,157,2024-09-11,1473.87,Pending,
4126,1316,282,2024-12-10,1493.54,Cancelled,
4127,1144,250,2024-12-07,304.27,Delivered,67
4128,1354,259,2024-08-15,450.81,Delivered,67
4129,1476,204,2024-01-08,546.51,Delivered,50
4130,662,189,2024-07-09,929.3,Delivered,59
4131,1574,106,2024-05-22,361.2,Delivered,68
4132,859,255,2024-10-17,992.69,Delivered,37
4133,1831,140,2024-10-05,700.81,Delivered,19
4134,1491,113,2024-08-03,743.58,Delivered,43
4135,1549,170,2024-01-23,216.19,Delivered,24
4136,910,207,2024-11-14,685.56,Pending,
4137,142,177,2024-10-09,182.02,Delivered,29
4138,1301,106,2024-04-09,770.47,Delivered,54
4139,1258,142,2024-07-22,514.07,Delivered,44
4140,1585,228,2024-04-02,552.35,Delivered,49
4141,578,273,2024-12-17,297.17,Delivered,26
4142,436,178,2024-01-17,483.47,Cancelled,
4143,1453,133,2024-12-16,563.39,Delivered,70
4144,816,254,2024-12-04,573.25,Cancelled,
4145,578,250,2024-07-15,343.76,Cancelled,
4146,1154,197,2024-11-17,330.36,Cancelled,
4147,126,162,2024-04-19,410.27,Delivered,54
4148,1628,187,2024-05-29,602.37,Delivered,69
4149,170,183,2024-03-12,835.51,Delivered,17
4150,573,106,2024-03-12,947.14,Delivered,26
4151,1854,277,2024-02-16,719.67,Delivered,46
4152,606,141,2024-03-08,137.02,Delivered,41
4153,951,239,2024-03-31,1367.24,Delivered,58
4154,494,252,2024-11-25,635.43,Delivered,45
4155,1759,102,2024-03-05,1247.17,Delivered,28
4156,249,160,2024-09-13,163.22,Pending,
4157,1598,192,2024-11-09,163.12,Delivered,57
4158,1199,113,2024-11-15,1000.18,Delivered,38
4159,1268,158,2024-09-06,218.65,Delivered,15
4160,120,266,2024-12-15,914.47,Delivered,42
4161,204,197,2024-12-23,576.72,Delivered,59
4162,1009,117,2024-07-07,595.46,Delivered,15
4163,1490,216,2024-11-14,1236.65,Delivered,29
4164,1,174,2024-06-25,1117.74,Delivered,23
4165,1522,160,2024-11-24,1011.25,Cancelled,
4166,954,237,2024-05-25,564.1,Delivered,43
4167,1504,174,2024-08-15,117.99,Delivered,54
4168,606,294,2024-12-12,959.99,Delivered,20
4169,1373,216,2024-08-07,1456.88,Delivered,36
4170,120,189,2024-11-30,1007.34,Delivered,19
4171,257,107,2024-03-22,875.28,Delivered,45
4172,1122,115,2024-02-07,1216.02,Delivered,24
4173,271,163,2024-11-07,647.11,Pending,
4174,1393,214,2024-12-10,1256.27,Delivered,28
4175,687,163,2024-11-12,1057.54,Delivered,49
4176,729,250,2024-12-25,293.28,Pending,
4177,1476,173,2024-07-07,679.72,Cancelled,
4178,172,122,2024-11-09,948.78,Delivered,16
4179,83,108,2024-05-05,734.98,Delivered,64
4180,1861,163,2024-10-02,890.44,Delivered,70
4181,499,280,2024-04-16,300.48,Delivered,37
4182,1228,269,2024-07-13,631.99,Delivered,23
4183,1989,223,2024-10-01,1099.05,Delivered,46
4184,1350,242,2024-12-13,795.71,Delivered,51
4185,147,188,2024-09-25,295.25,Delivered,21
4186,1596,171,2024-01-16,1240.34,Delivered,25
4187,1435,210,2024-04-04,703.52,Delivered,70
4188,1818,195,2024-11-09,782.99,Delivered,35
4189,1932,189,2024-12-21,1373.42,Cancelled,
4190,1946,194,2024-06-09,1402.49,Delivered,54
4191,962,206,2024-11-28,815.83,Delivered,25
4192,338,172,2024-10-22,503.17,Delivered,68
4193,247,106,2024-12-10,293.33,Delivered,41
4194,1185,134,2024-08-02,557.79,Pending,
4195,1903,186,2024-03-14,1245.79,Delivered,70
4196,864,297,2024-11-28,1326.14,Cancelled,
4197,368,253,2024-06-12,1083.01,Cancelled,
4198,1197,300,2024-12-13,1328.27,Delivered,19
4199,269,248,2024-11-27,1316.15,Delivered,15
4200,382,138,2024-05-29,1350.17,Cancelled,
4201,1127,277,2024-12-24,1035.38,Delivered,33
4202,1866,189,2024-10-17,749.1,Delivered,38
4203,239,234,2024-12-11,172.72,Delivered,28
4204,472,267,2024-03-09,231.05,Cancelled,
4205,1138,275,2024-03-14,1183.84,Delivered,43
4206,1322,288,2024-12-21,178.54,Delivered,35
4207,132,284,2024-09-06,660.28,Cancelled,
4208,25,202,2024-12-10,407.59,Delivered,69
4209,1768,234,2024-01-03,257.95,Delivered,65
4210,1691,139,2024-12-30,1277.42,Pending,
4211,599,229,2024-03-05,642.78,Delivered,64
4212,1976,240,2024-12-18,397.52,Cancelled,
4213,1384,248,2024-09-17,332.94,Pending,
4214,1240,204,2024-11-22,220.11,Delivered,39
4215,18,186,2024-05-09,949.23,Delivered,42
4216,1796,254,2024-12-05,1479.52,Delivered,32
4217,1164,284,2024-02-28,1313.92,Delivered,31
4218,1274,195,2024-02-17,1371.34,Delivered,38
4219,103,268,2024-01-01,208.42,Delivered,33
4220,802,129,2024-09-28,1101.55,Delivered,49
4221,1798,113,2024-12-03,1127.25,Delivered,33
4222,523,264,2024-11-18,186.01,Delivered,19
4223,714,204,2024-09-17,575.9,Delivered,68
4224,677,149,2024-12-01,244.24,Pending,
4225,1323,156,2024-08-22,547.61,Pending,
4226,103,151,2024-12-10,116.83,Delivered,48
4227,1908,182,2024-08-17,253.99,Cancelled,
4228,1125,168,2024-12-31,1398.0,Delivered,24
4229,1820,219,2024-12-02,243.79,Pending,
4230,1422,244,2024-04-14,777.23,Delivered,42
4231,192,128,2024-07-18,694.01,Pending,
4232,866,129,2024-12-06,758.03,Delivered,43
4233,730,249,2024-09-23,382.75,Delivered,25
4234,848,117,2024-01-22,1107.18,Delivered,36
4235,1986,238,2024-11-12,457.82,Pending,
4236,138,251,2024-11-20,715.62,Delivered,49
4237,757,164,2024-05-02,1482.34,Pending,
4238,335,173,2024-11-25,1023.24,Delivered,44
4239,1855,299,2024-06-20,883.38,Delivered,58
4240,677,239,2024-08-05,698.86,Cancelled,
4241,1239,154,2024-12-25,1186.91,Delivered,24
4242,1616,232,2024-11-10,1361.33,Cancelled,
4243,367,223,2024-08-08,929.54,Delivered,31
4244,649,118,2024-12-29,185.72,Delivered,23
4245,1792,233,2024-06-02,697.06,Delivered,15
4246,1647,240,2024-04-07,1417.93,Delivered,49
4247,1877,245,2024-03-05,1340.4,Delivered,55
4248,936,296,2024-10-11,1311.04,Delivered,45
4249,1625,222,2024-02-29,269.22,Pending,
4250,600,136,2024-12-14,1125.48,Pending,
4251,1888,200,2024-12-19,943.55,Delivered,43
4252,1859,122,2024-11-03,1258.19,Delivered,24
4253,397,176,2024-09-07,403.25,Delivered,37
4254,1514,269,2024-12-20,1027.1,Cancelled,
4255,193,294,2024-12-30,1364.61,Delivered,58
4256,1188,250,2024-02-25,626.68,Delivered,37
4257,1581,203,2024-08-21,669.41,Delivered,53
4258,1249,286,2024-09-25,1296.57,Delivered,33
4259,1596,169,2024-12-09,1098.76,Delivered,25
4260,1918,173,2024-12-11,631.81,Delivered,27
4261,1599,218,2024-12-21,355.22,Delivered,52
4262,156,295,2024-12-09,1084.79,Cancelled,
4263,44,193,2024-09-01,1040.47,Delivered,18
4264,1562,130,2024-12-20,996.76,Delivered,20
4265,1860,185,2024-12-14,234.66,Delivered,40
4266,1452,139,2024-01-16,805.49,Delivered,40
4267,715,244,2024-04-16,1037.19,Cancelled,
4268,1864,187,2024-10-11,1385.92,Delivered,29
4269,653,174,2024-12-31,389.82,Cancelled,
4270,1832,123,2024-02-25,497.16,Delivered,45
4271,1168,124,2024-07-15,439.45,Pending,
4272,1893,206,2024-07-17,1294.29,Delivered,66
4273,320,106,2024-02-16,1419.38,Cancelled,
4274,1419,136,2024-07-27,692.6,Delivered,64
4275,1062,137,2024-12-04,566.3,Delivered,61
4276,1021,272,2024-10-31,155.16,Delivered,59
4277,1804,289,2024-03-13,129.11,Delivered,57
4278,102,123,2024-12-17,627.79,Delivered,35
4279,177,251,2024-12-19,573.09,Delivered,67
4280,294,227,2024-07-24,1436.1,Delivered,61
4281,117,266,2024-04-11,1483.69,Delivered,41
4282,1731,268,2024-07-14,937.58,Delivered,66
4283,27,123,2024-01-30,1111.33,Delivered,48
4284,1681,253,2024-02-03,874.26,Pending,
4285,234,287,2024-12-30,533.61,Pending,
4286,1981,112,2024-12-11,1475.36,Delivered,36
4287,1432,172,2024-12-04,1333.09,Delivered,54
4288,1399,113,2024-04-27,169.12,Delivered,60
4289,452,263,2024-08-05,223.93,Delivered,40
4290,349,237,2024-01-13,816.58,Delivered,23
4291,281,273,2024-09-23,193.49,Delivered,64
4292,940,279,2024-08-22,1285.53,Delivered,60
4293,452,119,2024-02-15,150.87,Delivered,58
4294,1124,155,2024-05-05,111.71,Delivered,46
4295,1905,152,2024-11-12,805.37,Delivered,21
4296,1143,250,2024-06-06,295.9,Delivered,53
4297,477,222,2024-07-01,1006.69,Delivered,40
4298,1664,225,2024-12-19,1313.48,Pending,
4299,1015,223,2024-03-05,1021.48,Pending,
4300,1660,156,2024-04-30,705.42,Pending,
4301,1856,271,2024-01-13,222.89,Delivered,64
4302,1603,264,2024-12-29,662.13,Delivered,26
4303,871,211,2024-09-20,1263.12,Pending,
4304,23,246,2024-04-09,726.56,Delivered,20
4305,1945,202,2024-06-15,336.61,Pending,
4306,1878,265,2024-12-31,852.89,Delivered,44
4307,597,249,2024-06-11,891.84,Delivered,23
4308,663,188,2024-09-02,750.79,Delivered,35
4309,1996,255,2024-07-13,514.94,Pending,
4310,1718,149,2024-07-08,1443.43,Pending,
4311,51,182,2024-11-04,1385.84,Delivered,22
4312,1584,213,2024-12-30,1192.99,Delivered,45
4313,1130,250,2024-11-04,1434.76,Delivered,52
4314,1961,191,2024-06-28,1222.01,Pending,
4315,1092,213,2024-11-07,1278.12,Delivered,48
4316,878,111,2024-12-11,605.49,Delivered,15
4317,1472,255,2024-11-17,932.11,Delivered,48
4318,1942,215,2024-09-08,589.41,Cancelled,
4319,102,261,2024-11-01,1183.52,Delivered,16
4320,253,127,2024-03-17,575.85,Delivered,19
4321,1319,230,2024-11-16,150.58,Delivered,25
4322,1171,294,2024-07-24,1026.19,Delivered,24
4323,372,142,2024-11-12,671.3,Delivered,67
4324,244,263,2024-07-15,335.41,Delivered,15
4325,1603,228,2024-01-11,1416.59,Delivered,65
4326,354,199,2024-08-04,294.45,Cancelled,
4327,745,162,2024-11-21,503.59,Delivered,59
4328,1657,184,2024-12-19,228.83,Delivered,34
4329,801,270,2024-07-07,1361.81,Cancelled,
4330,524,113,2024-10-04,1364.51,Delivered,38
4331,1323,178,2024-11-23,406.42,Delivered,61
4332,135,172,2024-08-07,1354.85,Pending,
4333,1358,208,2024-09-20,378.08,Delivered,47
4334,407,176,2024-04-27,1025.89,Delivered,56
4335,1121,210,2024-08-01,1264.97,Delivered,42
4336,803,177,2024-05-03,315.96,Cancelled,
4337,969,194,2024-01-03,1394.04,Delivered,30
4338,326,298,2024-07-28,1180.03,Pending,
4339,448,269,2024-05-08,521.07,Delivered,53
4340,1415,187,2024-01-17,598.44,Delivered,35
4341,1638,116,2024-01-17,934.23,Pending,
4342,552,203,2024-01-05,171.59,Delivered,32
4343,353,295,2024-04-10,894.0,Cancelled,
4344,916,159,2024-09-07,1369.78,Delivered,32
4345,1301,189,2024-12-17,106.7,Pending,
4346,1896,108,2024-11-08,569.12,Delivered,22
4347,726,110,2024-12-18,1076.08,Delivered,34
4348,704,106,2024-10-14,231.9,Delivered,36
4349,465,117,2024-11-29,935.28,Delivered,67
4350,459,293,2024-06-18,363.33,Delivered,22
4351,292,162,2024-10-21,140.87,Delivered,40
4352,734,148,2024-05-15,308.58,Delivered,68
4353,1384,198,2024-12-07,581.52,Delivered,48
4354,745,227,2024-11-12,875.61,Delivered,37
4355,600,188,2024-05-12,984.69,Delivered,17
4356,1635,255,2024-11-16,213.15,Delivered,35
4357,193,121,2024-06-04,581.63,Delivered,35
4358,1548,276,2024-11-29,1077.95,Delivered,23
4359,971,148,2024-02-25,682.03,Delivered,30
4360,906,165,2024-03-12,1284.2,Delivered,68
4361,975,196,2024-03-26,1165.47,Delivered,21
4362,356,293,2024-09-20,460.55,Delivered,47
4363,1999,268,2024-03-22,119.76,Delivered,42
4364,1170,160,2024-12-23,704.08,Delivered,65
4365,1729,161,2024-11-02,570.44,Delivered,42
4366,1526,227,2024-06-08,569.82,Delivered,61
4367,1261,252,2024-03-05,1380.13,Delivered,43
4368,467,274,2024-03-29,1433.18,Delivered,32
4369,1601,159,2024-09-28,1387.66,Pending,
4370,1961,110,2024-11-22,1290.29,Delivered,57
4371,598,267,2024-11-09,617.02,Delivered,40
4372,610,194,2024-12-13,302.65,Delivered,65
4373,1480,161,2024-11-16,285.52,Delivered,64
4374,760,214,2024-04-04,948.93,Delivered,22
4375,1472,185,2024-11-01,1147.88,Delivered,27
4376,1834,122,2024-12-28,384.37,Delivered,30
4377,893,258,2024-02-13,1341.24,Delivered,57
4378,1199,224,2024-12-13,999.52,Delivered,16
4379,836,138,2024-02-28,1428.21,Cancelled,
4380,1239,133,2024-06-22,1232.46,Cancelled,
4381,438,142,2024-08-06,297.76,Delivered,62
4382,110,288,2024-04-27,1248.14,Delivered,25
4383,201,252,2024-07-22,894.08,Delivered,65
4384,660,214,2024-11-29,709.21,Cancelled,
4385,234,298,2024-11-08,890.83,Cancelled,
4386,999,101,2024-05-29,584.76,Delivered,38
4387,1769,151,2024-11-17,544.91,Delivered,66
4388,364,102,2024-12-11,628.2,Pending,
4389,500,244,2024-11-09,147.9,Delivered,62
4390,1926,180,2024-01-29,338.14,Delivered,47
4391,819,216,2024-01-25,432.84,Delivered,32
4392,18,255,2024-04-15,482.4,Cancelled,
4393,1392,190,2024-11-04,851.06,Delivered,30
4394,1616,209,2024-02-19,162.51,Delivered,68
4395,1126,271,2024-11-11,200.34,Delivered,21
4396,500,163,2024-11-03,240.77,Delivered,25
4397,305,101,2024-12-04,1020.55,Delivered,38
4398,1631,161,2024-12-19,870.24,Delivered,58
4399,1498,120,2024-12-10,641.43,Delivered,61
4400,1597,264,2024-07-31,1277.53,Delivered,49
4401,1158,274,2024-02-14,1007.92,Cancelled,
4402,503,289,2024-01-07,752.2,Pending,
4403,1214,281,2024-12-01,699.77,Delivered,17
4404,88,106,2024-02-11,459.77,Delivered,64
4405,104,222,2024-08-21,259.8,Delivered,32
4406,1149,194,2024-01-15,1212.24,Pending,
4407,1717,256,2024-11-11,403.37,Delivered,48
4408,761,121,2024-10-26,1154.86,Delivered,66
4409,1317,178,2024-07-05,688.44,Cancelled,
4410,291,258,2024-06-22,645.28,Delivered,53
4411,382,217,2024-02-10,430.86,Cancelled,
4412,1504,276,2024-12-18,1157.35,Pending,
4413,1025,207,2024-08-05,436.72,Delivered,40
4414,219,135,2024-07-14,1393.13,Cancelled,
4415,1114,157,2024-07-09,608.84,Delivered,44
4416,202,151,2024-09-25,768.96,Delivered,67
4417,96,143,2024-04-21,1062.35,Delivered,57
4418,780,118,2024-12-20,647.38,Delivered,26
4419,1013,209,2024-11-13,101.19,Delivered,19
4420,1650,218,2024-02-19,1057.88,Delivered,55
4421,1375,127,2024-05-31,815.9,Delivered,53
4422,813,237,2024-04-16,1342.05,Delivered,31
4423,982,107,2024-07-17,538.47,Pending,
4424,1158,200,2024-09-04,1397.76,Delivered,39
4425,1129,244,2024-04-28,104.19,Delivered,49
4426,451,225,2024-11-24,418.97,Delivered,59
4427,1727,121,2024-10-22,1465.74,Delivered,64
4428,1956,281,2024-10-31,259.06,Delivered,45
4429,1915,115,2024-11-02,412.28,Delivered,17
4430,1860,168,2024-12-17,1411.3,Delivered,52
4431,193,121,2024-03-28,279.6,Delivered,32
4432,983,132,2024-01-11,222.51,Delivered,43
4433,1427,250,2024-07-24,1012.81,Cancelled,
4434,686,274,2024-11-09,1120.74,Pending,
4435,1344,165,2024-09-01,1352.15,Cancelled,
4436,1279,254,2024-11-10,1401.8,Delivered,21
4437,1005,132,2024-12-04,1295.13,Delivered,41
4438,729,233,2024-10-10,967.74,Delivered,15
4439,887,120,2024-11-19,1221.1,Delivered,41
4440,1765,163,2024-11-26,380.16,Delivered,25
4441,1222,219,2024-07-06,1265.92,Cancelled,
4442,1676,146,2024-07-31,244.7,Delivered,53
4443,841,156,2024-10-14,809.96,Delivered,51
4444,1719,155,2024-12-19,1094.74,Delivered,40
4445,1087,143,2024-02-28,1169.05,Delivered,46
4446,158,210,2024-06-27,363.94,Delivered,22
4447,797,157,2024-12-19,372.26,Delivered,66
4448,1716,162,2024-12-09,1305.38,Delivered,32
4449,1185,110,2024-01-24,534.66,Delivered,30
4450,976,273,2024-11-22,1149.63,Delivered,48
4451,1591,186,2024-06-23,1072.78,Delivered,58
4452,1225,251,2024-03-04,314.41,Delivered,61
4453,447,255,2024-03-15,1375.09,Delivered,21
4454,897,170,2024-12-08,1080.79,Delivered,35
4455,1143,118,2024-05-10,1264.9,Delivered,26
4456,1853,128,2024-04-03,1089.34,Delivered,66
4457,77,132,2024-07-21,426.58,Delivered,37
4458,529,126,2024-10-11,452.36,Delivered,21
4459,643,200,2024-11-03,944.35,Delivered,64
4460,1641,221,2024-09-23,1026.07,Delivered,64
4461,1962,260,2024-12-07,700.11,Delivered,38
4462,1807,249,2024-03-10,981.49,Delivered,50
4463,1535,257,2024-03-31,1083.67,Cancelled,
4464,991,263,2024-04-06,560.07,Delivered,41
4465,821,231,2024-12-26,388.67,Cancelled,
4466,394,210,2024-09-01,1069.37,Delivered,45
4467,1346,158,2024-01-06,1088.89,Delivered,34
4468,272,267,2024-11-10,1128.97,Delivered,21
4469,1410,258,2024-04-27,1235.06,Delivered,41
4470,1380,163,2024-11-15,707.43,Delivered,15
4471,193,240,2024-12-20,534.01,Delivered,25
4472,608,295,2024-05-18,317.42,Delivered,25
4473,1420,172,2024-12-23,1155.51,Delivered,59
4474,1231,179,2024-06-28,1082.17,Delivered,22
4475,1369,289,2024-12-02,191.18,Delivered,41
4476,562,103,2024-10-21,499.01,Delivered,46
4477,720,150,2024-11-13,1089.35,Delivered,44
4478,80,182,2024-12-10,287.93,Delivered,20
4479,1402,263,2024-09-17,1373.02,Delivered,39
4480,1762,120,2024-02-06,138.03,Delivered,35
4481,786,182,2024-04-02,1149.09,Delivered,17
4482,1299,145,2024-11-24,1095.57,Delivered,52
4483,1360,209,2024-03-26,897.79,Delivered,29
4484,1101,199,2024-11-16,230.01,Delivered,55
4485,1685,239,2024-04-08,952.36,Delivered,68
4486,1273,160,2024-06-05,277.54,Delivered,33
4487,5,197,2024-03-31,817.34,Delivered,32
4488,840,149,2024-11-19,1044.36,Pending,
4489,1239,159,2024-05-11,392.16,Delivered,21
4490,1924,289,2024-08-11,1363.54,Delivered,61
4491,77,230,2024-07-04,1236.71,Delivered,33
4492,511,287,2024-07-15,1421.29,Delivered,50
4493,676,188,2024-11-17,385.88,Delivered,51
4494,1766,189,2024-12-18,1293.59,Pending,
4495,1653,260,2024-11-07,480.77,Cancelled,
4496,1728,262,2024-05-07,897.05,Delivered,33
4497,670,154,2024-11-06,1275.31,Cancelled,
4498,830,185,2024-11-29,274.44,Pending,
4499,1072,152,2024-12-18,928.69,Delivered,32
4500,280,241,2024-08-21,397.17,Delivered,33
4501,1515,287,2024-07-24,1033.75,Pending,
4502,1972,212,2024-10-28,854.45,Delivered,44
4503,34,205,2024-08-22,1080.39,Delivered,70
4504,1769,211,2024-02-13,1284.79,Cancelled,
4505,1860,122,2024-12-31,1162.2,Pending,
4506,534,284,2024-08-17,243.68,Delivered,45
4507,1699,192,2024-06-15,100.07,Delivered,19
4508,1112,287,2024-01-11,1060.71,Delivered,46
4509,1357,175,2024-12-26,1112.49,Delivered,28
4510,582,278,2024-12-31,615.11,Delivered,51
4511,1060,184,2024-12-29,489.53,Delivered,56
4512,687,205,2024-12-28,907.26,Delivered,46
4513,703,180,2024-12-22,1096.71,Delivered,26
4514,1629,244,2024-08-29,1264.01,Pending,
4515,1204,143,2024-08-16,274.12,Delivered,69
4516,267,185,2024-12-25,1055.48,Delivered,49
4517,663,281,2024-08-07,1142.4,Delivered,70
4518,1702,178,2024-02-06,980.86,Delivered,48
4519,1325,174,2024-07-27,1303.23,Delivered,57
4520,790,151,2024-11-22,409.03,Delivered,16
4521,1577,121,2024-03-13,714.98,Delivered,53
4522,683,122,2024-11-08,1007.93,Delivered,63
4523,603,265,2024-07-07,306.4,Cancelled,
4524,942,190,2024-08-31,168.28,Delivered,39
4525,671,207,2024-12-30,372.02,Delivered,28
4526,520,178,2024-04-18,980.42,Delivered,40
4527,1042,300,2024-05-05,425.68,Pending,
4528,148,273,2024-04-10,411.29,Cancelled,
4529,1392,208,2024-12-15,1279.1,Delivered,43
4530,1808,157,2024-08-16,522.03,Delivered,44
4531,946,210,2024-11-26,1346.27,Delivered,30
4532,1932,201,2024-06-09,1075.27,Pending,
4533,1258,242,2024-11-05,783.74,Cancelled,
4534,543,227,2024-07-10,958.59,Delivered,56
4535,491,174,2024-12-30,568.0,Delivered,69
4536,390,215,2024-05-09,1329.45,Delivered,63
4537,1606,162,2024-08-26,687.85,Cancelled,
4538,577,107,2024-11-09,131.54,Cancelled,
4539,863,220,2024-06-06,935.48,Delivered,27
4540,611,123,2024-12-18,759.66,Delivered,56
4541,1592,154,2024-12-07,181.46,Delivered,56
4542,1470,112,2024-05-22,1133.86,Delivered,38
4543,816,192,2024-03-17,439.04,Delivered,0
4544,540,188,2024-12-31,1220.69,Delivered,38
4545,504,188,2024-04-12,1310.89,Delivered,41
4546,881,109,2024-12-09,1167.77,Delivered,31
4547,956,108,2024-10-19,1131.61,Delivered,18
4548,1507,163,2024-10-26,1485.44,Delivered,67
4549,864,120,2024-12-14,1171.54,Pending,
4550,1163,252,2024-06-09,1491.07,Delivered,50
4551,209,275,2024-09-14,401.05,Cancelled,
4552,1613,171,2024-02-09,536.74,Delivered,45
4553,919,209,2024-09-18,999.97,Delivered,47
4554,998,272,2024-12-16,746.18,Delivered,40
4555,1375,267,2024-07-15,866.58,Delivered,60
4556,1258,105,2024-12-30,286.43,Delivered,36
4557,1230,251,2024-09-26,998.67,Delivered,32
4558,1472,143,2024-12-20,424.18,Delivered,51
4559,1443,148,2024-05-26,1297.51,Delivered,32
4560,1717,224,2024-11-15,849.04,Delivered,24
4561,138,165,2024-11-04,402.79,Delivered,49
4562,796,197,2024-12-01,530.54,Delivered,28
4563,1131,252,2024-05-09,735.3,Pending,
4564,696,143,2024-11-19,1310.64,Delivered,15
4565,385,184,2024-05-24,244.36,Delivered,61
4566,463,230,2024-04-25,1273.62,Delivered,49
4567,1876,292,2024-07-27,679.07,Cancelled,
4568,982,178,2024-11-05,1457.12,Delivered,19
4569,1036,273,2024-11-09,597.48,Delivered,27
4570,548,208,2024-09-30,1240.6,Delivered,28
4571,1948,260,2024-10-02,610.55,Delivered,59
4572,244,226,2024-06-16,581.22,Delivered,66
4573,1183,234,2024-12-26,1048.38,Delivered,25
4574,1989,242,2024-06-18,605.41,Pending,
4575,1720,129,2024-06-25,1161.06,Delivered,28
4576,1102,153,2024-02-19,922.64,Delivered,49
4577,1561,247,2024-12-27,1103.07,Delivered,61
4578,114,151,2024-02-03,1246.77,Delivered,27
4579,531,133,2024-03-29,536.46,Delivered,21
4580,1412,256,2024-10-21,748.63,Delivered,63
4581,1735,114,2024-02-22,342.74,Pending,
4582,644,140,2024-04-08,513.27,Delivered,33
4583,1483,203,2024-11-15,217.39,Delivered,38
4584,401,114,2024-06-13,412.84,Delivered,18
4585,1656,179,2024-11-28,717.33,Delivered,57
4586,1459,126,2024-11-11,1499.74,Delivered,38
4587,1258,241,2024-12-19,538.01,Cancelled,
4588,834,290,2024-08-09,432.33,Delivered,35
4589,1816,178,2024-12-05,1138.78,Delivered,53
4590,1211,126,2024-12-30,959.42,Delivered,0
4591,313,115,2024-12-16,214.85,Delivered,16
4592,859,127,2024-07-14,1475.08,Delivered,59
4593,1262,124,2024-12-27,1155.26,Pending,
4594,1304,134,2024-11-16,287.6,Delivered,40
4595,1097,137,2024-09-14,1395.08,Delivered,58
4596,172,263,2024-07-01,1399.02,Delivered,25
4597,1332,198,2024-10-18,1190.74,Delivered,16
4598,1084,150,2024-09-11,902.11,Delivered,62
4599,8,103,2024-11-14,294.81,Delivered,46
4600,266,295,2024-12-10,738.21,Delivered,25
4601,299,108,2024-12-11,1025.41,Delivered,50
4602,696,258,2024-03-06,455.72,Delivered,50
4603,949,132,2024-11-22,223.72,Delivered,26
4604,1846,284,2024-06-18,1047.65,Pending,
4605,1812,265,2024-12-29,306.39,Pending,
4606,819,105,2024-01-23,503.25,Delivered,26
4607,1621,147,2024-11-26,1196.45,Delivered,45
4608,540,216,2024-07-23,1069.63,Delivered,17
4609,1471,249,2024-12-25,216.8,Pending,
4610,1991,287,2024-06-18,709.91,Delivered,28
4611,73,125,2024-06-17,977.81,Delivered,42
4612,1650,135,2024-12-05,788.99,Pending,
4613,1898,231,2024-07-14,586.63,Delivered,19
4614,422,200,2024-01-27,683.37,Delivered,23
4615,1728,252,2024-11-05,1489.21,Delivered,50
4616,783,103,2024-09-03,1262.99,Delivered,57
4617,1543,215,2024-02-10,1155.13,Delivered,28
4618,1043,105,2024-11-07,1163.9,Delivered,69
4619,1068,251,2024-06-14,1121.79,Pending,
4620,346,284,2024-06-06,202.78,Delivered,31
4621,942,245,2024-07-04,426.7,Cancelled,
4622,263,244,2024-11-22,1335.79,Delivered,45
4623,441,264,2024-12-06,563.93,Delivered,23
4624,1347,287,2024-01-05,1230.96,Delivered,70
4625,1046,295,2024-11-16,840.21,Delivered,68
4626,1638,185,2024-12-04,308.95,Delivered,38
4627,1586,270,2024-09-30,1028.97,Delivered,48
4628,1856,143,2024-01-01,1164.19,Delivered,48
4629,,140,2024-11-13,158.43,Pending,
4630,1054,188,2024-06-01,1054.11,Delivered,46
4631,1857,205,2024-09-14,125.86,Delivered,32
4632,664,242,2024-11-17,1127.69,Delivered,68
4633,1178,222,2024-11-05,423.47,Delivered,20
4634,1921,223,2024-11-22,1057.15,Delivered,53
4635,1288,141,2024-12-24,971.71,Delivered,49
4636,1452,218,2024-02-14,1453.76,Delivered,60
4637,1303,175,2024-07-16,1057.47,Delivered,42
4638,909,183,2024-11-29,264.94,Cancelled,
4639,870,166,2024-11-17,958.38,Delivered,65
4640,652,119,2024-11-24,710.16,Delivered,54
4641,826,213,2024-08-06,432.62,Delivered,66
4642,103,245,2024-06-28,1130.96,Delivered,18
4643,1711,129,2024-04-08,1271.97,Delivered,63
4644,1509,184,2024-11-29,995.02,Delivered,32
4645,297,133,2024-10-04,1208.63,Delivered,34
4646,1582,270,2024-09-02,634.2,Pending,
4647,100,246,2024-05-10,710.25,Delivered,20
4648,1648,263,2024-01-18,484.43,Delivered,27
4649,1864,177,2024-02-06,1273.91,Delivered,70
4650,449,213,2024-07-10,1212.38,Pending,
4651,818,203,2024-09-05,246.06,Delivered,35
4652,535,170,2024-01-09,583.07,Delivered,40
4653,84,258,2024-09-05,1298.11,Delivered,55
4654,1435,136,2024-01-25,980.78,Delivered,40
4655,1895,279,2024-06-02,973.67,Delivered,21
4656,1228,277,2024-12-03,1249.42,Delivered,41
4657,911,290,2024-12-15,314.99,Pending,
4658,747,289,2024-11-05,1331.27,Delivered,35
4659,1480,267,2024-04-21,879.92,Delivered,58
4660,1019,217,2024-11-20,868.63,Delivered,25
4661,792,147,2024-04-21,1419.35,Delivered,40
4662,979,265,2024-05-27,1147.74,Delivered,43
4663,1150,257,2024-01-12,1263.67,Delivered,20
4664,1365,245,2024-02-21,950.01,Delivered,44
4665,990,196,2024-03-19,901.62,Delivered,34
4666,197,179,2024-03-25,574.67,Delivered,42
4667,1880,171,2024-04-01,828.02,Delivered,48
4668,1599,265,2024-12-06,766.22,Cancelled,
4669,912,212,2024-06-12,915.29,Delivered,45
4670,39,193,2024-12-16,957.86,Delivered,55
4671,1711,179,2024-12-19,704.67,Cancelled,
4672,,227,2024-12-25,674.74,Delivered,24
4673,1487,101,2024-05-16,1174.75,Delivered,46
4674,830,278,2024-12-25,257.57,Delivered,38
4675,1216,219,2024-01-27,1029.59,Delivered,22
4676,1946,186,2024-08-24,736.8,Delivered,64
4677,590,258,2024-05-03,1028.5,Delivered,59
4678,1099,224,2024-11-22,1419.62,Cancelled,
4679,1971,229,2024-11-16,245.41,Delivered,32
4680,1328,288,2024-06-07,233.32,Pending,
4681,674,267,2024-04-19,967.4,Delivered,24
4682,487,138,2024-07-09,589.33,Delivered,68
4683,1588,273,2024-06-25,780.38,Delivered,68
4684,1000,193,2024-02-20,1015.07,Delivered,17
4685,319,236,2024-05-14,979.3,Delivered,64
4686,397,206,2024-11-13,1138.33,Delivered,43
4687,4,177,2024-11-06,452.27,Cancelled,
4688,1298,284,2024-12-16,1470.7,Cancelled,
4689,1476,278,2024-11-18,274.28,Delivered,60
4690,655,247,2024-11-02,825.48,Delivered,46
4691,1923,173,2024-07-25,151.91,Cancelled,
4692,53,149,2024-07-17,241.08,Delivered,44
4693,713,258,2024-12-03,1284.94,Delivered,43
4694,1536,110,2024-08-23,901.89,Delivered,51
4695,69,226,2024-12-24,936.34,Pending,
4696,641,181,2024-07-22,1365.41,Delivered,22
4697,1535,194,2024-05-01,1030.42,Delivered,43
4698,823,274,2024-11-12,1206.82,Cancelled,
4699,492,195,2024-07-01,1084.52,Delivered,17
4700,1002,115,2024-03-09,847.57,Delivered,32
4701,1596,122,2024-04-28,1221.18,Delivered,63
4702,398,257,2024-11-17,365.39,Cancelled,
4703,1866,180,2024-12-10,533.66,Delivered,42
4704,830,273,2024-06-09,771.7,Delivered,43
4705,1575,117,2024-05-17,828.22,Delivered,27
4706,1441,297,2024-12-07,115.41,Delivered,44
4707,1380,285,2024-11-23,1183.85,Delivered,68
4708,748,244,2024-07-18,1254.11,Pending,
4709,357,188,2024-12-12,681.11,Cancelled,
4710,1659,252,2024-12-28,1189.77,Delivered,24
4711,1816,230,2024-09-24,646.48,Delivered,20
4712,1660,133,2024-04-10,1215.47,Delivered,19
4713,541,261,2024-06-14,1313.43,Delivered,20
4714,1891,128,2024-11-24,865.18,Delivered,68
4715,683,259,2024-07-20,1467.44,Delivered,43
4716,1974,168,2024-05-19,628.56,Delivered,59
4717,440,147,2024-06-11,492.23,Delivered,22
4718,1067,125,2024-12-18,845.25,Delivered,20
4719,438,198,2024-04-06,815.69,Delivered,58
4720,693,137,2024-12-05,1255.74,Pending,
4721,206,277,2024-08-15,1272.5,Delivered,47
4722,617,300,2024-12-19,1356.93,Cancelled,
4723,1924,121,2024-12-12,288.41,Delivered,19
4724,535,270,2024-04-11,440.11,Delivered,18
4725,1842,125,2024-11-28,336.58,Delivered,39
4726,24,151,2024-11-30,1329.83,Delivered,33
4727,960,224,2024-12-06,114.79,Delivered,57
4728,1362,224,2024-10-05,432.13,Cancelled,
4729,773,137,2024-07-10,103.62,Delivered,56
4730,989,277,2024-11-21,682.45,Delivered,46
4731,302,111,2024-12-03,1283.78,Delivered,50
4732,102,269,2024-12-02,645.9,Delivered,17
4733,464,272,2024-12-24,516.32,Delivered,65
4734,821,166,2024-08-27,517.91,Delivered,40
4735,76,183,2024-12-16,1153.82,Delivered,39
4736,1607,165,2024-10-18,146.47,Cancelled,
4737,1322,104,2024-11-08,570.81,Delivered,60
4738,1969,253,2024-01-28,272.74,Delivered,62
4739,1769,196,2024-02-21,362.96,Pending,
4740,292,249,2024-01-06,747.32,Delivered,22
4741,1968,186,2024-02-04,937.71,Delivered,61
4742,284,300,2024-03-28,662.14,Delivered,23
4743,357,129,2024-01-13,870.56,Pending,
4744,933,194,2024-09-20,114.65,Delivered,27
4745,1583,195,2024-09-14,1258.58,Delivered,58
4746,1719,260,2024-01-03,671.56,Cancelled,
4747,491,184,2024-09-02,536.1,Delivered,39
4748,1176,156,2024-12-27,583.23,Delivered,25
4749,1505,121,2024-12-28,1230.93,Delivered,24
4750,1866,240,2024-11-05,899.9,Delivered,47
4751,1949,263,2024-09-03,892.77,Delivered,29
4752,695,295,2024-08-20,239.95,Cancelled,
4753,167,225,2024-04-08,145.72,Delivered,47
4754,926,115,2024-06-04,203.2,Delivered,59
4755,783,102,2024-12-31,649.02,Pending,
4756,1658,160,2024-11-19,877.39,Delivered,28
4757,490,215,2024-05-12,261.42,Pending,
4758,929,296,2024-08-22,750.7,Delivered,69
4759,125,103,2024-04-24,534.23,Cancelled,
4760,1386,263,2024-04-29,1279.86,Cancelled,
4761,1558,161,2024-11-14,347.87,Delivered,62
4762,1698,285,2024-06-19,1377.37,Cancelled,
4763,1836,168,2024-06-23,262.83,Delivered,34
4764,1112,172,2024-01-23,921.31,Cancelled,
4765,1486,156,2024-10-04,229.82,Delivered,39
4766,41,188,2024-03-24,777.11,Cancelled,
4767,1218,300,2024-07-03,1244.68,Delivered,66
4768,978,206,2024-02-23,250.5,Cancelled,
4769,1953,248,2024-06-06,1333.56,Delivered,33
4770,1380,291,2024-06-23,745.87,Pending,
4771,1158,217,2024-11-24,1056.37,Delivered,33
4772,1039,187,2024-12-13,134.62,Delivered,52
4773,22,256,2024-12-16,632.32,Delivered,62
4774,854,103,2024-07-13,1112.99,Delivered,70
4775,1954,267,2024-07-27,194.75,Pending,
4776,271,205,2024-08-31,147.28,Cancelled,
4777,1809,213,2024-08-12,934.6,Cancelled,
4778,84,294,2024-10-18,891.0,Delivered,24
4779,771,158,2024-10-28,357.23,Cancelled,
4780,143,272,2024-01-29,1424.89,Delivered,37
4781,253,134,2024-08-02,341.35,Delivered,41
4782,1106,268,2024-05-27,382.4,Delivered,27
4783,1402,299,2024-12-20,300.34,Delivered,31
4784,574,198,2024-11-25,1240.15,Delivered,68
4785,1738,197,2024-05-12,1090.81,Delivered,40
4786,1254,189,2024-04-07,577.43,Pending,
4787,1803,201,2024-11-08,938.3,Delivered,23
4788,1036,188,2024-12-15,1268.5,Delivered,65
4789,784,168,2024-12-26,1259.24,Delivered,33
4790,1089,223,2024-06-23,443.57,Delivered,52
4791,1294,293,2024-09-23,1196.62,Delivered,25
4792,742,190,2024-03-14,841.17,Delivered,35
4793,508,214,2024-06-03,1458.87,Delivered,36
4794,1640,108,2024-08-05,870.91,Cancelled,
4795,1115,202,2024-11-11,158.86,Delivered,25
4796,251,164,2024-09-03,147.86,Delivered,54
4797,1985,284,2024-10-13,661.8,Delivered,28
4798,1949,252,2024-12-04,284.41,Cancelled,
4799,1159,235,2024-03-22,1387.56,Pending,
4800,1018,152,2024-12-24,206.8,Delivered,66
4801,635,246,2024-07-28,343.15,Delivered,45
4802,1876,271,2024-06-07,520.58,Delivered,15
4803,481,150,2024-10-04,879.39,Delivered,45
4804,10,105,2024-12-14,157.86,Pending,
4805,999,180,2024-11-05,310.09,Delivered,24
4806,1395,141,2024-12-01,1153.0,Delivered,61
4807,1818,226,2024-07-06,1425.96,Delivered,40
4808,565,236,2024-03-11,1021.97,Delivered,18
4809,1779,169,2024-03-08,1324.22,Delivered,56
4810,1515,105,2024-07-01,339.56,Cancelled,
4811,518,171,2024-11-03,421.74,Delivered,18
4812,986,237,2024-06-23,509.3,Pending,
4813,1909,149,2024-12-06,1454.63,Pending,
4814,1951,227,2024-11-15,1064.31,Delivered,40
4815,1096,282,2024-08-06,168.56,Delivered,70
4816,532,186,2024-10-31,314.94,Delivered,40
4817,995,120,2024-12-12,844.13,Pending,
4818,1442,126,2024-08-23,109.75,Delivered,17
4819,1480,128,2024-09-11,953.03,Cancelled,
4820,1371,134,2024-11-08,590.56,Delivered,17
4821,245,244,2024-12-16,1109.22,Delivered,30
4822,465,281,2024-12-06,729.95,Delivered,68
4823,551,248,2024-04-11,1155.53,Delivered,47
4824,331,252,2024-06-24,849.74,Delivered,35
4825,1661,132,2024-12-23,395.42,Cancelled,
4826,171,173,2024-01-10,1365.65,Cancelled,
4827,685,218,2024-12-24,254.98,Delivered,26
4828,613,244,2024-05-01,915.95,Delivered,39
4829,267,189,2024-09-21,1395.95,Delivered,59
4830,144,146,2024-12-06,1433.46,Cancelled,
4831,1491,216,2024-12-29,1004.07,Cancelled,
4832,984,144,2024-05-12,515.89,Delivered,27
4833,1290,188,2024-11-14,1355.43,Pending,
4834,1015,143,2024-07-11,606.66,Delivered,36
4835,1852,204,2024-06-06,411.92,Pending,
4836,1775,274,2024-03-21,958.74,Delivered,63
4837,1651,158,2024-12-04,1006.18,Delivered,23
4838,601,221,2024-08-02,1445.41,Delivered,61
4839,103,246,2024-12-08,192.14,Delivered,45
4840,468,223,2024-05-27,1330.57,Delivered,39
4841,1423,300,2024-03-11,276.25,Delivered,53
4842,315,109,2024-12-20,939.43,Delivered,53
4843,1558,122,2024-05-17,1392.13,Delivered,21
4844,1391,186,2024-11-15,252.23,Delivered,63
4845,943,148,2024-07-21,535.03,Delivered,31
4846,1007,185,2024-01-07,1330.32,Delivered,48
4847,545,133,2024-04-24,404.4,Delivered,54
4848,1081,289,2024-12-21,528.64,Delivered,51
4849,1104,264,2024-12-20,1447.96,Delivered,54
4850,855,276,2024-12-21,773.82,Cancelled,
4851,1633,122,2024-05-07,1308.26,Delivered,65
4852,346,143,2024-03-24,1138.46,Cancelled,
4853,1493,300,2024-11-20,114.84,Delivered,24
4854,1240,245,2024-11-02,1084.44,Delivered,42
4855,616,217,2024-11-26,536.47,Delivered,43
4856,1031,226,2024-12-17,1087.93,Delivered,31
4857,1349,114,2024-05-25,346.45,Delivered,22
4858,821,259,2024-03-14,1113.77,Delivered,62
4859,887,214,2024-05-17,1424.53,Delivered,54
4860,403,179,2024-12-16,904.4,Delivered,32
4861,655,155,2024-12-09,925.95,Delivered,65
4862,1411,189,2024-11-30,881.11,Delivered,36
4863,936,151,2024-12-21,1256.39,Delivered,29
4864,505,106,2024-04-29,488.13,Delivered,55
4865,1840,274,2024-11-11,1480.06,Delivered,34
4866,208,146,2024-12-18,765.91,Delivered,16
4867,1298,246,2024-04-07,1100.41,Cancelled,
4868,323,115,2024-11-22,162.75,Delivered,40
4869,99,133,2024-11-08,557.31,Delivered,46
4870,1452,123,2024-07-01,553.97,Cancelled,
4871,111,251,2024-05-16,987.67,Delivered,32
4872,312,139,2024-12-17,1045.15,Delivered,40
4873,626,119,2024-12-09,318.78,Delivered,69
4874,180,134,2024-12-02,1221.1,Delivered,46
4875,1579,233,2024-11-05,1282.27,Delivered,16
4876,716,284,2024-12-18,534.08,Delivered,63
4877,1995,118,2024-08-28,254.11,Cancelled,
4878,1758,294,2024-12-01,1429.15,Delivered,42
4879,1634,160,2024-12-02,984.53,Delivered,32
4880,839,163,2024-12-20,702.82,Delivered,23
4881,1732,120,2024-10-01,1019.99,Delivered,30
4882,648,134,2024-12-19,101.09,Delivered,19
4883,641,111,2024-11-03,540.15,Pending,
4884,1351,199,2024-07-02,1034.7,Delivered,53
4885,913,218,2024-06-05,365.79,Delivered,59
4886,1975,209,2024-12-29,807.26,Delivered,21
4887,91,121,2024-08-01,1125.83,Delivered,61
4888,444,254,2024-12-23,818.82,Pending,
4889,1142,126,2024-04-16,153.57,Delivered,57
4890,235,199,2024-10-11,832.2,Delivered,47
4891,969,282,2024-06-29,224.03,Delivered,41
4892,1907,253,2024-11-22,978.79,Delivered,36
4893,820,295,2024-03-23,632.27,Delivered,48
4894,71,104,2024-03-20,1100.35,Delivered,67
4895,4,286,2024-10-10,257.16,Delivered,43
4896,317,262,2024-11-13,592.39,Delivered,16
4897,955,233,2024-12-16,1096.69,Delivered,49
4898,455,113,2024-11-05,720.82,Pending,
4899,1557,254,2024-10-18,619.72,Delivered,37
4900,582,256,2024-07-29,746.03,Delivered,31
4901,794,224,2024-11-02,1421.35,Delivered,48
4902,1055,286,2024-07-09,195.73,Pending,
4903,692,296,2024-02-21,217.6,Delivered,37
4904,883,112,2024-11-07,1213.85,Delivered,28
4905,622,164,2024-02-15,805.29,Cancelled,
4906,430,251,2024-01-09,1107.66,Delivered,37
4907,1084,189,2024-04-19,436.32,Cancelled,
4908,1441,223,2024-05-03,125.8,Delivered,21
4909,776,227,2024-09-03,251.57,Delivered,68
4910,852,128,2024-10-07,772.68,Delivered,15
4911,1746,127,2024-12-12,180.61,Delivered,67
4912,595,187,2024-12-12,180.92,Delivered,33
4913,1209,109,2024-01-19,1032.13,Pending,
4914,1727,154,2024-09-10,662.05,Cancelled,
4915,486,234,2024-03-10,533.8,Delivered,40
4916,440,104,2024-12-20,1180.71,Delivered,48
4917,451,298,2024-01-15,141.87,Delivered,33
4918,458,181,2024-11-19,965.85,Delivered,16
4919,1008,278,2024-05-22,248.9,Delivered,35
4920,556,206,2024-03-19,816.78,Cancelled,
4921,1420,150,2024-09-24,947.89,Delivered,25
4922,298,187,2024-12-19,558.23,Delivered,18
4923,9,143,2024-11-02,281.49,Delivered,17
4924,763,198,2024-08-19,1294.36,Delivered,26
4925,737,121,2024-09-22,889.41,Delivered,67
4926,538,127,2024-11-18,332.4,Pending,
4927,1808,104,2024-11-26,663.57,Delivered,60
4928,1111,130,2024-04-21,910.76,Cancelled,
4929,1080,242,2024-11-17,780.28,Delivered,52
4930,1141,198,2024-08-01,216.06,Delivered,45
4931,801,257,2024-12-05,1234.44,Delivered,34
4932,621,140,2024-11-10,1218.94,Delivered,59
4933,1138,139,2024-12-04,1270.95,Delivered,61
4934,145,163,2024-04-30,746.83,Delivered,38
4935,86,158,2024-02-26,1378.76,Delivered,59
4936,313,198,2024-11-19,922.02,Delivered,31
4937,1614,132,2024-05-07,1037.35,Delivered,15
4938,785,122,2024-11-29,1402.95,Delivered,70
4939,1027,246,2024-03-04,1263.15,Delivered,61
4940,646,197,2024-12-12,938.95,Delivered,61
4941,996,205,2024-12-08,1187.89,Delivered,19
4942,1985,112,2024-11-05,493.27,Delivered,63
4943,143,233,2024-12-30,1301.01,Pending,
4944,1298,127,2024-12-30,1476.58,Delivered,59
4945,1442,160,2024-12-10,262.18,Delivered,34
4946,639,216,2024-11-23,679.7,Delivered,65
4947,98,199,2024-05-31,1024.82,Pending,
4948,940,235,2024-11-01,377.11,Delivered,66
4949,1654,191,2024-07-18,480.47,Cancelled,
4950,257,296,2024-11-20,1025.95,Cancelled,
4951,1229,169,2024-08-20,1115.9,Delivered,29
4952,440,216,2024-12-09,978.34,Pending,
4953,922,101,2024-04-27,445.71,Delivered,60
4954,469,201,2024-11-10,504.5,Delivered,67
4955,1291,204,2024-02-06,106.03,Delivered,16
4956,460,143,2024-08-18,590.83,Delivered,59
4957,1323,243,2024-12-01,1395.64,Delivered,30
4958,180,276,2024-02-11,137.47,Pending,
4959,1235,204,2024-05-31,669.81,Delivered,25
4960,660,158,2024-07-17,1403.43,Delivered,18
4961,576,213,2024-12-03,660.01,Delivered,50
4962,776,299,2024-10-25,1242.83,Delivered,47
4963,517,233,2024-10-31,1357.46,Delivered,40
4964,1656,128,2024-11-03,1389.89,Cancelled,
4965,1635,220,2024-11-04,722.32,Delivered,56
4966,985,181,2024-06-07,933.73,Delivered,67
4967,1914,110,2024-02-22,254.91,Delivered,43
4968,219,247,2024-08-04,1265.01,Delivered,32
4969,1262,107,2024-11-05,475.27,Delivered,20
4970,1935,192,2024-12-07,692.02,Delivered,29
4971,476,160,2024-09-22,524.25,Delivered,59
4972,1896,188,2024-03-23,420.34,Delivered,45
4973,1590,275,2024-11-13,1117.65,Delivered,30
4974,1858,101,2024-01-29,535.56,Delivered,39
4975,1284,204,2024-04-19,1107.08,Delivered,62
4976,1257,223,2024-08-21,429.5,Cancelled,
4977,444,246,2024-08-06,1072.26,Delivered,32
4978,1038,227,2024-03-18,1400.73,Delivered,65
4979,1529,244,2024-09-26,626.56,Delivered,57
4980,499,260,2024-11-30,1022.39,Delivered,50
4981,929,270,2024-12-14,209.54,Delivered,32
4982,1181,152,2024-09-03,1384.38,Delivered,43
4983,1920,109,2024-07-06,609.37,Delivered,45
4984,1788,159,2024-08-24,950.53,Delivered,60
4985,249,200,2024-11-01,650.48,Pending,
4986,1255,149,2024-07-08,1150.16,Delivered,34
4987,821,154,2024-09-30,1071.55,Cancelled,
4988,32,127,2024-12-05,1468.05,Delivered,38
4989,996,102,2024-04-28,939.02,Delivered,31
4990,1355,134,2024-02-20,1114.02,Delivered,40
4991,1954,292,2024-03-18,606.96,Delivered,53
4992,1708,267,2024-11-01,969.59,Delivered,39
4993,110,102,2024-11-05,1197.28,Delivered,57
4994,1579,292,2024-12-22,557.38,Delivered,41
4995,145,250,2024-10-14,461.09,Delivered,64
4996,1530,260,2024-02-11,295.04,Delivered,69
4997,474,101,2024-12-17,878.46,Delivered,56
4998,1565,150,2024-06-04,1032.41,Delivered,68
4999,1174,260,2024-12-13,1061.24,Pending,
5000,1747,204,2024-04-10,1043.4,Delivered,19
5001,126,168,2024-09-27,274.82,Cancelled,
5002,1943,261,2024-11-26,1298.51,Delivered,35
5003,1485,208,2024-11-08,277.02,Delivered,64
5004,1087,241,2024-11-08,129.39,Delivered,63
5005,168,235,2024-07-22,1250.73,Delivered,45
5006,788,117,2024-11-17,1464.65,Delivered,68
5007,60,140,2024-11-16,1170.41,Delivered,53
5008,489,209,2024-06-11,1378.29,Delivered,41
5009,1736,219,2024-01-08,1271.24,Delivered,29
5010,1601,248,2024-12-31,900.19,Delivered,57
5011,368,188,2024-12-27,847.12,Delivered,66
5012,931,127,2024-12-26,943.5,Cancelled,
5013,1195,167,2024-11-15,894.74,Delivered,26
5014,642,148,2024-07-31,1166.25,Delivered,34
5015,1401,234,2024-12-31,447.64,Delivered,64
5016,1441,287,2024-09-16,258.15,Delivered,19
5017,634,157,2024-11-27,460.51,Pending,
5018,51,183,2024-09-02,219.24,Delivered,35
5019,1439,190,2024-12-03,1194.43,Delivered,64
5020,1312,200,2024-03-26,1192.0,Pending,
5021,981,257,2024-12-29,598.86,Delivered,59
5022,312,105,2024-05-16,1436.34,Delivered,44
5023,345,130,2024-07-22,653.38,Delivered,28
5024,299,149,2024-11-19,201.44,Delivered,26
5025,1275,182,2024-12-09,925.21,Cancelled,
5026,960,298,2024-11-29,1458.24,Delivered,53
5027,1702,192,2024-10-23,542.19,Delivered,19
5028,1156,265,2024-05-10,1107.74,Delivered,58
5029,175,119,2024-12-13,403.2,Delivered,44
5030,25,156,2024-08-05,307.78,Delivered,40
5031,1962,268,2024-08-08,245.7,Delivered,38
5032,1942,243,2024-12-24,324.51,Delivered,16
5033,1632,104,2024-07-04,657.09,Delivered,17
5034,1522,231,2024-10-22,1449.61,Delivered,55
5035,1145,136,2024-04-24,1446.17,Delivered,66
5036,227,111,2024-12-15,1102.56,Pending,
5037,416,122,2024-11-28,421.34,Delivered,37
5038,1562,175,2024-03-17,357.45,Cancelled,
5039,274,102,2024-11-28,1282.94,Pending,
5040,605,136,2024-05-09,1261.45,Delivered,42
5041,1397,284,2024-12-09,1077.46,Delivered,55
5042,811,184,2024-12-09,1123.92,Delivered,37
5043,680,124,2024-01-10,125.65,Delivered,20
5044,67,232,2024-11-19,1064.09,Delivered,60
5045,264,133,2024-03-29,391.19,Delivered,15
5046,430,208,2024-11-28,288.5,Delivered,35
5047,79,140,2024-09-27,423.28,Delivered,57
5048,557,275,2024-12-22,995.64,Delivered,44
5049,678,153,2024-08-10,1174.53,Delivered,69
5050,1960,244,2024-12-08,256.6,Delivered,60
5051,812,157,2024-12-23,1359.79,Delivered,54
5052,790,243,2024-12-12,527.77,Delivered,28
5053,1758,101,2024-11-17,1373.83,Delivered,16
5054,798,126,2024-05-15,912.4,Delivered,16
5055,1405,240,2024-12-20,1128.13,Pending,
5056,57,126,2024-12-11,232.98,Delivered,34
5057,293,249,2024-12-20,337.94,Delivered,52
5058,266,176,2024-11-22,108.5,Delivered,56
5059,1249,205,2024-12-27,681.98,Delivered,22
5060,676,142,2024-07-09,323.72,Delivered,59
5061,334,135,2024-10-09,1409.63,Delivered,47
5062,1716,241,2024-11-29,1007.09,Delivered,30
5063,717,170,2024-12-24,1291.17,Delivered,46
5064,829,145,2024-12-12,377.87,Delivered,17
5065,1581,128,2024-12-28,561.46,Delivered,67
5066,665,182,2024-08-10,1268.75,Cancelled,
5067,913,281,2024-10-02,348.04,Delivered,29
5068,169,214,2024-12-07,126.15,Delivered,16
5069,522,192,2024-09-30,1347.25,Pending,
5070,15,281,2024-08-29,264.83,Pending,
5071,885,118,2024-06-07,1257.54,Delivered,26
5072,1248,157,2024-12-25,559.87,Delivered,57
5073,1497,194,2024-04-02,163.27,Delivered,51
5074,834,214,2024-12-01,939.42,Delivered,21
5075,1394,149,2024-10-30,1216.47,Delivered,16
5076,1452,179,2024-08-27,676.35,Delivered,43
5077,1791,165,2024-12-25,1055.96,Delivered,39
5078,2,241,2024-07-01,1455.17,Cancelled,
5079,1867,110,2024-02-25,1329.47,Delivered,26
5080,239,299,2024-11-24,1093.05,Delivered,18
5081,16,232,2024-11-29,705.67,Delivered,23
5082,1376,230,2024-09-21,921.4,Delivered,15
5083,1407,227,2024-12-27,248.16,Delivered,62
5084,505,288,2024-11-05,1157.14,Cancelled,
5085,1183,253,2024-11-06,986.76,Delivered,59
5086,807,113,2024-04-22,395.74,Cancelled,
5087,1533,239,2024-12-12,593.87,Delivered,47
5088,749,288,2024-10-14,1305.09,Pending,
5089,813,232,2024-10-06,1182.16,Delivered,64
5090,481,248,2024-12-22,439.8,Delivered,56
5091,9,221,2024-12-07,498.39,Delivered,65
5092,567,181,2024-11-24,1023.23,Delivered,32
5093,226,112,2024-10-24,1367.88,Delivered,62
5094,873,135,2024-06-24,498.73,Delivered,34
5095,1575,216,2024-10-17,252.78,Delivered,16
5096,1919,288,2024-11-21,911.63,Pending,
5097,429,257,2024-11-16,991.56,Delivered,44
5098,1664,256,2024-10-20,1452.58,Delivered,47
5099,1752,181,2024-04-24,1390.71,Cancelled,
5100,676,207,2024-10-09,200.86,Cancelled,
5101,1078,180,2024-04-21,1487.38,Delivered,46
5102,1723,278,2024-11-28,1013.02,Delivered,66
5103,1407,220,2024-07-17,231.49,Delivered,35
5104,1347,107,2024-01-02,788.7,Pending,
5105,447,200,2025-06-15,367.05,Pending,
5106,659,173,2024-12-27,364.73,Delivered,23
5107,1954,242,2024-12-19,160.51,Delivered,29
5108,179,296,2024-03-11,1401.58,Delivered,35
5109,401,141,2024-06-09,1072.1,Delivered,66
5110,244,173,2024-03-20,467.47,Delivered,27
5111,287,133,2024-11-30,782.22,Delivered,42
5112,1623,257,2024-11-02,919.22,Delivered,35
5113,754,189,2024-01-22,1378.55,Delivered,17
5114,84,206,2024-11-16,203.1,Delivered,34
5115,544,193,2024-08-28,1218.87,Delivered,64
5116,328,128,2024-05-07,1398.04,Delivered,55
5117,303,223,2024-01-08,1279.83,Delivered,16
5118,897,289,2024-03-19,336.4,Delivered,49
5119,1330,161,2024-11-19,136.98,Delivered,33
5120,581,208,2024-06-29,447.67,Delivered,31
5121,760,195,2024-12-30,576.15,Delivered,18
5122,259,205,2024-11-21,700.19,Cancelled,
5123,1021,225,2024-11-06,1222.81,Delivered,65
5124,444,160,2024-09-06,673.92,Delivered,51
5125,1482,254,2024-12-13,1252.87,Delivered,16
5126,1065,146,2024-05-05,660.43,Delivered,61
5127,1354,137,2024-08-05,1345.71,Delivered,26
5128,1940,276,2024-11-03,889.93,Delivered,36
5129,1386,106,2024-08-22,1182.56,Delivered,42
5130,1318,219,2024-12-16,193.99,Delivered,58
5131,221,145,2024-11-13,917.63,Delivered,31
5132,634,257,2024-11-27,938.79,Delivered,22
5133,784,147,2024-10-09,1008.67,Delivered,63
5134,1406,160,2024-11-21,1297.24,Delivered,62
5135,1222,141,2024-07-12,1196.48,Delivered,22
5136,6,187,2024-11-30,219.06,Delivered,41
5137,87,115,2024-03-05,1338.24,Pending,
5138,478,268,2024-05-23,354.56,Delivered,35
5139,586,259,2024-09-08,1129.47,Pending,
5140,1821,214,2024-10-07,1406.95,Delivered,40
5141,397,139,2024-12-12,825.97,Delivered,20
5142,343,208,2024-10-10,174.22,Delivered,31
5143,852,281,2024-09-14,911.43,Delivered,62
5144,1805,170,2024-01-07,1282.5,Delivered,67
5145,1419,105,2024-05-15,715.94,Delivered,67
5146,702,146,2024-04-21,734.27,Cancelled,
5147,1424,165,2024-10-07,1368.6,Delivered,15
5148,905,101,2024-12-23,948.39,Delivered,35
5149,981,220,2024-01-28,1491.61,Delivered,24
5150,1854,258,2024-11-06,735.26,Delivered,49
5151,628,140,2024-02-01,1213.79,Delivered,47
5152,1632,138,2024-12-17,1107.37,Delivered,31
5153,245,213,2024-11-21,374.23,Cancelled,
5154,153,266,2024-08-05,146.59,Delivered,61
5155,1469,202,2024-01-06,1212.86,Delivered,59
5156,1719,265,2024-06-05,1499.24,Delivered,55
5157,132,137,2024-09-25,367.27,Delivered,26
5158,1559,296,2024-03-09,879.3,Delivered,30
5159,765,273,2024-02-12,1273.84,Delivered,20
5160,1182,255,2024-12-09,878.91,Delivered,50
5161,41,234,2024-12-25,265.9,Delivered,59
5162,1054,300,2024-07-23,780.26,Delivered,38
5163,350,111,2024-11-28,244.84,Delivered,45
5164,1694,174,2024-11-14,414.91,Pending,
5165,1186,196,2024-11-01,631.03,Delivered,56
5166,1868,176,2024-12-08,175.19,Delivered,20
5167,72,247,2024-01-27,1046.8,Delivered,67
5168,218,228,2024-07-04,139.31,Delivered,15
5169,763,113,2024-12-12,504.68,Cancelled,
5170,335,276,2024-11-16,421.5,Delivered,17
5171,168,104,2024-03-29,968.15,Cancelled,
5172,747,260,2024-08-30,476.64,Cancelled,
5173,1382,278,2024-06-19,996.01,Delivered,35
5174,1219,292,2024-06-07,456.17,Delivered,37
5175,310,199,2024-12-14,961.74,Delivered,57
5176,1329,143,2024-11-05,666.25,Delivered,37
5177,1595,285,2024-11-18,155.09,Delivered,20
5178,1845,149,2024-12-29,1193.37,Delivered,70
5179,910,209,2024-07-21,1138.18,Cancelled,
5180,777,237,2024-12-13,1360.71,Delivered,68
5181,1086,182,2024-12-19,223.77,Cancelled,
5182,617,254,2024-07-04,829.35,Delivered,48
5183,1043,121,2024-12-07,957.18,Pending,
5184,120,155,2024-06-21,804.64,Delivered,33
5185,1505,112,2024-08-15,457.69,Delivered,16
5186,1157,259,2024-08-11,392.74,Delivered,38
5187,1567,163,2024-11-28,1131.29,Delivered,21
5188,1846,130,2024-12-31,179.46,Pending,
5189,762,278,2024-09-30,450.4,Delivered,47
5190,1249,242,2024-06-13,935.04,Delivered,19
5191,498,192,2024-07-29,264.9,Delivered,18
5192,1677,269,2024-12-21,377.98,Delivered,59
5193,1919,237,2024-12-18,155.84,Delivered,24
5194,1345,208,2024-11-22,962.68,Cancelled,
5195,1358,135,2024-12-24,564.64,Pending,
5196,1693,142,2024-09-21,1317.63,Cancelled,
5197,1888,241,2024-11-08,297.27,Delivered,69
5198,1554,173,2024-12-15,457.54,Pending,
5199,574,215,2024-10-31,512.56,Delivered,44
5200,1963,127,2024-10-07,1386.39,Cancelled,
5201,1627,147,2024-11-27,209.93,Delivered,46
5202,689,238,2024-11-17,581.79,Delivered,54
5203,1705,147,2024-08-07,967.54,Pending,
5204,1062,267,2024-10-28,1490.41,Pending,
5205,945,221,2024-11-17,561.15,Delivered,43
5206,1554,176,2024-04-30,488.69,Delivered,54
5207,1897,135,2024-10-24,1487.57,Delivered,41
5208,1824,101,2024-11-04,708.95,Cancelled,
5209,682,270,2024-12-23,914.0,Delivered,39
5210,1835,164,2024-01-14,255.23,Delivered,68
5211,1082,174,2024-09-02,945.66,Delivered,61
5212,1615,272,2024-11-07,1389.57,Delivered,38
5213,839,242,2024-03-10,1087.35,Delivered,70
5214,1836,116,2024-08-26,139.51,Delivered,36
5215,1257,165,2024-06-10,1454.92,Delivered,39
5216,72,134,2024-08-18,989.93,Delivered,30
5217,509,114,2024-11-28,1444.31,Delivered,66
5218,1813,267,2024-09-08,194.37,Delivered,55
5219,1329,142,2024-11-29,1321.09,Delivered,41
5220,386,117,2024-02-23,282.08,Delivered,28
5221,1114,279,2024-12-04,1286.41,Pending,
5222,1852,225,2024-01-25,1368.64,Delivered,19
5223,654,279,2024-06-26,971.62,Pending,
5224,679,232,2024-04-28,595.1,Delivered,60
5225,1707,176,2024-12-29,140.21,Pending,
5226,1394,234,2024-11-08,206.44,Delivered,57
5227,1072,281,2024-08-09,917.6,Delivered,68
5228,1951,258,2024-12-07,1391.28,Pending,
5229,1559,180,2024-12-02,1346.79,Pending,
5230,587,215,2024-06-17,315.76,Delivered,20
5231,1372,157,2024-03-26,1240.29,Pending,
5232,1138,218,2024-12-16,1156.49,Delivered,28
5233,1528,141,2024-04-16,1314.45,Delivered,48
5234,894,176,2024-11-28,1401.25,Cancelled,
5235,1117,200,2024-12-30,858.21,Delivered,26
5236,966,137,2024-07-12,1474.18,Delivered,24
5237,13,230,2024-09-04,728.37,Delivered,68
5238,551,213,2024-01-04,669.38,Pending,
5239,467,157,2024-12-10,585.74,Delivered,45
5240,498,188,2024-03-29,370.03,Delivered,69
5241,1648,216,2024-12-31,1173.94,Delivered,31
5242,678,155,2024-11-22,1088.01,Cancelled,
5243,448,116,2024-08-24,408.88,Delivered,25
5244,1128,189,2024-08-17,1391.89,Delivered,34
5245,1453,142,2024-01-22,1168.62,Delivered,36
5246,701,187,2024-11-26,829.69,Delivered,52
5247,1630,216,2024-08-22,1008.93,Delivered,21
5248,213,207,2024-10-12,852.41,Delivered,38
5249,1616,250,2024-05-26,659.62,Cancelled,
5250,477,236,2024-06-24,632.16,Delivered,34
5251,1975,172,2025-06-15,1144.58,Delivered,46
5252,1529,159,2024-12-15,349.64,Delivered,59
5253,334,173,2024-06-18,593.15,Cancelled,
5254,1881,277,2024-01-06,1022.93,Delivered,25
5255,490,274,2024-06-09,915.76,Delivered,25
5256,864,171,2024-11-26,133.64,Pending,
5257,1218,183,2024-11-05,280.28,Delivered,29
5258,1761,163,2024-01-15,1071.33,Delivered,61
5259,1937,230,2024-07-11,301.29,Delivered,30
5260,729,209,2024-01-28,548.66,Pending,
5261,1588,120,2024-12-13,123.67,Delivered,38
5262,1677,156,2024-11-17,1272.79,Delivered,35
5263,827,218,2024-12-10,1018.31,Cancelled,
5264,340,231,2024-02-06,1497.18,Delivered,38
5265,1246,211,2024-07-07,747.75,Delivered,37
5266,1968,227,2024-11-21,956.25,Delivered,38
5267,53,188,2024-12-11,435.99,Delivered,23
5268,1154,282,2024-08-14,260.63,Pending,
5269,747,174,2024-10-13,413.96,Delivered,25
5270,1413,181,2024-12-24,1027.93,Delivered,24
5271,1657,116,2024-12-08,1183.1,Pending,
5272,336,299,2024-07-20,1010.16,Delivered,70
5273,138,257,2024-04-04,229.54,Delivered,46
5274,605,282,2024-11-09,184.06,Delivered,17
5275,1617,271,2024-12-10,640.0,Delivered,44
5276,415,107,2024-10-07,298.1,Delivered,27
5277,1685,287,2024-05-03,341.22,Delivered,65
5278,346,289,2024-05-26,113.45,Delivered,52
5279,411,298,2024-05-28,1001.58,Delivered,51
5280,514,124,2024-12-15,223.97,Pending,
5281,1846,110,2024-12-03,330.67,Cancelled,
5282,1171,182,2024-02-01,1090.36,Delivered,67
5283,980,256,2024-02-15,290.81,Delivered,24
5284,666,178,2024-02-14,875.16,Delivered,65
5285,234,153,2024-04-29,466.78,Pending,
5286,1455,194,2024-04-13,400.07,Delivered,59
5287,361,219,2024-07-31,222.06,Cancelled,
5288,490,175,2024-02-29,1175.2,Delivered,16
5289,1584,143,2024-12-22,1090.85,Pending,
5290,172,158,2024-11-18,928.89,Delivered,50
5291,71,142,2024-11-04,171.04,Pending,
5292,1321,236,2024-10-23,631.78,Delivered,34
5293,1658,193,2024-11-07,1254.3,Delivered,58
5294,1180,252,2024-11-09,198.15,Delivered,27
5295,658,201,2024-12-22,389.66,Cancelled,
5296,1965,139,2024-11-27,1333.4,Delivered,46
5297,111,177,2024-12-30,1331.99,Delivered,45
5298,175,103,2024-04-21,1067.09,Delivered,54
5299,236,230,2024-09-02,506.79,Delivered,67
5300,1776,108,2024-12-16,388.32,Delivered,16
5301,1564,164,2024-12-21,468.9,Delivered,42
5302,57,227,2024-12-27,826.93,Delivered,37
5303,119,284,2024-06-26,1151.58,Delivered,37
5304,1449,268,2024-04-25,205.34,Delivered,63
5305,1529,154,2024-11-01,1269.35,Cancelled,
5306,1966,265,2024-02-09,229.95,Delivered,35
5307,1579,277,2024-01-16,1435.75,Delivered,70
5308,1581,153,2024-11-25,1317.5,Delivered,15
5309,708,253,2024-07-25,1379.6,Delivered,40
5310,1406,255,2024-12-15,291.69,Delivered,28
5311,1414,219,2024-12-01,251.33,Delivered,48
5312,1677,103,2024-10-23,793.67,Delivered,32
5313,1344,113,2024-04-11,449.51,Delivered,34
5314,442,108,2024-07-26,572.7,Pending,
5315,1594,226,2024-12-26,1074.18,Pending,
5316,1131,150,2024-11-29,339.54,Cancelled,
5317,687,254,2024-10-22,790.04,Delivered,48
5318,1743,184,2024-12-20,297.92,Delivered,50
5319,1937,187,2024-07-01,542.91,Delivered,28
5320,1271,297,2024-12-06,1436.74,Delivered,28
5321,1883,180,2024-03-25,1189.6,Delivered,42
5322,1016,239,2024-04-15,866.93,Cancelled,
5323,401,202,2024-11-21,369.51,Delivered,49
5324,35,109,2024-11-15,675.67,Cancelled,
5325,746,233,2024-11-26,1358.02,Delivered,48
5326,883,289,2024-12-30,472.05,Delivered,29
5327,1006,297,2024-11-02,660.45,Delivered,44
5328,682,189,2024-10-21,719.17,Delivered,17
5329,250,167,2024-06-03,106.82,Delivered,22
5330,1535,299,2024-12-21,211.26,Cancelled,
5331,366,240,2024-11-19,1095.87,Delivered,19
5332,149,207,2024-03-01,242.77,Delivered,16
5333,1761,151,2024-02-08,225.06,Delivered,40
5334,1533,292,2024-11-21,578.37,Delivered,39
5335,1990,190,2024-03-30,1138.13,Pending,
5336,1987,164,2024-05-10,1394.86,Delivered,46
5337,926,123,2024-01-14,377.77,Delivered,55
5338,1405,181,2024-11-21,1286.64,Delivered,58
5339,841,209,2024-11-14,1489.47,Delivered,20
5340,1231,206,2024-03-11,313.06,Delivered,29
5341,1984,234,2024-10-27,760.21,Delivered,58
5342,258,277,2024-12-24,1117.49,Cancelled,
5343,1524,154,2024-09-28,424.46,Delivered,57
5344,1610,115,2024-06-15,1272.82,Cancelled,
5345,44,250,2024-11-01,1193.25,Delivered,41
5346,1399,193,2024-11-07,197.49,Delivered,66
5347,1420,167,2024-01-10,436.77,Pending,
5348,1287,165,2024-04-06,1320.25,Cancelled,
5349,1665,219,2024-12-14,687.96,Cancelled,
5350,1901,247,2024-12-12,906.96,Delivered,34
5351,1662,147,2024-06-30,457.12,Delivered,42
5352,1180,185,2024-12-23,218.36,Cancelled,
5353,1726,279,2024-06-30,1282.64,Delivered,45
5354,703,144,2024-01-07,257.14,Delivered,56
5355,916,153,2024-11-29,911.94,Delivered,59
5356,1539,182,2024-04-29,538.26,Delivered,67
5357,839,283,2024-11-14,1252.64,Delivered,32
5358,1863,288,2024-09-06,1105.8,Delivered,18
5359,186,214,2024-12-05,1452.34,Delivered,23
5360,1399,283,2024-11-21,1018.56,Cancelled,
5361,830,120,2024-05-02,157.34,Delivered,70
5362,1594,245,2024-11-18,225.81,Delivered,26
5363,1282,281,2024-05-05,538.73,Delivered,64
5364,307,239,2024-11-13,776.75,Pending,
5365,1659,221,2024-07-26,1021.81,Pending,
5366,256,269,2024-12-28,293.93,Delivered,39
5367,561,264,2024-12-30,761.29,Delivered,36
5368,1061,244,2024-12-16,1120.53,Delivered,68
5369,1075,220,2024-12-11,1346.15,Delivered,19
5370,1910,285,2024-09-06,1118.81,Delivered,22
5371,854,131,2024-12-29,661.86,Delivered,39
5372,1460,267,2024-11-06,1499.1,Pending,
5373,494,116,2024-08-22,608.54,Delivered,26
5374,1499,297,2024-12-28,785.26,Pending,
5375,1879,240,2024-06-21,1458.1,Delivered,30
5376,1018,285,2024-05-29,883.4,Cancelled,
5377,939,102,2024-12-05,884.71,Delivered,55
5378,302,188,2024-11-21,1403.99,Delivered,20
5379,1538,267,2024-10-11,1259.64,Pending,
5380,1985,142,2024-07-26,776.3,Delivered,54
5381,838,271,2024-01-10,307.76,Delivered,38
5382,1865,285,2024-10-08,1489.85,Delivered,44
5383,130,205,2024-12-18,1255.38,Pending,
5384,274,128,2024-01-01,1260.75,Delivered,58
5385,1526,221,2024-12-18,1148.97,Delivered,43
5386,96,163,2024-02-01,838.82,Pending,
5387,1540,288,2024-12-31,1087.07,Delivered,63
5388,1654,249,2024-11-02,798.19,Delivered,51
5389,1975,232,2024-12-02,479.85,Delivered,58
5390,1424,278,2024-06-04,857.15,Delivered,58
5391,361,258,2024-01-31,1293.39,Delivered,58
5392,1769,169,2024-07-21,543.33,Delivered,42
5393,965,202,2024-05-21,225.74,Pending,
5394,329,229,2024-12-07,480.02,Cancelled,
5395,1183,190,2024-12-28,1229.05,Delivered,34
5396,684,296,2024-11-09,185.41,Delivered,26
5397,814,257,2024-04-25,181.69,Delivered,69
5398,1523,200,2024-05-10,583.44,Delivered,43
5399,457,162,2024-12-28,1102.05,Delivered,0
5400,1544,299,2024-01-21,1125.42,Delivered,36
5401,178,211,2024-03-16,1006.21,Delivered,44
5402,819,291,2024-03-03,275.2,Pending,
5403,410,224,2024-10-21,930.98,Delivered,18
5404,1475,192,2024-04-17,659.22,Delivered,53
5405,1907,154,2024-12-01,708.27,Delivered,31
5406,266,139,2024-06-30,1076.01,Delivered,64
5407,1939,298,2024-08-26,295.74,Delivered,46
5408,1381,146,2024-12-18,911.62,Delivered,17
5409,478,159,2024-12-23,1100.13,Delivered,15
5410,1113,278,2024-03-13,1016.97,Delivered,17
5411,419,291,2024-05-16,376.52,Delivered,63
5412,403,275,2024-12-10,852.37,Pending,
5413,432,237,2024-11-25,988.46,Delivered,23
5414,738,266,2024-10-07,976.31,Delivered,32
5415,952,157,2024-10-30,833.27,Delivered,63
5416,1916,276,2024-09-01,1429.27,Delivered,49
5417,34,268,2024-05-31,617.34,Delivered,34
5418,620,287,2024-03-14,234.2,Cancelled,
5419,1364,279,2024-04-23,748.99,Delivered,42
5420,593,108,2024-12-15,303.66,Cancelled,
5421,406,266,2024-11-04,700.15,Pending,
5422,743,258,2024-12-16,1446.17,Pending,
5423,1139,155,2024-10-19,153.22,Cancelled,
5424,1257,256,2024-12-12,1040.98,Delivered,58
5425,433,121,2024-01-12,433.23,Delivered,53
5426,1045,196,2024-12-11,688.85,Delivered,66
5427,744,300,2024-12-13,1118.48,Delivered,36
5428,24,202,2024-11-28,833.61,Delivered,40
5429,1324,218,2024-11-19,791.9,Cancelled,
5430,192,177,2024-10-22,1049.96,Delivered,30
5431,292,244,2024-11-11,224.64,Delivered,29
5432,1081,186,2024-11-09,1299.12,Delivered,25
5433,313,127,2024-12-06,1163.12,Delivered,58
5434,905,176,2024-12-13,1480.1,Delivered,53
5435,1237,166,2024-11-01,504.64,Delivered,50
5436,1153,190,2024-12-17,500.4,Delivered,42
5437,1595,270,2024-04-11,204.28,Delivered,47
5438,1005,156,2024-11-09,1133.66,Delivered,16
5439,1357,138,2024-08-27,1416.02,Delivered,57
5440,771,157,2024-03-26,591.29,Delivered,57
5441,1628,219,2024-12-15,1257.56,Delivered,61
5442,,173,2024-08-19,475.06,Delivered,53
5443,134,210,2024-01-03,1215.73,Delivered,17
5444,1236,103,2024-12-03,703.11,Delivered,62
5445,906,154,2024-03-19,678.69,Delivered,63
5446,917,299,2024-10-19,979.13,Delivered,57
5447,961,232,2024-07-04,982.14,Delivered,20
5448,992,211,2024-11-11,1039.25,Delivered,46
5449,199,207,2024-12-30,1179.63,Delivered,55
5450,1945,244,2024-11-18,590.1,Cancelled,
5451,1669,164,2024-08-02,709.46,Delivered,31
5452,1873,227,2024-12-18,1444.56,Delivered,49
5453,903,297,2024-01-30,1141.88,Delivered,23
5454,1027,247,2024-11-21,644.59,Delivered,20
5455,1133,149,2024-06-04,1136.21,Cancelled,
5456,186,252,2024-10-03,803.44,Cancelled,
5457,561,163,2024-06-30,160.75,Delivered,47
5458,654,259,2024-11-02,653.1,Delivered,18
5459,307,162,2024-12-25,898.91,Delivered,32
5460,806,256,2024-03-25,471.3,Delivered,34
5461,1587,160,2024-09-27,667.98,Delivered,26
5462,230,148,2024-12-17,597.94,Delivered,67
5463,482,230,2024-01-03,829.56,Delivered,28
5464,677,180,2024-05-28,634.47,Delivered,34
5465,1204,116,2024-11-25,463.38,Delivered,44
5466,882,289,2024-03-03,1019.9,Delivered,42
5467,167,148,2024-12-21,573.24,Delivered,61
5468,1177,275,2024-06-09,1470.65,Pending,
5469,1616,205,2024-12-30,1396.67,Delivered,55
5470,1154,264,2024-12-20,1259.97,Delivered,35
5471,1068,255,2024-11-13,621.93,Pending,
5472,852,283,2024-07-24,101.78,Delivered,47
5473,643,181,2024-01-14,334.29,Delivered,65
5474,1751,224,2024-12-03,116.19,Delivered,19
5475,378,176,2024-08-26,232.55,Pending,
5476,190,196,2024-07-16,1146.74,Delivered,53
5477,605,256,2024-10-23,262.31,Delivered,55
5478,1607,286,2024-07-01,570.46,Delivered,57
5479,1665,290,2024-04-23,1266.64,Delivered,49
5480,898,121,2024-12-04,789.44,Cancelled,
5481,16,238,2024-11-19,954.45,Delivered,53
5482,1743,153,2024-10-12,1370.04,Delivered,16
5483,1005,280,2024-11-27,217.22,Delivered,28
5484,1665,136,2024-11-12,491.23,Delivered,25
5485,1970,135,2024-12-25,1418.82,Delivered,17
5486,1364,114,2024-04-19,769.2,Delivered,45
5487,1016,193,2024-06-27,639.5,Cancelled,
5488,523,239,2024-11-25,248.7,Delivered,41
5489,1616,290,2024-11-02,1009.53,Delivered,39
5490,1213,195,2024-08-07,545.2,Delivered,25
5491,226,131,2024-01-25,1264.05,Delivered,49
5492,168,132,2024-03-08,1308.87,Delivered,70
5493,1392,258,2024-04-23,373.93,Delivered,35
5494,732,250,2024-09-17,1176.58,Delivered,18
5495,879,139,2024-12-20,498.28,Delivered,53
5496,882,243,2024-09-15,1081.56,Delivered,69
5497,42,250,2024-11-20,250.83,Delivered,70
5498,1122,113,2024-07-02,143.18,Delivered,20
5499,134,137,2024-04-21,1209.65,Delivered,48
5500,251,204,2024-02-22,1417.99,Pending,
5501,1575,104,2024-12-17,1214.75,Delivered,68
5502,88,239,2024-12-20,955.66,Delivered,31
5503,79,299,2024-04-30,482.45,Delivered,31
5504,575,245,2024-01-16,1248.32,Delivered,52
5505,1393,290,2024-12-28,1376.41,Delivered,41
5506,1696,134,2024-08-21,467.19,Delivered,42
5507,1217,243,2024-12-09,992.75,Delivered,51
5508,1340,111,2024-03-13,951.74,Delivered,20
5509,625,137,2024-12-02,122.51,Delivered,44
5510,1905,267,2024-08-08,350.8,Delivered,58
5511,1559,261,2024-08-20,668.73,Delivered,53
5512,176,254,2024-04-09,162.85,Delivered,69
5513,1981,174,2024-09-25,1472.57,Delivered,22
5514,962,176,2024-07-11,1346.19,Delivered,52
5515,1857,104,2024-12-20,1446.7,Delivered,23
5516,1247,215,2024-02-13,269.34,Delivered,39
5517,281,297,2024-07-23,709.54,Delivered,34
5518,1223,234,2024-12-21,1417.72,Pending,
5519,1218,262,2024-12-11,678.29,Delivered,22
5520,811,195,2024-09-11,1144.42,Delivered,17
5521,324,117,2024-09-11,1432.58,Delivered,20
5522,1469,138,2024-11-17,351.04,Delivered,36
5523,311,188,2024-07-18,1263.6,Delivered,48
5524,658,291,2024-11-13,532.46,Delivered,19
5525,927,147,2024-12-31,1288.91,Delivered,64
5526,308,103,2024-04-26,562.64,Delivered,27
5527,1473,131,2024-07-09,1385.96,Delivered,36
5528,1255,260,2024-12-12,309.18,Delivered,23
5529,1487,284,2024-01-04,946.34,Delivered,52
5530,555,167,2024-04-25,1115.75,Delivered,59
5531,1313,120,2024-11-01,1230.42,Pending,
5532,1897,225,2024-05-15,1072.53,Delivered,58
5533,1727,263,2024-09-03,928.44,Pending,
5534,310,277,2024-01-24,1158.85,Delivered,22
5535,875,236,2024-11-05,403.82,Pending,
5536,166,229,2024-10-31,1444.16,Delivered,24
5537,1765,180,2024-11-26,581.33,Cancelled,
5538,1064,298,2024-08-10,1235.08,Delivered,38
5539,1033,222,2024-05-24,1186.82,Delivered,70
5540,262,207,2024-12-14,520.71,Pending,
5541,1947,237,2024-12-17,1160.07,Cancelled,
5542,1688,261,2024-11-19,513.6,Delivered,23
5543,1310,183,2024-11-07,194.65,Cancelled,
5544,1987,235,2024-04-05,874.95,Delivered,17
5545,512,165,2024-11-14,875.63,Pending,
5546,383,231,2024-03-22,109.96,Delivered,43
5547,813,222,2024-07-12,1092.03,Pending,
5548,264,239,2024-09-10,518.92,Pending,
5549,915,121,2024-03-07,177.86,Cancelled,
5550,642,154,2024-12-23,1250.17,Delivered,50
5551,738,255,2024-11-23,1187.99,Delivered,40
5552,263,125,2024-01-18,773.07,Delivered,60
5553,1841,122,2024-12-31,468.66,Delivered,55
5554,1678,132,2024-11-24,214.27,Delivered,37
5555,292,252,2024-11-01,634.73,Delivered,37
5556,1450,219,2024-12-29,386.64,Delivered,53
5557,1630,257,2024-02-19,1235.08,Delivered,29
5558,466,163,2024-10-24,1405.97,Delivered,54
5559,886,258,2024-02-17,135.21,Delivered,62
5560,422,263,2024-11-18,522.14,Cancelled,
5561,747,290,2024-12-24,598.32,Pending,
5562,1469,206,2024-09-28,832.89,Delivered,68
5563,1910,222,2024-01-28,1427.24,Delivered,22
5564,751,247,2024-09-12,949.81,Delivered,44
5565,896,157,2024-09-08,1364.23,Delivered,28
5566,440,131,2024-11-11,420.76,Delivered,31
5567,1141,111,2024-08-12,119.29,Cancelled,
5568,424,276,2024-11-19,1124.57,Pending,
5569,448,202,2024-06-07,743.76,Cancelled,
5570,524,102,2024-04-23,663.77,Delivered,70
5571,1562,191,2024-01-02,1041.09,Cancelled,
5572,774,284,2024-12-24,1489.46,Delivered,22
5573,1773,147,2024-11-26,854.27,Delivered,52
5574,1698,155,2024-09-14,681.47,Pending,
5575,338,224,2024-05-13,1167.58,Delivered,42
5576,536,282,2024-11-02,388.39,Delivered,34
5577,1479,300,2024-10-27,1497.62,Delivered,51
5578,341,270,2024-07-24,661.24,Delivered,17
5579,1818,170,2024-04-28,232.3,Delivered,31
5580,1339,168,2024-11-21,829.47,Delivered,52
5581,1799,244,2024-12-31,829.2,Delivered,70
5582,1635,211,2024-03-19,1453.62,Delivered,0
5583,60,200,2024-08-27,880.26,Delivered,45
5584,1551,282,2024-12-05,1094.45,Delivered,65
5585,771,165,2024-09-27,232.79,Delivered,61
5586,693,249,2024-11-23,1133.36,Pending,
5587,1652,261,2024-10-20,1404.87,Delivered,19
5588,1276,164,2024-04-11,1389.95,Delivered,63
5589,1748,205,2024-12-14,651.43,Cancelled,
5590,364,226,2024-08-06,827.53,Cancelled,
5591,1000,194,2024-07-03,1203.64,Delivered,19
5592,428,299,2024-12-01,459.57,Delivered,52
5593,709,157,2024-10-11,132.88,Pending,
5594,1337,240,2024-04-01,705.29,Cancelled,
5595,1751,134,2024-12-08,949.7,Cancelled,
5596,1740,204,2024-12-25,138.6,Delivered,19
5597,168,158,2024-06-20,531.13,Delivered,34
5598,580,147,2024-07-30,1460.55,Cancelled,
5599,1267,141,2024-05-13,1489.95,Delivered,20
5600,6,286,2024-07-20,236.15,Delivered,64
5601,1678,165,2024-12-26,947.84,Delivered,68
5602,1288,269,2024-02-15,579.68,Cancelled,
5603,460,236,2024-01-14,633.99,Delivered,44
5604,1365,160,2024-04-02,1468.93,Delivered,22
5605,93,147,2024-08-22,353.69,Delivered,29
5606,1382,145,2024-12-02,1217.81,Cancelled,
5607,325,169,2024-11-13,1477.85,Delivered,57
5608,1730,293,2024-07-04,1381.01,Cancelled,
5609,1266,151,2024-12-26,784.45,Delivered,22
5610,237,275,2024-12-13,966.01,Cancelled,
5611,1385,228,2024-12-21,356.04,Delivered,15
5612,1674,251,2024-06-23,668.82,Pending,
5613,1409,238,2024-12-17,870.42,Delivered,17
5614,1901,294,2024-12-10,946.93,Delivered,37
5615,1026,197,2024-09-02,1306.79,Delivered,68
5616,436,279,2024-07-29,483.33,Cancelled,
5617,105,144,2024-03-17,786.0,Cancelled,
5618,1348,209,2024-06-28,932.34,Delivered,62
5619,686,233,2024-07-17,639.02,Delivered,67
5620,1195,263,2024-11-28,1142.41,Delivered,37
5621,1725,261,2024-05-02,485.11,Cancelled,
5622,1858,165,2024-11-27,150.51,Delivered,31
5623,49,299,2024-08-14,793.22,Delivered,50
5624,1485,170,2024-09-25,955.6,Delivered,29
5625,1315,260,2024-12-26,137.78,Cancelled,
5626,1649,190,2024-12-25,1418.59,Cancelled,
5627,1076,102,2024-09-29,402.28,Pending,
5628,762,204,2024-04-05,1110.26,Delivered,30
5629,834,254,2024-09-25,160.06,Delivered,66
5630,1600,108,2024-08-22,392.64,Delivered,20
5631,721,101,2024-07-16,405.79,Delivered,68
5632,61,181,2024-12-21,1133.33,Delivered,41
5633,740,233,2024-12-04,732.74,Delivered,28
5634,414,175,2024-08-27,493.59,Delivered,32
5635,1417,201,2024-01-20,446.7,Delivered,46
5636,403,247,2024-05-15,256.04,Delivered,65
5637,110,282,2024-10-21,497.15,Delivered,18
5638,1797,123,2024-12-10,784.93,Delivered,45
5639,1647,237,2024-12-25,934.85,Delivered,40
5640,,233,2024-12-26,746.08,Cancelled,
5641,415,233,2024-11-15,1308.26,Delivered,42
5642,179,168,2024-12-26,550.0,Delivered,32
5643,1446,222,2024-04-17,1297.02,Delivered,66
5644,1867,189,2024-11-24,1060.76,Delivered,17
5645,381,295,2024-07-25,1305.0,Cancelled,
5646,685,211,2024-01-31,773.24,Pending,
5647,1394,131,2024-11-03,355.27,Delivered,21
5648,1767,156,2024-03-06,362.64,Cancelled,
5649,520,194,2024-10-28,829.28,Delivered,58
5650,210,280,2024-04-16,1372.92,Delivered,46
5651,843,229,2024-06-20,1383.33,Pending,
5652,1595,103,2024-02-03,1161.89,Delivered,69
5653,1314,194,2024-11-01,1246.14,Delivered,17
5654,1016,110,2024-09-27,386.98,Pending,
5655,1395,266,2024-12-03,1123.05,Pending,
5656,1985,151,2024-04-26,456.03,Delivered,44
5657,437,211,2024-06-17,1023.91,Delivered,70
5658,597,168,2024-09-02,358.58,Delivered,54
5659,21,149,2024-11-28,875.71,Pending,
5660,502,270,2024-05-11,443.99,Delivered,42
5661,1009,291,2024-11-15,803.61,Delivered,31
5662,548,111,2024-12-03,901.55,Delivered,62
5663,1204,156,2024-11-11,1460.4,Delivered,44
5664,1283,196,2024-12-31,1254.79,Delivered,42
5665,1269,260,2024-03-04,1140.5,Delivered,28
5666,1707,267,2024-11-08,949.87,Delivered,39
5667,402,157,2024-12-08,1251.53,Delivered,30
5668,734,203,2024-01-02,1469.86,Delivered,43
5669,1224,265,2024-06-29,485.25,Delivered,66
5670,369,275,2024-03-24,136.06,Delivered,70
5671,1997,261,2024-04-20,230.79,Delivered,15
5672,46,175,2024-11-05,1030.02,Pending,
5673,287,280,2024-12-14,1296.05,Pending,
5674,259,115,2024-12-25,274.22,Delivered,51
5675,487,115,2024-06-26,516.25,Delivered,60
5676,919,156,2024-07-02,720.85,Cancelled,
5677,1229,215,2024-10-27,1235.89,Delivered,32
5678,1702,284,2024-12-13,558.38,Pending,
5679,1700,127,2024-02-13,850.1,Cancelled,
5680,298,274,2024-12-02,1318.48,Delivered,32
5681,1745,134,2024-02-20,806.22,Delivered,70
5682,743,194,2024-12-17,686.32,Pending,
5683,1605,235,2024-02-10,571.16,Delivered,52
5684,85,163,2024-12-02,273.51,Delivered,61
5685,1489,259,2024-11-19,466.52,Pending,
5686,929,200,2024-12-21,574.02,Delivered,47
5687,1136,173,2024-02-28,1338.69,Delivered,62
5688,63,231,2024-12-01,457.43,Delivered,60
5689,595,111,2024-11-21,137.47,Delivered,53
5690,1906,193,2024-11-22,941.87,Delivered,38
5691,1764,186,2024-02-09,1302.32,Pending,
5692,1550,283,2024-11-09,725.29,Delivered,34
5693,916,297,2024-11-17,795.31,Cancelled,
5694,557,196,2024-04-02,617.91,Delivered,23
5695,445,232,2024-05-27,1131.33,Delivered,45
5696,1221,221,2024-01-09,790.84,Delivered,70
5697,678,194,2024-05-25,866.39,Delivered,51
5698,1410,289,2024-05-15,1390.83,Delivered,42
5699,874,134,2024-12-06,577.29,Delivered,57
5700,1732,226,2024-11-21,609.62,Delivered,36
5701,1847,108,2024-08-18,703.3,Delivered,54
5702,1504,106,2024-03-04,1195.13,Delivered,46
5703,303,274,2024-07-03,376.28,Delivered,33
5704,1674,195,2024-12-21,978.66,Delivered,21
5705,1017,264,2024-01-29,574.58,Delivered,36
5706,1139,162,2024-06-29,597.9,Delivered,68
5707,745,212,2024-03-03,693.55,Pending,
5708,1959,270,2024-11-23,1212.06,Cancelled,
5709,1433,296,2024-09-17,175.56,Delivered,63
5710,16,178,2024-10-24,228.32,Pending,
5711,855,295,2024-05-30,381.29,Cancelled,
5712,182,195,2024-12-14,760.17,Delivered,64
5713,325,124,2024-10-23,739.51,Delivered,29
5714,801,243,2024-01-24,1189.81,Delivered,70
5715,141,272,2024-01-19,832.92,Pending,
5716,1037,240,2024-12-13,134.22,Delivered,17
5717,755,196,2024-10-09,375.66,Delivered,20
5718,222,195,2024-03-29,161.19,Delivered,33
5719,100,109,2024-04-07,1060.36,Delivered,60
5720,445,247,2024-09-12,922.41,Delivered,15
5721,1364,272,2024-10-05,884.72,Cancelled,
5722,1063,144,2024-02-02,883.44,Delivered,48
5723,609,173,2024-08-18,827.63,Delivered,64
5724,928,211,2024-05-19,1332.95,Delivered,62
5725,17,240,2024-12-02,1079.1,Delivered,33
5726,382,291,2024-08-10,508.94,Delivered,24
5727,1491,206,2024-12-24,141.98,Cancelled,
5728,1328,244,2024-12-13,1170.98,Cancelled,
5729,1228,212,2024-08-14,931.44,Delivered,48
5730,191,275,2024-08-30,721.08,Delivered,32
5731,1249,246,2024-11-24,837.06,Delivered,34
5732,1910,166,2024-11-08,404.12,Delivered,30
5733,189,184,2024-11-27,664.73,Delivered,27
5734,1260,172,2024-11-09,977.25,Delivered,69
5735,1138,245,2024-05-17,1171.94,Delivered,39
5736,857,271,2024-09-22,189.43,Delivered,57
5737,1102,147,2024-10-22,1194.1,Delivered,30
5738,1362,298,2024-11-26,290.96,Delivered,50
5739,1005,136,2024-11-03,417.18,Delivered,29
5740,996,281,2024-05-18,174.53,Delivered,58
5741,1459,117,2024-11-26,788.72,Delivered,60
5742,1809,234,2024-09-10,802.02,Delivered,31
5743,1613,185,2024-11-24,1061.08,Delivered,58
5744,1589,216,2024-11-29,1247.22,Delivered,67
5745,1641,218,2024-10-14,1047.8,Delivered,37
5746,691,118,2024-03-08,-1383.19,Cancelled,
5747,1335,209,2024-11-16,1416.89,Delivered,28
5748,1983,207,2024-03-25,753.65,Delivered,41
5749,220,166,2024-06-30,370.04,Delivered,66
5750,519,146,2024-11-18,311.3,Pending,
5751,884,214,2024-12-15,239.65,Delivered,23
5752,104,164,2024-12-10,904.21,Pending,
5753,712,272,2024-01-12,1226.25,Delivered,38
5754,1285,126,2024-11-20,1330.77,Pending,
5755,655,113,2024-11-16,468.36,Delivered,26
5756,1706,148,2024-09-13,1315.24,Cancelled,
5757,1842,209,2024-04-14,360.63,Cancelled,
5758,1376,252,2024-01-25,1191.18,Delivered,28
5759,419,241,2024-11-25,156.78,Pending,
5760,1261,120,2024-09-08,160.5,Delivered,24
5761,260,255,2024-11-17,589.4,Delivered,52
5762,1704,297,2024-11-12,938.04,Delivered,69
5763,272,222,2024-11-11,591.89,Delivered,21
5764,1961,129,2024-04-20,543.14,Pending,
5765,1683,150,2024-12-30,1314.29,Cancelled,
5766,982,288,2024-07-06,272.9,Delivered,42
5767,158,103,2024-03-19,1355.97,Delivered,21
5768,823,241,2024-05-27,574.81,Delivered,67
5769,942,129,2024-11-28,434.89,Delivered,17
5770,581,163,2024-11-08,720.86,Delivered,66
5771,179,146,2024-07-29,591.95,Delivered,26
5772,454,152,2024-07-30,1455.23,Delivered,47
5773,46,208,2024-05-08,735.16,Delivered,36
5774,307,208,2024-03-12,1351.95,Delivered,40
5775,1289,222,2024-03-14,736.57,Delivered,22
5776,16,102,2024-07-01,1364.79,Delivered,50
5777,999,111,2024-01-02,546.89,Delivered,64
5778,146,146,2024-12-03,227.83,Delivered,44
5779,1781,277,2024-04-02,1460.57,Delivered,66
5780,1630,149,2024-04-27,1164.34,Delivered,16
5781,1290,195,2025-06-15,1127.71,Delivered,20
5782,1784,208,2024-12-22,178.49,Cancelled,
5783,1192,176,2024-12-25,251.58,Pending,
5784,466,109,2024-11-11,654.32,Delivered,41
5785,1536,236,2024-11-17,1400.39,Delivered,62
5786,227,247,2024-12-16,148.33,Delivered,69
5787,1587,268,2024-06-14,1094.13,Pending,
5788,1034,109,2024-02-20,169.87,Delivered,27
5789,583,201,2024-05-06,413.98,Delivered,27
5790,1565,161,2024-11-30,1092.14,Delivered,59
5791,620,150,2024-01-28,104.06,Pending,
5792,1843,173,2024-12-19,1487.2,Delivered,43
5793,1903,215,2024-12-11,305.41,Cancelled,
5794,22,292,2024-11-03,255.85,Delivered,36
5795,1442,280,2024-03-27,872.52,Delivered,70
5796,435,261,2024-08-28,229.55,Pending,
5797,767,198,2024-08-20,630.03,Cancelled,
5798,768,110,2024-02-18,791.01,Delivered,59
5799,1586,245,2024-12-18,1082.02,Delivered,58
5800,711,285,2024-10-28,217.55,Delivered,53
5801,1576,241,2024-12-15,1010.64,Cancelled,
5802,1206,155,2024-07-11,502.53,Cancelled,
5803,58,233,2024-05-11,1111.76,Delivered,39
5804,718,281,2024-11-18,514.42,Delivered,67
5805,306,290,2024-11-12,1403.95,Delivered,44
5806,44,270,2024-07-14,1311.01,Delivered,51
5807,535,201,2024-10-31,756.56,Delivered,42
5808,302,268,2024-04-03,730.23,Delivered,41
5809,54,295,2024-12-29,1262.27,Delivered,65
5810,1515,117,2024-11-27,817.55,Delivered,62
5811,241,107,2024-04-22,710.41,Delivered,52
5812,1330,118,2024-10-19,104.88,Pending,
5813,138,268,2024-01-26,1321.3,Delivered,46
5814,1414,204,2024-09-27,133.77,Pending,
5815,946,220,2024-09-10,1198.85,Delivered,32
5816,1375,251,2024-12-23,639.98,Delivered,21
5817,216,245,2024-12-11,1018.45,Delivered,34
5818,889,108,2024-08-18,383.19,Delivered,53
5819,742,200,2024-10-15,1060.19,Delivered,24
5820,76,191,2024-03-02,1459.31,Delivered,40
5821,492,287,2024-12-05,743.39,Delivered,61
5822,1087,272,2024-06-29,162.84,Cancelled,
5823,731,128,2024-05-16,1330.99,Pending,
5824,853,264,2024-07-04,857.88,Pending,
5825,268,288,2024-12-16,795.29,Pending,
5826,921,173,2024-11-06,434.26,Delivered,56
5827,1127,179,2024-11-15,621.98,Cancelled,
5828,1540,132,2024-11-09,1182.23,Delivered,54
5829,410,116,2024-05-10,696.1,Delivered,24
5830,782,226,2024-11-05,896.04,Delivered,28
5831,757,162,2024-04-18,977.96,Delivered,63
5832,1137,223,2024-01-21,549.31,Delivered,48
5833,272,232,2024-09-01,623.48,Delivered,36
5834,1727,185,2024-12-14,340.33,Delivered,53
5835,1384,171,2024-09-08,455.01,Pending,
5836,254,130,2024-11-10,664.52,Delivered,33
5837,1528,195,2024-11-14,898.82,Delivered,66
5838,262,136,2024-02-12,716.69,Cancelled,
5839,1046,211,2024-12-29,111.3,Delivered,51
5840,1334,171,2024-08-12,622.93,Delivered,35
5841,667,224,2024-09-10,1114.68,Delivered,44
5842,616,153,2024-11-08,1037.04,Delivered,34
5843,1313,182,2024-11-15,804.07,Delivered,19
5844,1413,185,2024-01-17,1299.87,Delivered,44
5845,324,113,2024-09-20,148.5,Delivered,39
5846,1212,280,2024-08-18,1001.11,Delivered,26
5847,1807,257,2024-11-12,907.27,Delivered,49
5848,774,218,2024-09-23,851.95,Delivered,16
5849,819,247,2024-04-26,1183.62,Delivered,32
5850,1643,128,2024-12-15,194.44,Delivered,24
5851,1758,225,2024-10-30,763.52,Delivered,37
5852,571,250,2024-12-28,1440.81,Delivered,69
5853,1075,119,2024-11-23,960.93,Delivered,28
5854,1965,140,2024-11-17,920.71,Delivered,43
5855,1989,183,2024-11-19,1215.2,Delivered,21
5856,183,184,2024-01-20,1297.13,Delivered,44
5857,757,202,2024-11-05,1318.91,Delivered,33
5858,1724,276,2024-11-11,522.64,Delivered,35
5859,582,207,2024-01-02,1376.85,Delivered,68
5860,473,188,2024-07-18,972.18,Delivered,24
5861,1360,164,2024-01-03,786.27,Delivered,63
5862,911,164,2024-04-27,486.67,Delivered,18
5863,1881,260,2024-05-12,761.2,Delivered,61
5864,1356,113,2024-05-07,1396.87,Pending,
5865,1748,120,2024-12-06,1493.3,Delivered,21
5866,802,149,2024-11-04,463.66,Delivered,62
5867,364,101,2024-03-25,507.49,Delivered,46
5868,693,203,2024-12-02,158.25,Delivered,42
5869,519,271,2024-09-27,1124.71,Delivered,32
5870,250,150,2024-11-12,708.65,Delivered,61
5871,1646,104,2024-11-21,1472.73,Delivered,36
5872,1854,211,2024-06-12,872.7,Cancelled,
5873,1325,257,2024-11-23,1117.84,Pending,
5874,350,245,2024-11-21,348.75,Delivered,52
5875,366,144,2024-12-07,1307.9,Delivered,56
5876,580,141,2024-11-07,478.47,Delivered,33
5877,226,173,2024-11-05,402.96,Pending,
5878,1970,193,2024-07-22,1361.79,Delivered,52
5879,248,173,2024-07-30,550.03,Delivered,22
5880,1698,142,2024-01-16,251.3,Delivered,17
5881,312,114,2024-09-16,1005.24,Delivered,42
5882,1267,229,2024-09-23,647.41,Delivered,54
5883,609,240,2024-12-04,305.63,Delivered,66
5884,1229,132,2024-11-24,739.89,Delivered,53
5885,1949,127,2024-06-08,1439.23,Delivered,35
5886,392,139,2024-10-13,1016.48,Delivered,21
5887,391,116,2024-03-11,404.82,Delivered,0
5888,1698,237,2024-04-30,505.75,Pending,
5889,514,284,2024-03-05,306.57,Delivered,40
5890,357,201,2024-02-11,981.62,Delivered,15
5891,286,181,2024-12-23,1454.54,Delivered,25
5892,496,238,2024-01-21,1238.96,Cancelled,
5893,789,108,2024-11-08,966.71,Delivered,56
5894,1300,270,2024-10-01,790.89,Delivered,60
5895,810,221,2024-12-04,1081.12,Cancelled,
5896,997,135,2024-11-28,1010.4,Delivered,65
5897,599,277,2024-11-15,1265.58,Delivered,65
5898,759,119,2024-12-13,1240.13,Cancelled,
5899,1980,138,2024-11-29,1226.06,Delivered,37
5900,567,147,2024-05-28,1339.51,Delivered,62
5901,1661,271,2024-10-30,1039.28,Delivered,46
5902,1729,212,2024-12-29,1098.63,Pending,
5903,654,280,2024-12-05,1020.59,Pending,
5904,347,231,2024-07-14,1007.35,Delivered,64
5905,1709,218,2024-08-06,822.36,Cancelled,
5906,1812,289,2024-05-20,352.9,Delivered,37
5907,1851,217,2024-04-28,210.7,Delivered,52
5908,482,119,2024-08-06,1054.37,Delivered,58
5909,166,267,2024-11-15,537.45,Cancelled,
5910,1475,115,2024-12-22,757.0,Delivered,46
5911,982,196,2024-12-05,872.21,Delivered,51
5912,579,269,2024-11-09,1209.32,Delivered,27
5913,1603,189,2024-09-15,682.61,Delivered,23
5914,1575,119,2024-12-29,116.08,Delivered,52
5915,735,119,2024-05-11,873.42,Delivered,32
5916,1533,144,2024-11-23,915.78,Delivered,21
5917,402,149,2024-06-16,957.27,Delivered,33
5918,198,249,2024-12-03,1064.27,Delivered,62
5919,1442,126,2024-11-26,797.04,Delivered,21
5920,1378,159,2024-08-07,421.13,Delivered,61
5921,1240,103,2024-06-20,1127.56,Delivered,19
5922,1007,161,2024-03-13,296.93,Delivered,23
5923,860,280,2024-09-14,1201.58,Cancelled,
5924,1779,111,2024-04-11,1336.93,Delivered,28
5925,1298,240,2024-12-03,212.25,Delivered,65
5926,1789,235,2024-11-30,1115.67,Delivered,37
5927,1935,179,2024-12-15,1292.25,Delivered,23
5928,1955,131,2024-11-10,717.73,Delivered,52
5929,867,163,2024-09-11,1347.61,Delivered,19
5930,180,179,2024-04-15,434.05,Delivered,16
5931,1096,229,2024-05-03,175.37,Delivered,61
5932,1571,186,2024-10-24,1344.07,Delivered,16
5933,482,237,2024-12-21,126.2,Delivered,34
5934,1121,196,2024-12-12,152.41,Delivered,23
5935,139,229,2024-11-04,1088.99,Delivered,49
5936,179,215,2024-12-03,466.51,Delivered,19
5937,870,263,2024-09-29,723.86,Delivered,26
5938,1556,117,2024-12-08,903.52,Delivered,28
5939,1362,133,2024-05-23,362.79,Delivered,57
5940,1015,166,2024-11-13,529.5,Delivered,21
5941,89,206,2024-01-24,1226.71,Delivered,68
5942,810,101,2024-12-10,509.21,Delivered,22
5943,481,187,2024-08-21,899.71,Delivered,18
5944,1477,221,2024-03-16,1058.49,Delivered,58
5945,476,253,2024-08-04,1157.03,Cancelled,
5946,268,269,2024-11-24,1212.88,Delivered,60
5947,1071,296,2024-10-13,1417.32,Pending,
5948,1018,284,2024-08-20,787.55,Cancelled,
5949,1507,213,2024-02-02,404.83,Cancelled,
5950,952,269,2024-12-20,398.32,Pending,
5951,173,237,2024-04-24,960.61,Delivered,17
5952,569,230,2024-01-20,484.88,Delivered,52
5953,518,182,2024-12-02,673.84,Pending,
5954,1656,122,2024-08-21,1259.62,Delivered,32
5955,233,238,2024-12-17,142.87,Delivered,64
5956,639,287,2024-05-06,976.93,Delivered,37
5957,1795,225,2024-09-18,564.03,Delivered,51
5958,218,297,2024-11-22,555.41,Delivered,61
5959,288,109,2024-05-22,1258.13,Delivered,64
5960,483,250,2024-11-05,1043.98,Delivered,31
5961,64,206,2024-11-20,1286.42,Cancelled,
5962,18,136,2024-08-27,1448.95,Delivered,64
5963,728,151,2024-12-02,490.75,Delivered,58
5964,1834,189,2024-11-28,587.54,Delivered,63
5965,449,273,2024-11-18,1411.76,Delivered,43
5966,1555,233,2024-12-12,678.45,Cancelled,
5967,1431,229,2024-10-02,1460.87,Delivered,56
5968,1466,287,2024-12-21,248.19,Delivered,62
5969,80,217,2024-12-13,1032.52,Delivered,16
5970,1575,294,2024-09-10,1163.74,Delivered,22
5971,1603,145,2024-11-06,1063.32,Delivered,57
5972,1008,238,2024-05-23,232.69,Delivered,59
5973,637,242,2024-09-04,214.55,Delivered,31
5974,1948,170,2024-11-27,276.52,Delivered,34
5975,1687,228,2024-11-16,888.13,Delivered,45
5976,169,130,2024-03-01,802.91,Cancelled,
5977,1595,104,2024-11-10,556.82,Delivered,59
5978,585,269,2024-12-20,1156.6,Cancelled,
5979,501,135,2024-11-24,1023.17,Pending,
5980,1160,258,2024-12-02,1349.0,Delivered,63
5981,438,264,2024-05-13,1217.33,Delivered,47
5982,208,219,2024-10-31,1329.69,Pending,
5983,1912,252,2024-05-13,665.52,Delivered,33
5984,957,106,2024-12-03,269.7,Delivered,18
5985,191,231,2024-05-27,443.09,Delivered,20
5986,1668,168,2024-12-18,630.54,Delivered,21
5987,1045,132,2024-11-23,932.55,Cancelled,
5988,117,106,2024-11-15,1364.94,Cancelled,
5989,555,151,2024-03-20,595.74,Delivered,66
5990,1399,221,2024-12-22,1211.53,Delivered,28
5991,779,136,2024-12-26,1009.17,Delivered,28
5992,253,119,2024-05-12,-252.91,Delivered,22
5993,1213,107,2024-01-15,630.85,Cancelled,
5994,210,164,2024-11-28,916.28,Delivered,65
5995,68,193,2024-03-31,205.54,Delivered,31
5996,336,266,2024-08-12,1015.58,Delivered,62
5997,1545,194,2024-10-13,471.72,Delivered,35
5998,1588,209,2024-12-23,673.1,Delivered,57
5999,1566,260,2024-11-08,535.52,Delivered,41
6000,1623,280,2024-11-17,1291.43,Delivered,35
6001,430,213,2024-06-11,849.44,Delivered,40
6002,1086,133,2024-11-15,616.24,Pending,
6003,219,170,2024-10-24,1243.84,Delivered,17
6004,375,150,2024-11-22,877.22,Delivered,67
6005,713,231,2024-11-13,1428.61,Delivered,56
6006,352,231,2024-06-21,139.23,Cancelled,
6007,648,112,2024-12-06,811.87,Cancelled,
6008,1656,155,2024-05-30,1376.9,Delivered,26
6009,575,281,2024-09-09,784.12,Delivered,33
6010,1595,171,2024-05-15,1212.05,Delivered,17
6011,627,210,2024-11-03,168.33,Delivered,39
6012,1164,237,2024-03-10,646.24,Pending,
6013,890,133,2024-12-09,740.46,Delivered,66
6014,426,228,2024-04-26,1199.22,Pending,
6015,721,267,2024-11-30,1226.25,Delivered,52
6016,207,136,2024-12-26,1285.02,Delivered,44
6017,322,193,2024-11-22,1123.59,Delivered,17
6018,190,294,2024-10-20,1267.41,Delivered,24
6019,1726,262,2024-08-27,143.51,Delivered,40
6020,1951,135,2024-02-23,1089.33,Delivered,27
6021,255,276,2024-01-30,404.65,Delivered,18
6022,1330,160,2024-12-20,1187.78,Delivered,30
6023,1381,263,2024-09-28,462.12,Delivered,24
6024,942,243,2024-03-20,1059.95,Delivered,42
6025,186,228,2024-05-15,897.87,Delivered,36
6026,1898,179,2024-06-30,1095.76,Delivered,68
6027,935,288,2024-02-29,342.62,Delivered,61
6028,224,227,2024-05-27,1053.48,Delivered,43
6029,1494,128,2024-03-08,1290.01,Delivered,16
6030,331,155,2024-04-16,651.79,Delivered,45
6031,794,127,2024-05-18,1094.69,Delivered,17
6032,570,287,2024-06-21,1029.29,Delivered,20
6033,335,242,2024-09-15,211.24,Delivered,16
6034,718,102,2024-12-28,1317.23,Delivered,49
6035,1472,255,2024-11-30,1184.92,Delivered,58
6036,1304,187,2024-03-27,1210.4,Pending,
6037,1471,135,2024-08-03,786.52,Delivered,26
6038,423,260,2024-12-14,470.99,Delivered,67
6039,1309,217,2024-12-20,286.47,Cancelled,
6040,1066,156,2024-10-23,361.95,Delivered,22
6041,85,104,2024-10-31,785.6,Delivered,19
6042,528,150,2024-11-16,451.93,Pending,
6043,790,246,2024-07-14,1459.75,Delivered,28
6044,1792,228,2024-12-27,599.06,Delivered,22
6045,1986,107,2024-01-03,884.44,Pending,
6046,399,117,2024-04-23,142.45,Delivered,18
6047,976,260,2024-11-14,753.9,Delivered,21
6048,267,257,2024-04-08,1344.72,Delivered,20
6049,1520,180,2024-01-27,1351.21,Delivered,58
6050,1414,217,2024-07-10,949.15,Delivered,48
6051,306,206,2024-01-10,100.36,Delivered,45
6052,309,145,2024-12-11,979.56,Delivered,70
6053,321,293,2024-12-07,1283.38,Delivered,37
6054,369,163,2024-11-25,1079.55,Delivered,64
6055,78,134,2024-11-04,1238.0,Pending,
6056,1478,219,2024-02-28,744.34,Cancelled,
6057,1618,259,2024-11-10,375.26,Pending,
6058,1077,238,2024-11-27,1309.21,Delivered,19
6059,953,187,2024-12-31,1213.41,Delivered,22
6060,1940,157,2024-01-25,721.18,Pending,
6061,867,227,2024-09-21,1080.94,Cancelled,
6062,665,188,2024-06-22,1429.29,Delivered,52
6063,694,248,2024-06-04,569.36,Delivered,54
6064,1698,213,2024-11-15,647.16,Delivered,58
6065,806,133,2024-09-13,700.95,Delivered,21
6066,1107,132,2024-12-14,288.07,Delivered,65
6067,1982,158,2024-05-18,1171.61,Delivered,17
6068,1397,277,2024-11-25,304.73,Cancelled,
6069,1796,199,2024-11-12,1400.69,Delivered,69
6070,1176,174,2024-12-20,1330.35,Delivered,43
6071,526,109,2024-12-13,883.64,Delivered,51
6072,1047,289,2024-12-22,1357.72,Delivered,49
6073,645,215,2024-11-04,1440.83,Delivered,18
6074,810,266,2024-08-11,740.82,Delivered,42
6075,594,124,2024-11-15,430.61,Cancelled,
6076,1102,257,2024-04-20,736.32,Delivered,19
6077,1981,141,2024-11-13,1330.34,Delivered,42
6078,1517,169,2024-12-09,936.69,Delivered,31
6079,506,213,2024-05-18,716.55,Delivered,0
6080,989,261,2024-07-18,582.38,Pending,
6081,1717,215,2024-10-23,349.81,Delivered,59
6082,1849,251,2024-11-03,1267.15,Delivered,57
6083,1985,286,2024-12-30,391.68,Delivered,64
6084,1017,131,2024-11-24,1347.44,Delivered,19
6085,317,164,2024-12-05,1192.6,Cancelled,
6086,1352,230,2024-06-27,1202.74,Delivered,38
6087,480,137,2024-04-02,576.59,Delivered,39
6088,41,102,2024-01-01,1325.65,Delivered,46
6089,1662,238,2024-12-11,948.05,Delivered,16
6090,415,169,2024-12-28,1465.75,Delivered,36
6091,1340,149,2024-12-02,552.45,Pending,
6092,547,258,2024-11-04,1497.15,Cancelled,
6093,1774,285,2024-01-15,1130.91,Delivered,42
6094,91,107,2024-07-12,239.04,Delivered,65
6095,491,164,2024-01-17,1490.01,Delivered,61
6096,1211,121,2024-12-04,783.48,Delivered,33
6097,404,200,2024-02-12,1024.44,Delivered,30
6098,1032,280,2024-04-05,1324.98,Delivered,45
6099,1450,226,2024-01-04,1134.67,Delivered,38
6100,1707,229,2024-03-03,832.93,Delivered,63
6101,1105,286,2024-02-04,483.68,Cancelled,
6102,1037,193,2024-11-17,188.93,Delivered,61
6103,1504,255,2024-08-28,342.37,Delivered,60
6104,529,276,2024-02-12,986.19,Delivered,28
6105,1462,157,2024-10-26,1268.3,Pending,
6106,1838,141,2024-12-06,1199.67,Delivered,44
6107,1431,132,2024-11-08,1026.54,Delivered,33
6108,1472,170,2024-05-12,1392.19,Delivered,41
6109,929,224,2024-12-23,1258.68,Delivered,22
6110,1504,219,2024-07-13,646.82,Delivered,35
6111,856,241,2024-04-28,907.42,Delivered,40
6112,1405,290,2024-11-28,1014.07,Cancelled,
6113,1886,271,2024-07-23,1405.1,Cancelled,
6114,1474,211,2024-05-08,772.92,Delivered,17
6115,1152,191,2024-12-02,1039.7,Delivered,69
6116,1313,136,2024-06-08,561.35,Delivered,26
6117,145,226,2024-05-27,902.52,Pending,
6118,1064,227,2024-10-30,881.64,Cancelled,
6119,295,220,2024-05-21,298.44,Delivered,42
6120,158,276,2024-07-04,1069.28,Delivered,53
6121,349,253,2024-08-27,1197.09,Delivered,56
6122,1078,211,2024-05-21,148.58,Delivered,66
6123,981,136,2024-12-25,1444.13,Delivered,52
6124,77,163,2024-12-25,222.81,Delivered,18
6125,398,123,2024-04-07,1499.75,Delivered,30
6126,1681,106,2024-02-25,1390.49,Pending,
6127,539,272,2024-11-22,452.23,Pending,
6128,663,188,2024-06-12,620.14,Delivered,37
6129,315,246,2024-06-24,204.75,Delivered,41
6130,1247,218,2024-06-26,736.75,Pending,
6131,433,182,2024-11-28,1440.7,Pending,
6132,410,267,2024-12-30,1395.6,Delivered,36
6133,715,202,2024-11-12,704.84,Delivered,57
6134,417,239,2024-10-21,597.56,Pending,
6135,896,271,2024-11-29,1014.66,Delivered,35
6136,1935,275,2024-01-24,1069.5,Delivered,64
6137,1684,289,2024-05-15,1305.0,Delivered,55
6138,964,208,2024-03-27,928.68,Delivered,66
6139,1814,276,2024-05-25,292.34,Pending,
6140,1762,193,2024-09-05,1452.54,Cancelled,
6141,392,212,2024-11-06,1341.02,Delivered,20
6142,1665,102,2024-12-29,1243.44,Cancelled,
6143,1666,120,2024-01-30,1051.55,Delivered,69
6144,1476,290,2024-03-06,1271.36,Delivered,49
6145,1957,270,2024-02-21,1381.15,Delivered,64
6146,1763,194,2024-10-19,158.05,Delivered,37
6147,1498,198,2024-11-19,1241.71,Delivered,41
6148,1411,147,2024-11-06,646.96,Delivered,41
6149,445,262,2024-11-04,396.99,Delivered,17
6150,1069,140,2024-12-16,284.07,Delivered,35
6151,493,273,2024-05-21,120.29,Delivered,56
6152,1013,181,2024-12-24,933.42,Pending,
6153,1717,173,2024-11-17,1351.56,Delivered,24
6154,1811,173,2024-04-07,1154.23,Delivered,18
6155,1000,172,2024-11-03,397.3,Delivered,26
6156,1056,114,2024-11-23,1416.36,Cancelled,
6157,51,136,2024-10-31,523.19,Delivered,20
6158,50,259,2024-11-30,234.67,Pending,
6159,357,161,2024-12-25,1065.24,Delivered,63
6160,1782,226,2024-11-25,408.86,Delivered,37
6161,703,166,2024-02-03,712.6,Cancelled,
6162,732,222,2024-06-21,548.69,Pending,
6163,1898,128,2024-12-30,236.25,Delivered,41
6164,877,128,2024-12-13,445.89,Delivered,66
6165,1581,248,2024-03-06,950.1,Delivered,44
6166,1450,114,2024-02-05,584.04,Delivered,28
6167,1812,166,2024-04-23,991.22,Delivered,42
6168,323,221,2024-10-03,1461.41,Delivered,47
6169,371,174,2024-08-30,364.52,Delivered,68
6170,270,255,2024-01-23,409.47,Delivered,59
6171,1230,129,2024-11-28,585.29,Delivered,51
6172,1428,193,2024-12-12,1388.12,Delivered,66
6173,371,122,2024-02-15,689.99,Delivered,26
6174,69,281,2024-11-30,1110.3,Delivered,53
6175,182,112,2024-11-17,1267.82,Delivered,40
6176,515,156,2024-05-28,451.37,Delivered,62
6177,1594,245,2024-08-02,923.54,Delivered,24
6178,321,277,2024-12-28,110.44,Delivered,44
6179,1289,139,2024-12-26,1440.7,Delivered,60
6180,1025,162,2024-11-29,812.06,Pending,
6181,1849,215,2024-06-12,1036.12,Delivered,18
6182,1233,156,2024-12-18,620.99,Delivered,15
6183,90,251,2024-11-03,1031.84,Delivered,55
6184,1998,136,2024-12-16,1304.65,Cancelled,
6185,1909,215,2024-05-25,663.48,Pending,
6186,847,131,2024-10-10,1021.3,Cancelled,
6187,1340,108,2024-11-17,1224.8,Delivered,29
6188,377,283,2024-11-24,595.19,Delivered,69
6189,1770,236,2024-12-22,1179.71,Delivered,33
6190,1534,206,2024-06-19,269.52,Delivered,46
6191,418,181,2024-02-04,1244.68,Pending,
6192,751,128,2024-09-12,654.24,Delivered,37
6193,1442,245,2024-10-23,671.74,Delivered,15
6194,86,264,2024-04-27,1087.47,Cancelled,
6195,1524,181,2024-12-06,1280.21,Delivered,48
6196,525,264,2024-10-31,889.54,Delivered,23
6197,668,124,2024-06-22,594.38,Delivered,68
6198,1476,151,2024-03-07,421.79,Delivered,41
6199,93,170,2024-11-09,1410.0,Delivered,28
6200,118,148,2024-08-29,164.73,Delivered,29
6201,1619,225,2024-12-07,883.39,Delivered,16
6202,1270,300,2024-12-10,1160.09,Delivered,57
6203,390,256,2024-12-08,993.15,Delivered,20
6204,1467,273,2024-06-05,894.87,Delivered,50
6205,534,107,2024-08-09,1047.62,Delivered,27
6206,1236,114,2024-08-27,853.9,Delivered,57
6207,1345,176,2024-07-25,741.07,Delivered,18
6208,1948,213,2024-06-08,524.83,Delivered,40
6209,773,256,2024-12-05,410.77,Delivered,58
6210,1982,245,2024-04-17,825.26,Pending,
6211,326,275,2024-01-09,841.13,Delivered,52
6212,371,186,2024-08-06,331.23,Cancelled,
6213,1624,148,2024-10-16,1151.09,Delivered,28
6214,1654,300,2024-11-28,1128.17,Delivered,46
6215,502,262,2024-07-30,1390.54,Delivered,45
6216,1969,115,2024-05-18,754.53,Delivered,64
6217,1377,275,2024-12-10,451.97,Delivered,41
6218,815,127,2024-11-06,1412.28,Delivered,53
6219,1493,291,2024-10-06,167.48,Delivered,70
6220,1052,202,2024-12-22,868.46,Pending,
6221,1425,234,2024-11-11,1453.76,Delivered,31
6222,1238,166,2024-05-05,1052.25,Delivered,20
6223,1066,210,2024-06-14,683.92,Delivered,29
6224,1367,177,2024-12-24,886.02,Pending,
6225,467,279,2024-02-21,862.25,Pending,
6226,57,132,2024-04-07,475.0,Delivered,52
6227,140,135,2024-04-14,791.54,Cancelled,
6228,1234,164,2024-11-08,871.45,Delivered,20
6229,1590,273,2024-03-22,1402.53,Delivered,19
6230,790,156,2024-12-18,613.89,Delivered,15
6231,1285,140,2024-11-06,609.34,Delivered,19
6232,1901,150,2024-12-22,652.97,Delivered,58
6233,137,175,2024-10-30,874.64,Delivered,25
6234,994,112,2024-11-07,868.97,Delivered,45
6235,384,109,2024-04-03,971.4,Delivered,69
6236,1943,163,2024-12-19,739.1,Delivered,40
6237,1852,248,2024-01-08,110.92,Delivered,59
6238,216,268,2024-02-10,1431.7,Delivered,70
6239,702,155,2024-03-30,1414.62,Delivered,48
6240,489,166,2024-09-18,1373.54,Cancelled,
6241,233,196,2024-06-09,498.55,Cancelled,
6242,624,212,2024-02-28,751.27,Delivered,60
6243,1414,242,2024-03-09,775.69,Pending,
6244,1982,148,2024-05-10,174.52,Delivered,57
6245,1501,285,2024-10-06,1406.33,Delivered,33
6246,1285,283,2024-02-28,350.21,Delivered,25
6247,232,198,2024-01-07,135.01,Delivered,26
6248,544,279,2024-11-14,294.37,Delivered,26
6249,1457,216,2024-07-03,306.58,Delivered,25
6250,181,157,2024-11-27,754.25,Delivered,61
6251,595,143,2024-04-20,334.45,Delivered,46
6252,1392,107,2024-12-18,216.82,Cancelled,
6253,1036,129,2024-11-27,1482.1,Cancelled,
6254,1628,290,2024-03-10,1434.32,Delivered,26
6255,656,125,2024-12-02,655.77,Delivered,63
6256,347,211,2025-06-15,338.88,Delivered,54
6257,1175,177,2024-12-13,1229.69,Delivered,28
6258,1313,106,2024-12-13,116.7,Delivered,19
6259,1246,234,2024-11-04,184.91,Delivered,16
6260,917,183,2024-01-02,838.66,Pending,
6261,656,142,2024-07-30,1400.72,Cancelled,
6262,128,160,2024-09-15,450.7,Cancelled,
6263,1250,226,2024-10-31,882.79,Delivered,16
6264,1333,216,2024-12-03,511.76,Delivered,36
6265,1913,231,2024-11-20,1105.04,Delivered,20
6266,1019,142,2024-08-20,997.74,Cancelled,
6267,497,286,2024-11-11,890.59,Delivered,69
6268,1413,241,2024-03-07,115.24,Delivered,20
6269,1539,141,2024-11-12,457.87,Delivered,27
6270,1741,199,2024-02-07,1340.11,Delivered,38
6271,61,146,2024-11-25,540.72,Delivered,58
6272,961,264,2024-05-19,1298.21,Cancelled,
6273,1643,120,2024-08-23,168.63,Delivered,32
6274,1108,191,2024-08-13,893.44,Pending,
6275,1139,204,2024-11-18,1020.31,Delivered,65
6276,1625,166,2024-08-17,1133.59,Delivered,34
6277,1300,177,2024-02-11,1416.05,Pending,
6278,1347,234,2024-11-03,1379.48,Delivered,63
6279,1944,171,2024-06-20,1078.18,Cancelled,
6280,1630,278,2024-08-12,682.53,Delivered,52
6281,1763,187,2024-12-06,658.75,Delivered,21
6282,992,110,2024-02-18,729.79,Delivered,36
6283,154,224,2024-08-26,1161.74,Delivered,23
6284,1812,140,2024-10-11,105.88,Delivered,29
6285,626,216,2024-03-24,716.6,Delivered,35
6286,1766,149,2024-01-31,964.18,Delivered,55
6287,1205,265,2024-09-29,474.88,Pending,
6288,972,161,2024-09-14,798.39,Cancelled,
6289,1961,144,2024-04-07,400.94,Delivered,59
6290,968,276,2024-03-24,1080.04,Delivered,16
6291,1832,257,2024-12-02,661.24,Delivered,27
6292,1463,256,2024-06-06,1172.11,Delivered,49
6293,586,169,2024-11-29,447.85,Pending,
6294,477,182,2024-07-20,1214.49,Delivered,23
6295,1455,162,2024-10-10,1126.26,Delivered,57
6296,930,204,2024-11-09,762.65,Delivered,70
6297,463,161,2024-01-02,1414.71,Delivered,18
6298,1746,127,2024-04-09,444.18,Delivered,22
6299,537,277,2024-02-17,624.16,Delivered,31
6300,1807,277,2024-03-31,1461.21,Delivered,28
6301,822,144,2024-09-27,879.25,Delivered,28
6302,400,194,2024-05-25,486.31,Delivered,38
6303,1637,284,2024-12-28,1337.64,Delivered,28
6304,555,175,2024-02-13,208.49,Cancelled,
6305,696,168,2024-05-15,510.24,Delivered,45
6306,1314,174,2024-12-22,213.47,Pending,
6307,1089,284,2024-12-24,975.64,Delivered,39
6308,487,230,2024-11-23,204.43,Delivered,22
6309,1864,205,2024-12-01,998.35,Delivered,31
6310,1353,200,2024-12-07,934.72,Pending,
6311,906,145,2024-12-16,386.02,Delivered,56
6312,1859,260,2024-09-10,624.52,Delivered,38
6313,492,101,2024-11-20,1233.33,Delivered,38
6314,1934,267,2024-12-03,408.34,Delivered,45
6315,1810,246,2024-12-13,1356.76,Delivered,36
6316,1962,220,2024-10-12,340.12,Delivered,62
6317,403,120,2024-12-02,228.51,Delivered,40
6318,615,162,2024-09-30,995.93,Delivered,25
6319,632,153,2024-11-21,199.42,Delivered,55
6320,852,104,2024-10-29,644.96,Delivered,39
6321,1657,253,2024-05-04,1149.93,Delivered,53
6322,210,138,2024-02-02,826.42,Cancelled,
6323,1225,280,2024-07-16,573.43,Delivered,19
6324,1740,298,2024-11-05,589.99,Delivered,21
6325,221,143,2024-11-08,1118.01,Delivered,20
6326,851,112,2024-11-16,1166.16,Delivered,45
6327,339,243,2024-11-13,857.59,Pending,
6328,1971,159,2024-02-27,1395.7,Delivered,50
6329,801,121,2024-12-14,963.94,Delivered,24
6330,762,110,2024-11-12,653.04,Delivered,54
6331,1239,263,2024-08-19,807.36,Delivered,25
6332,67,116,2024-05-26,218.69,Delivered,23
6333,528,201,2024-11-30,411.97,Cancelled,
6334,348,164,2024-09-30,1384.3,Delivered,60
6335,725,249,2024-09-22,1086.48,Delivered,62
6336,1227,282,2024-05-19,739.74,Delivered,57
6337,964,279,2024-09-07,1083.26,Pending,
6338,350,252,2024-11-21,540.15,Cancelled,
6339,1178,221,2024-11-03,997.84,Delivered,39
6340,909,212,2024-11-19,1107.85,Delivered,17
6341,756,251,2024-11-17,1121.67,Pending,
6342,212,182,2024-11-17,1244.23,Delivered,51
6343,115,161,2024-12-21,707.11,Delivered,70
6344,274,236,2024-10-09,985.74,Delivered,42
6345,1468,104,2024-08-02,396.07,Delivered,58
6346,959,201,2024-12-01,557.31,Delivered,66
6347,352,123,2024-12-02,507.35,Delivered,25
6348,1359,136,2024-12-01,500.0,Delivered,48
6349,48,134,2024-06-25,915.4,Delivered,47
6350,715,256,2024-06-13,667.39,Delivered,36
6351,323,171,2024-08-28,1182.04,Delivered,17
6352,1686,215,2024-08-01,1389.61,Delivered,64
6353,1586,183,2024-04-24,780.18,Delivered,50
6354,1664,292,2024-06-29,1118.39,Delivered,36
6355,156,144,2024-11-21,1413.5,Pending,
6356,1699,175,2024-10-30,1283.98,Delivered,20
6357,1352,226,2024-03-27,1292.94,Cancelled,
6358,1207,293,2024-03-30,969.63,Delivered,35
6359,1797,142,2024-12-09,656.37,Delivered,58
6360,,250,2024-10-15,963.18,Delivered,18
6361,1680,158,2024-06-22,476.89,Cancelled,
6362,2,116,2024-02-15,579.48,Delivered,23
6363,580,137,2024-06-12,757.7,Delivered,29
6364,1715,278,2024-02-05,1090.03,Delivered,58
6365,1929,256,2024-07-11,1087.61,Delivered,25
6366,1260,173,2024-06-08,283.18,Delivered,62
6367,344,106,2024-12-02,595.83,Delivered,40
6368,1620,163,2024-12-26,670.66,Delivered,48
6369,1227,228,2024-04-06,728.35,Pending,
6370,368,267,2024-06-27,1495.24,Delivered,57
6371,448,278,2024-05-26,243.37,Delivered,45
6372,175,199,2024-11-15,383.27,Delivered,18
6373,1034,196,2024-11-05,840.8,Delivered,30
6374,860,268,2024-08-08,175.91,Delivered,58
6375,33,262,2024-04-11,222.03,Cancelled,
6376,1865,242,2024-03-22,1057.81,Delivered,17
6377,1189,162,2024-09-05,1114.81,Delivered,46
6378,1925,218,2024-08-20,436.24,Delivered,36
6379,1568,217,2024-07-01,588.03,Delivered,54
6380,1814,115,2024-12-27,1447.83,Delivered,54
6381,678,279,2024-11-22,1180.13,Delivered,21
6382,1847,113,2024-12-09,386.05,Delivered,38
6383,421,161,2024-10-02,965.58,Delivered,27
6384,1416,164,2024-12-30,1330.29,Delivered,38
6385,1391,291,2024-06-08,1463.33,Pending,
6386,645,187,2024-01-15,750.31,Delivered,39
6387,513,105,2024-08-04,119.89,Cancelled,
6388,577,284,2024-12-10,1498.7,Delivered,34
6389,1670,230,2024-03-21,250.31,Delivered,33
6390,1152,163,2024-05-10,1025.26,Cancelled,
6391,1428,249,2024-01-28,343.97,Delivered,18
6392,895,246,2024-11-30,1385.52,Delivered,25
6393,1366,109,2024-12-17,1216.65,Delivered,47
6394,1270,153,2024-02-27,325.13,Pending,
6395,371,238,2024-12-19,883.08,Delivered,52
6396,1372,284,2024-06-02,1262.21,Delivered,20
6397,787,274,2024-11-15,915.33,Delivered,35
6398,1713,201,2024-05-30,1497.81,Delivered,31
6399,1572,183,2024-12-22,917.85,Delivered,31
6400,149,195,2024-12-25,318.7,Pending,
6401,770,227,2024-06-18,457.9,Delivered,65
6402,142,229,2024-09-06,938.76,Delivered,63
6403,93,132,2024-06-03,626.05,Delivered,62
6404,1912,258,2024-04-26,692.93,Delivered,63
6405,1315,188,2024-03-06,1370.62,Delivered,18
6406,1634,277,2024-11-04,746.0,Delivered,68
6407,1301,227,2024-12-14,1290.86,Delivered,58
6408,509,128,2024-04-23,1029.07,Delivered,62
6409,999,251,2024-12-16,1144.06,Delivered,32
6410,717,224,2024-11-11,782.91,Delivered,56
6411,367,284,2024-12-07,1323.56,Delivered,63
6412,1151,294,2024-12-17,1358.76,Delivered,20
6413,1965,191,2024-08-04,1370.18,Delivered,48
6414,1916,231,2024-11-22,1139.8,Delivered,59
6415,666,194,2024-12-12,682.96,Delivered,41
6416,1147,250,2024-01-23,891.94,Delivered,62
6417,490,200,2024-12-10,119.81,Delivered,35
6418,245,279,2024-02-06,406.72,Delivered,41
6419,385,148,2024-12-28,620.03,Delivered,47
6420,305,196,2024-07-25,194.33,Delivered,20
6421,1944,138,2024-08-07,1364.96,Cancelled,
6422,1732,290,2024-10-12,1275.31,Delivered,52
6423,996,242,2024-11-30,899.5,Pending,
6424,1286,256,2024-04-11,219.38,Delivered,29
6425,120,189,2024-12-10,171.33,Delivered,39
6426,1169,147,2024-11-22,1239.19,Delivered,42
6427,513,135,2024-12-30,268.7,Cancelled,
6428,577,204,2024-01-06,254.83,Delivered,28
6429,1993,128,2024-02-16,898.94,Pending,
6430,1766,209,2024-12-13,1012.22,Pending,
6431,744,271,2024-12-21,643.63,Delivered,65
6432,308,145,2024-11-26,363.99,Delivered,45
6433,423,265,2024-09-08,736.68,Delivered,54
6434,1498,175,2024-12-08,829.17,Delivered,15
6435,1637,177,2024-12-29,149.47,Delivered,45
6436,417,105,2024-11-08,531.95,Pending,
6437,357,282,2024-12-21,1481.74,Delivered,62
6438,1626,184,2024-12-16,420.98,Delivered,68
6439,847,121,2024-12-02,1066.7,Delivered,15
6440,1978,163,2024-10-03,104.63,Delivered,69
6441,1689,273,2024-10-25,561.32,Delivered,23
6442,1355,118,2024-04-12,1385.87,Delivered,60
6443,211,125,2024-03-24,803.52,Delivered,44
6444,993,255,2024-12-30,392.74,Delivered,42
6445,789,201,2024-12-11,1108.06,Delivered,45
6446,359,230,2024-11-15,321.71,Delivered,52
6447,1056,172,2024-11-12,381.47,Cancelled,
6448,1252,113,2024-12-07,1029.63,Delivered,16
6449,1706,158,2024-04-21,583.05,Delivered,57
6450,1521,128,2024-03-20,1094.69,Delivered,23
6451,1732,277,2024-12-18,562.03,Cancelled,
6452,1701,126,2024-06-24,166.41,Delivered,18
6453,757,204,2024-10-11,186.22,Delivered,23
6454,1436,298,2024-03-18,497.65,Delivered,65
6455,1110,255,2024-11-22,323.96,Pending,
6456,488,230,2024-03-27,1373.05,Delivered,35
6457,248,171,2024-08-14,795.31,Delivered,51
6458,183,163,2024-02-13,671.49,Delivered,43
6459,848,189,2024-12-27,1493.17,Delivered,60
6460,1939,293,2024-10-17,1017.72,Delivered,60
6461,1903,245,2024-01-13,1345.12,Delivered,51
6462,625,244,2024-10-24,1190.17,Delivered,57
6463,1746,291,2024-06-12,741.23,Delivered,70
6464,810,120,2024-05-01,1385.98,Pending,
6465,1730,212,2024-11-21,123.04,Delivered,60
6466,1833,250,2024-12-23,614.51,Delivered,61
6467,820,291,2024-04-06,298.31,Delivered,51
6468,1428,267,2024-07-05,1442.98,Delivered,39
6469,1653,104,2024-10-23,1192.28,Delivered,24
6470,1305,218,2024-11-24,248.51,Delivered,57
6471,471,205,2024-12-03,789.81,Delivered,43
6472,279,101,2024-01-15,1363.33,Delivered,55
6473,1459,155,2024-10-08,240.28,Delivered,25
6474,24,295,2024-11-12,697.69,Cancelled,
6475,878,157,2024-01-09,379.08,Cancelled,
6476,458,176,2024-09-14,413.3,Delivered,38
6477,862,224,2024-12-10,240.9,Delivered,37
6478,831,269,2024-09-08,1227.74,Delivered,52
6479,836,226,2024-06-11,464.9,Cancelled,
6480,413,254,2024-11-25,451.76,Delivered,52
6481,1938,291,2024-05-18,1482.83,Pending,
6482,1339,237,2024-05-03,1106.15,Delivered,63
6483,725,233,2024-08-07,847.32,Delivered,69
6484,330,185,2024-11-06,291.24,Delivered,42
6485,1719,208,2024-11-17,1478.21,Pending,
6486,1833,113,2024-10-15,558.89,Delivered,34
6487,29,124,2024-07-16,271.01,Delivered,53
6488,1613,220,2024-01-07,157.24,Delivered,52
6489,1376,115,2024-01-18,731.04,Pending,
6490,1038,182,2024-11-28,1384.74,Delivered,55
6491,633,287,2024-05-04,1282.37,Delivered,67
6492,1176,263,2024-10-10,946.14,Delivered,28
6493,220,248,2024-10-21,629.15,Delivered,48
6494,449,137,2024-12-31,118.58,Delivered,23
6495,1910,270,2024-05-09,1016.64,Delivered,37
6496,1291,118,2024-12-31,1364.19,Delivered,27
6497,1548,191,2024-01-08,908.95,Delivered,57
6498,1183,173,2024-11-11,538.92,Cancelled,
6499,1273,260,2024-10-28,150.89,Delivered,63
6500,1581,136,2024-12-04,1093.59,Delivered,44
6501,798,211,2024-12-10,642.14,Delivered,68
6502,1491,235,2024-06-12,1354.78,Delivered,27
6503,1600,180,2024-11-13,889.85,Cancelled,
6504,1127,156,2024-05-26,506.28,Delivered,16
6505,1082,126,2024-07-27,434.35,Delivered,55
6506,1277,276,2024-12-27,111.93,Delivered,63
6507,783,163,2024-01-03,760.69,Delivered,34
6508,1146,121,2024-03-01,411.45,Delivered,19
6509,1665,221,2024-01-29,577.57,Cancelled,
6510,832,216,2024-10-30,291.23,Pending,
6511,1132,256,2024-11-02,1324.4,Delivered,24
6512,1087,214,2024-11-28,477.74,Delivered,47
6513,1279,293,2024-05-01,1051.41,Delivered,28
6514,856,104,2024-09-07,841.81,Delivered,53
6515,1786,265,2024-12-18,935.94,Delivered,39
6516,663,188,2024-08-26,189.8,Delivered,33
6517,1181,207,2024-05-12,1077.22,Delivered,59
6518,1526,180,2024-11-28,598.96,Delivered,37
6519,909,285,2024-12-21,516.04,Pending,
6520,1090,138,2024-06-14,295.29,Delivered,56
6521,1728,255,2024-01-25,1090.07,Pending,
6522,749,127,2024-02-22,1246.51,Delivered,62
6523,887,222,2024-04-28,860.82,Delivered,19
6524,655,218,2024-08-03,792.22,Delivered,56
6525,755,116,2024-09-29,112.94,Pending,
6526,415,230,2024-02-04,1303.27,Delivered,31
6527,889,183,2024-03-31,1163.16,Delivered,47
6528,1952,210,2024-12-28,975.85,Delivered,39
6529,416,277,2024-11-13,1188.4,Delivered,30
6530,616,260,2024-07-03,293.77,Delivered,43
6531,110,187,2024-12-25,1332.88,Delivered,61
6532,964,236,2024-11-22,286.87,Delivered,49
6533,1114,102,2024-04-13,1225.74,Delivered,58
6534,1514,138,2024-07-12,254.14,Pending,
6535,1531,272,2024-03-23,1101.36,Pending,
6536,1863,262,2024-08-24,1442.02,Delivered,45
6537,856,286,2024-04-20,985.63,Delivered,28
6538,1402,243,2024-11-17,757.42,Cancelled,
6539,1541,278,2024-12-03,234.38,Delivered,22
6540,1632,257,2024-12-16,900.68,Delivered,20
6541,1581,283,2024-12-25,412.09,Pending,
6542,1544,279,2024-12-30,1170.01,Delivered,26
6543,714,162,2024-05-08,1314.56,Delivered,47
6544,739,171,2024-11-17,190.19,Pending,
6545,1256,143,2024-12-27,841.77,Delivered,20
6546,536,297,2024-12-26,425.14,Delivered,29
6547,58,152,2024-03-22,807.12,Delivered,45
6548,391,184,2024-11-09,112.7,Cancelled,
6549,1187,294,2024-07-13,604.41,Delivered,42
6550,1697,229,2024-08-11,1015.94,Delivered,27
6551,303,300,2024-07-06,183.56,Delivered,26
6552,1742,239,2024-10-01,539.22,Delivered,55
6553,431,177,2024-01-26,1059.31,Pending,
6554,1688,238,2024-11-01,907.27,Delivered,49
6555,900,146,2024-11-29,995.82,Delivered,44
6556,1911,271,2024-11-13,209.25,Delivered,30
6557,34,242,2024-11-02,244.38,Delivered,62
6558,808,139,2024-01-08,429.86,Delivered,59
6559,1824,204,2024-11-03,821.79,Delivered,65
6560,1816,271,2024-10-19,213.03,Delivered,42
6561,1653,162,2024-12-11,1090.31,Delivered,29
6562,1931,125,2024-12-30,1065.54,Delivered,41
6563,482,297,2024-04-01,1478.63,Delivered,48
6564,562,193,2024-06-05,201.32,Delivered,49
6565,1302,185,2024-07-12,313.17,Delivered,19
6566,1565,127,2024-09-18,537.08,Delivered,20
6567,75,198,2024-07-31,1146.44,Delivered,26
6568,1775,200,2024-05-31,686.37,Delivered,55
6569,213,214,2024-12-12,569.7,Pending,
6570,,263,2024-07-13,1347.69,Delivered,34
6571,569,119,2024-08-01,644.41,Cancelled,
6572,1118,240,2024-11-30,1323.1,Delivered,69
6573,1696,138,2024-08-08,588.8,Delivered,58
6574,561,140,2024-09-25,901.13,Delivered,32
6575,1521,166,2024-01-08,745.28,Delivered,56
6576,1895,104,2024-03-28,963.16,Delivered,16
6577,346,163,2024-01-14,1486.66,Delivered,68
6578,872,212,2024-05-09,857.24,Delivered,29
6579,1346,151,2024-09-12,1169.54,Delivered,44
6580,1178,295,2024-11-16,1129.76,Delivered,25
6581,1153,242,2024-05-29,1155.24,Delivered,25
6582,12,147,2024-12-09,1360.65,Delivered,37
6583,1611,268,2024-12-02,921.11,Delivered,23
6584,227,213,2024-10-07,105.02,Delivered,41
6585,1244,211,2024-12-31,163.68,Delivered,63
6586,117,223,2024-12-30,290.22,Delivered,29
6587,1818,254,2024-11-03,445.89,Delivered,38
6588,94,290,2024-09-06,450.84,Delivered,67
6589,312,162,2024-09-15,1444.4,Delivered,18
6590,1554,274,2024-09-03,999.3,Delivered,31
6591,432,253,2024-05-16,316.1,Pending,
6592,1552,192,2024-01-10,367.51,Delivered,48
6593,842,264,2024-11-06,502.48,Delivered,56
6594,504,133,2024-01-24,821.48,Delivered,36
6595,1996,115,2024-05-19,1412.3,Pending,
6596,1751,227,2024-06-20,918.37,Delivered,22
6597,1141,133,2024-08-26,783.52,Delivered,18
6598,1259,114,2024-05-27,460.02,Delivered,51
6599,220,278,2024-11-07,778.2,Delivered,69
6600,1463,103,2024-12-15,458.68,Delivered,48
6601,1392,230,2024-09-28,654.58,Cancelled,
6602,1545,154,2024-05-22,938.43,Delivered,39
6603,1937,102,2024-04-22,651.26,Delivered,64
6604,599,221,2024-11-09,109.35,Delivered,49
6605,4,150,2024-10-31,394.99,Delivered,37
6606,1721,134,2024-12-13,1421.76,Delivered,15
6607,627,156,2024-07-05,263.75,Delivered,23
6608,811,256,2024-06-17,776.41,Cancelled,
6609,765,134,2024-08-08,686.23,Delivered,50
6610,1916,114,2024-12-17,238.11,Delivered,40
6611,963,234,2024-11-20,309.26,Pending,
6612,138,164,2024-12-01,639.66,Delivered,25
6613,1249,232,2024-12-09,408.3,Delivered,54
6614,1563,192,2024-11-23,289.91,Delivered,0
6615,1069,268,2024-06-26,363.49,Pending,
6616,1714,220,2024-05-28,1086.74,Delivered,20
6617,173,166,2024-11-04,784.37,Delivered,44
6618,674,170,2024-04-13,1040.75,Cancelled,
6619,1754,219,2024-12-18,923.85,Delivered,51
6620,855,218,2024-11-04,534.04,Delivered,70
6621,689,248,2024-08-18,426.22,Delivered,21
6622,1598,109,2024-12-17,451.15,Delivered,45
6623,422,203,2024-10-24,235.2,Delivered,48
6624,1773,291,2024-12-21,253.31,Cancelled,
6625,1980,181,2024-11-23,489.08,Delivered,17
6626,971,283,2024-02-23,1356.98,Pending,
6627,1353,230,2024-08-20,1222.63,Delivered,51
6628,1205,126,2024-09-16,747.63,Delivered,41
6629,507,179,2024-03-01,144.87,Pending,
6630,1760,185,2024-10-11,1384.08,Delivered,43
6631,1911,129,2024-07-16,558.77,Cancelled,
6632,1422,141,2024-02-04,874.52,Delivered,68
6633,1578,251,2024-03-26,1289.29,Pending,
6634,1278,265,2024-09-17,613.84,Delivered,31
6635,1183,273,2024-11-15,1330.86,Delivered,55
6636,1086,175,2024-12-14,586.74,Pending,
6637,1595,186,2024-04-08,751.28,Delivered,18
6638,1447,172,2024-12-27,682.86,Delivered,48
6639,658,195,2024-09-09,130.52,Delivered,42
6640,1539,260,2024-05-10,866.41,Delivered,32
6641,1536,179,2024-11-03,1144.88,Delivered,17
6642,1607,214,2024-01-24,308.6,Delivered,18
6643,1489,209,2024-12-19,156.49,Cancelled,
6644,326,250,2024-03-23,347.05,Pending,
6645,1031,270,2024-06-05,315.42,Delivered,62
6646,548,167,2024-12-30,779.59,Delivered,70
6647,768,130,2024-11-24,1387.58,Cancelled,
6648,1413,150,2024-07-27,983.5,Delivered,32
6649,913,288,2024-09-17,1361.87,Cancelled,
6650,1713,244,2024-12-07,1454.54,Delivered,57
6651,992,118,2024-12-24,551.66,Delivered,37
6652,1327,283,2024-08-08,1070.48,Cancelled,
6653,942,131,2024-04-09,1100.6,Delivered,64
6654,1301,128,2024-04-24,1080.9,Delivered,18
6655,1973,141,2024-01-31,165.44,Delivered,27
6656,1844,126,2024-07-22,1285.41,Cancelled,
6657,722,138,2024-01-01,712.95,Delivered,43
6658,1179,281,2024-08-27,243.62,Delivered,28
6659,1519,184,2024-12-25,1215.46,Delivered,26
6660,1427,218,2024-12-16,950.49,Delivered,59
6661,603,154,2024-11-18,240.97,Delivered,44
6662,815,135,2024-03-26,1287.46,Cancelled,
6663,71,137,2024-06-08,445.2,Delivered,40
6664,1312,160,2024-06-12,814.39,Delivered,32
6665,1815,224,2024-11-26,175.85,Delivered,39
6666,1653,220,2024-09-19,320.61,Delivered,58
6667,419,212,2024-07-19,1071.19,Delivered,35
6668,1455,280,2024-12-05,1238.4,Delivered,19
6669,487,166,2024-12-09,1319.19,Cancelled,
6670,464,124,2024-03-20,1210.15,Delivered,67
6671,1667,283,2024-08-12,709.6,Delivered,33
6672,1344,102,2024-12-17,988.89,Delivered,25
6673,1285,267,2024-12-25,676.62,Delivered,29
6674,686,158,2024-09-13,1143.58,Delivered,44
6675,1127,271,2024-12-05,1345.25,Delivered,48
6676,66,186,2024-04-05,262.04,Delivered,64
6677,1652,214,2024-11-30,884.13,Delivered,37
6678,681,196,2024-11-07,541.42,Delivered,43
6679,23,289,2024-11-23,1474.49,Delivered,38
6680,1975,141,2024-07-10,150.57,Delivered,49
6681,1010,169,2024-11-08,1181.42,Delivered,58
6682,1202,250,2024-12-23,864.63,Delivered,56
6683,355,182,2024-11-01,310.66,Delivered,30
6684,643,211,2024-11-24,1007.42,Delivered,57
6685,709,117,2024-09-04,1220.47,Cancelled,
6686,1423,193,2024-12-07,381.06,Pending,
6687,513,251,2024-11-04,1269.16,Delivered,44
6688,1644,151,2024-12-25,451.65,Delivered,48
6689,1324,106,2024-11-15,1491.02,Delivered,59
6690,327,129,2024-11-17,683.63,Delivered,40
6691,568,275,2024-06-12,308.18,Delivered,64
6692,687,164,2024-11-09,278.51,Delivered,64
6693,921,111,2024-09-18,232.69,Delivered,21
6694,553,236,2024-03-26,916.0,Cancelled,
6695,149,258,2024-05-19,160.98,Pending,
6696,1232,269,2024-11-28,1175.28,Delivered,50
6697,1365,296,2024-11-27,1118.37,Delivered,66
6698,279,203,2024-09-06,1155.71,Delivered,15
6699,1491,104,2024-01-10,553.08,Pending,
6700,1652,252,2024-01-07,561.58,Pending,
6701,86,240,2024-11-01,369.63,Delivered,60
6702,1719,107,2024-11-02,874.01,Delivered,59
6703,1479,113,2024-12-30,1094.29,Delivered,56
6704,1062,285,2024-08-09,1234.5,Delivered,55
6705,378,128,2024-02-05,236.1,Delivered,51
6706,622,208,2024-11-08,1445.12,Delivered,25
6707,1869,175,2024-08-17,1261.24,Delivered,24
6708,1036,130,2024-12-13,1113.72,Delivered,51
6709,1073,149,2024-03-22,172.2,Delivered,54
6710,,244,2024-05-14,918.7,Delivered,53
6711,154,145,2024-10-23,308.09,Delivered,29
6712,162,286,2024-08-09,617.22,Delivered,46
6713,1466,131,2024-07-19,596.19,Pending,
6714,1294,125,2024-11-18,1471.96,Delivered,69
6715,118,178,2024-12-02,897.73,Delivered,33
6716,1330,126,2024-06-29,155.25,Delivered,24
6717,1794,286,2024-10-15,1328.51,Delivered,65
6718,1818,134,2024-04-25,132.15,Delivered,32
6719,1830,287,2024-10-09,1384.44,Delivered,31
6720,193,148,2024-04-21,1037.3,Delivered,67
6721,1720,300,2024-05-08,548.83,Delivered,22
6722,1033,291,2024-11-20,1297.34,Delivered,51
6723,503,180,2024-01-19,825.31,Delivered,32
6724,1298,172,2024-12-11,994.69,Pending,
6725,1087,191,2024-09-18,274.98,Delivered,15
6726,888,257,2024-07-14,958.51,Delivered,38
6727,1361,254,2024-03-13,1432.62,Delivered,59
6728,335,136,2024-12-04,430.34,Delivered,45
6729,698,160,2024-03-03,845.39,Delivered,36
6730,1301,221,2024-01-17,325.4,Delivered,47
6731,37,123,2024-09-11,212.93,Delivered,41
6732,267,245,2024-12-25,1379.84,Delivered,62
6733,792,270,2024-05-26,474.44,Delivered,64
6734,748,271,2024-11-06,1491.57,Delivered,59
6735,506,260,2024-12-17,403.75,Delivered,62
6736,1435,132,2024-08-08,1273.17,Delivered,44
6737,1755,247,2024-08-05,690.84,Cancelled,
6738,1966,291,2024-11-30,1004.26,Delivered,63
6739,106,283,2024-02-10,1026.61,Delivered,33
6740,4,242,2024-11-16,445.66,Cancelled,
6741,1733,243,2024-11-01,1209.3,Pending,
6742,916,221,2024-11-13,1154.11,Delivered,27
6743,1775,292,2024-03-13,286.55,Delivered,52
6744,463,258,2024-11-16,279.41,Cancelled,
6745,977,216,2024-08-21,738.66,Delivered,43
6746,1382,187,2024-11-06,1021.72,Pending,
6747,1077,189,2024-11-06,1409.96,Delivered,48
6748,633,211,2024-04-26,1095.37,Delivered,48
6749,472,250,2024-12-30,1172.21,Cancelled,
6750,1111,230,2024-03-31,1235.87,Delivered,63
6751,1533,271,2024-11-21,1360.3,Pending,
6752,506,195,2024-10-31,535.5,Cancelled,
6753,115,199,2024-05-05,1055.46,Delivered,48
6754,698,162,2024-12-10,176.4,Delivered,34
6755,835,121,2024-12-30,1031.23,Cancelled,
6756,1213,175,2024-08-15,1002.78,Pending,
6757,1361,118,2024-10-18,823.49,Delivered,28
6758,1470,207,2024-02-10,1322.35,Delivered,54
6759,1472,175,2024-06-16,1469.4,Delivered,60
6760,1992,117,2024-12-05,569.44,Cancelled,
6761,355,159,2024-06-19,1445.73,Delivered,20
6762,1268,172,2024-09-10,782.38,Delivered,23
6763,822,273,2024-12-28,1194.71,Delivered,68
6764,724,175,2024-10-15,1421.12,Cancelled,
6765,1391,219,2024-12-28,770.17,Delivered,66
6766,1772,135,2024-12-05,1105.34,Delivered,16
6767,1616,108,2024-11-16,349.07,Delivered,57
6768,853,253,2024-11-11,547.63,Delivered,46
6769,663,251,2024-11-16,1313.86,Delivered,51
6770,1433,202,2024-11-19,1076.2,Delivered,57
6771,1048,103,2024-11-16,983.63,Delivered,47
6772,1423,224,2024-05-19,319.28,Delivered,45
6773,1757,273,2024-05-30,1327.2,Delivered,42
6774,716,281,2024-11-13,516.38,Pending,
6775,407,112,2024-06-25,260.95,Delivered,52
6776,952,140,2024-02-02,352.06,Delivered,70
6777,1864,166,2024-12-30,429.02,Delivered,42
6778,949,196,2024-12-14,777.69,Cancelled,
6779,436,165,2024-03-07,643.2,Delivered,49
6780,1750,224,2024-11-13,1031.86,Delivered,34
6781,1452,266,2024-11-02,229.01,Delivered,45
6782,1869,223,2024-12-27,1060.01,Delivered,70
6783,1045,108,2024-07-30,219.47,Delivered,45
6784,1726,168,2024-07-20,1342.35,Delivered,53
6785,1563,228,2025-06-15,764.39,Delivered,44
6786,246,293,2024-05-28,1175.27,Delivered,39
6787,867,229,2024-05-05,1195.69,Delivered,28
6788,315,190,2024-07-17,1402.33,Delivered,60
6789,296,193,2024-11-28,1118.71,Delivered,46
6790,424,182,2024-08-30,1457.42,Delivered,62
6791,114,270,2024-09-24,1064.0,Delivered,66
6792,945,199,2024-12-16,681.28,Delivered,26
6793,1393,197,2024-12-09,1076.74,Delivered,57
6794,830,272,2024-02-24,1179.31,Delivered,26
6795,1763,213,2024-12-14,517.36,Delivered,52
6796,1777,296,2024-11-20,189.09,Delivered,40
6797,1821,203,2024-11-01,186.33,Delivered,27
6798,799,138,2024-03-01,1209.56,Delivered,37
6799,1391,120,2024-01-29,723.47,Cancelled,
6800,1783,290,2024-12-30,1285.6,Delivered,70
6801,616,229,2024-11-13,1137.25,Delivered,63
6802,1769,293,2024-12-29,1062.96,Cancelled,
6803,1534,262,2024-11-19,444.87,Delivered,38
6804,1907,141,2024-11-17,1341.57,Delivered,52
6805,1535,240,2024-08-23,756.34,Delivered,36
6806,739,177,2024-10-26,1099.92,Delivered,45
6807,183,147,2024-11-05,637.85,Delivered,35
6808,599,281,2024-09-01,113.25,Delivered,51
6809,507,156,2024-02-23,397.0,Delivered,40
6810,1044,247,2024-12-22,466.55,Delivered,25
6811,132,164,2024-10-06,1282.03,Delivered,19
6812,737,228,2024-12-20,289.57,Delivered,48
6813,545,145,2024-11-26,624.17,Delivered,65
6814,848,293,2024-11-27,1033.01,Delivered,36
6815,1143,254,2024-11-14,1069.81,Delivered,23
6816,1415,240,2024-12-01,1035.45,Delivered,27
6817,12,271,2024-11-09,865.71,Delivered,53
6818,1902,158,2024-07-01,1430.73,Pending,
6819,1749,213,2024-09-11,245.42,Delivered,37
6820,1645,254,2024-06-02,778.19,Delivered,41
6821,1078,271,2024-12-17,798.37,Delivered,32
6822,1385,193,2024-11-29,1058.23,Pending,
6823,503,127,2024-03-03,1498.19,Delivered,61
6824,1402,113,2024-01-26,1408.48,Cancelled,
6825,648,204,2024-06-28,1150.23,Delivered,49
6826,228,267,2024-12-03,114.75,Delivered,50
6827,1853,265,2024-12-14,1253.18,Cancelled,
6828,1218,226,2024-05-13,455.09,Delivered,20
6829,1205,155,2024-10-07,1436.69,Delivered,27
6830,1700,199,2024-05-31,644.13,Delivered,30
6831,1917,157,2024-12-22,721.9,Delivered,62
6832,1176,205,2024-04-11,1433.74,Delivered,24
6833,1625,278,2024-03-28,802.8,Delivered,37
6834,2,147,2024-11-18,389.43,Cancelled,
6835,502,174,2024-01-26,552.39,Delivered,22
6836,1230,175,2024-12-28,986.75,Delivered,45
6837,268,293,2024-11-15,769.48,Delivered,25
6838,1219,120,2024-12-30,922.5,Cancelled,
6839,484,205,2024-10-19,845.69,Delivered,52
6840,236,256,2024-08-12,1151.93,Cancelled,
6841,1476,160,2024-07-05,386.98,Cancelled,
6842,1323,236,2024-09-25,730.56,Delivered,47
6843,1531,253,2024-06-26,1364.42,Delivered,43
6844,239,163,2024-12-10,956.9,Delivered,31
6845,541,286,2024-07-18,190.33,Delivered,30
6846,1730,245,2024-11-21,770.45,Cancelled,
6847,977,224,2024-11-28,996.29,Delivered,24
6848,456,230,2024-11-29,722.13,Delivered,67
6849,149,259,2024-12-05,1158.34,Pending,
6850,961,186,2024-10-30,1318.66,Pending,
6851,1738,157,2024-11-11,1239.57,Delivered,55
6852,1596,108,2024-06-14,924.87,Delivered,33
6853,719,290,2024-11-14,631.7,Pending,
6854,747,173,2024-12-16,894.19,Delivered,32
6855,621,148,2024-11-08,1303.62,Cancelled,
6856,212,135,2024-11-14,445.75,Delivered,64
6857,1563,205,2024-11-12,620.6,Delivered,60
6858,755,257,2024-06-09,1405.78,Pending,
6859,42,247,2024-03-21,805.28,Delivered,53
6860,827,101,2024-10-13,784.31,Delivered,55
6861,964,230,2024-10-09,304.82,Cancelled,
6862,390,220,2024-08-05,446.57,Cancelled,
6863,934,157,2024-09-20,1114.63,Delivered,69
6864,789,206,2024-12-01,1020.29,Cancelled,
6865,1031,184,2024-01-06,1207.35,Delivered,58
6866,1317,175,2024-11-23,1026.46,Cancelled,
6867,1443,136,2024-03-21,1423.22,Delivered,58
6868,168,105,2024-11-09,423.85,Delivered,59
6869,1945,138,2024-03-16,728.09,Delivered,37
6870,594,199,2024-11-21,969.61,Delivered,62
6871,720,209,2024-02-04,742.34,Delivered,28
6872,1197,242,2024-08-14,330.43,Delivered,50
6873,186,284,2024-10-10,744.49,Delivered,47
6874,1375,229,2024-12-01,561.06,Delivered,63
6875,411,277,2024-01-02,610.39,Delivered,36
6876,1267,261,2024-08-11,830.2,Delivered,17
6877,1576,217,2024-01-13,588.88,Delivered,69
6878,94,205,2024-08-17,354.34,Delivered,49
6879,219,182,2024-05-04,873.91,Delivered,67
6880,1908,147,2024-09-23,1411.62,Delivered,43
6881,1166,243,2024-02-27,504.3,Delivered,34
6882,173,158,2024-09-02,437.87,Delivered,59
6883,394,245,2024-12-31,840.85,Pending,
6884,442,109,2024-05-13,1056.86,Pending,
6885,419,209,2024-09-21,1400.41,Delivered,43
6886,332,151,2024-08-05,570.36,Delivered,17
6887,1914,203,2024-07-09,1493.96,Delivered,51
6888,729,215,2024-06-16,506.85,Delivered,35
6889,1933,291,2024-12-08,1343.67,Cancelled,
6890,1844,269,2024-10-31,511.13,Delivered,36
6891,1410,292,2024-11-10,1132.34,Pending,
6892,133,107,2024-06-12,1228.29,Pending,
6893,917,139,2024-12-01,805.39,Delivered,65
6894,968,262,2024-12-03,129.79,Delivered,22
6895,34,174,2024-11-03,1204.89,Delivered,52
6896,502,130,2024-01-08,832.2,Delivered,42
6897,1570,275,2024-02-14,580.59,Delivered,55
6898,784,212,2024-12-11,498.35,Delivered,43
6899,1359,268,2024-01-22,158.0,Delivered,36
6900,1131,178,2024-12-11,875.22,Delivered,23
6901,1283,223,2024-12-25,1348.57,Delivered,56
6902,788,180,2024-06-06,973.34,Delivered,42
6903,1330,190,2024-11-28,1254.15,Delivered,58
6904,462,268,2024-10-14,404.55,Delivered,46
6905,287,143,2024-11-20,1179.7,Delivered,46
6906,79,235,2024-04-30,589.27,Delivered,70
6907,1317,271,2024-11-17,1005.67,Delivered,40
6908,1439,164,2024-01-19,1178.58,Delivered,31
6909,732,155,2024-12-29,868.28,Delivered,59
6910,1993,286,2024-10-05,1218.65,Delivered,46
6911,1295,143,2024-02-23,522.23,Delivered,22
6912,1513,213,2024-12-07,802.75,Cancelled,
6913,432,119,2024-01-08,1433.37,Pending,
6914,1984,130,2024-07-27,1442.95,Pending,
6915,211,158,2024-04-27,1301.1,Pending,
6916,603,198,2024-12-13,352.89,Delivered,38
6917,112,126,2024-06-15,465.55,Delivered,39
6918,315,195,2024-02-27,316.7,Delivered,29
6919,864,128,2024-11-25,930.91,Cancelled,
6920,809,145,2024-03-23,1201.28,Delivered,46
6921,1622,291,2024-06-07,783.6,Delivered,17
6922,1138,116,2024-11-27,807.86,Cancelled,
6923,246,220,2024-11-29,408.66,Delivered,64
6924,1016,125,2024-01-19,1351.33,Delivered,39
6925,1921,122,2024-12-28,1178.0,Cancelled,
6926,180,207,2024-12-24,470.87,Delivered,38
6927,380,211,2024-12-31,583.0,Pending,
6928,1516,263,2024-12-27,1208.17,Delivered,61
6929,756,166,2024-12-13,1274.99,Delivered,68
6930,449,287,2024-10-12,162.35,Pending,
6931,994,210,2024-12-08,365.09,Pending,
6932,1655,150,2024-10-31,649.05,Delivered,62
6933,338,180,2024-08-31,1038.16,Delivered,60
6934,1642,225,2024-12-13,269.49,Delivered,31
6935,1731,296,2024-01-02,1215.46,Delivered,59
6936,254,149,2024-05-24,316.89,Delivered,36
6937,790,123,2024-03-14,1244.16,Delivered,61
6938,313,123,2024-11-16,1414.4,Delivered,37
6939,149,103,2024-06-29,482.44,Delivered,70
6940,1982,261,2024-03-13,1312.78,Delivered,15
6941,754,203,2024-09-14,994.06,Pending,
6942,1853,171,2024-09-26,1391.73,Delivered,43
6943,321,221,2024-11-25,363.41,Delivered,17
6944,1418,270,2024-12-09,396.65,Pending,
6945,1918,127,2024-05-07,312.02,Cancelled,
6946,325,216,2024-11-09,1329.76,Delivered,43
6947,916,285,2024-05-29,708.18,Delivered,47
6948,1626,231,2024-10-24,988.38,Delivered,63
6949,789,238,2024-11-23,1088.94,Delivered,52
6950,1405,139,2024-05-28,475.88,Delivered,65
6951,150,152,2024-06-26,992.09,Cancelled,
6952,,287,2024-07-25,672.42,Delivered,60
6953,1670,255,2024-01-03,1373.75,Delivered,29
6954,829,267,2024-08-12,1004.63,Delivered,63
6955,383,109,2024-11-25,272.82,Delivered,70
6956,220,224,2024-01-08,578.16,Delivered,17
6957,1875,154,2024-09-30,410.25,Delivered,21
6958,1340,182,2024-12-06,1417.96,Delivered,47
6959,33,127,2024-05-23,856.77,Delivered,25
6960,512,209,2024-11-03,1316.2,Delivered,47
6961,1083,278,2024-11-10,1002.23,Delivered,27
6962,148,129,2024-12-08,1351.73,Cancelled,
6963,1115,125,2024-05-05,464.13,Delivered,70
6964,651,249,2024-01-12,1043.25,Delivered,15
6965,1025,208,2024-04-30,1102.01,Delivered,18
6966,594,202,2024-11-09,674.56,Delivered,66
6967,294,180,2024-09-10,873.07,Delivered,24
6968,1911,187,2024-12-20,870.37,Delivered,70
6969,1963,210,2024-02-20,1419.87,Delivered,36
6970,89,207,2024-11-03,841.11,Delivered,19
6971,662,223,2024-10-24,794.99,Delivered,40
6972,279,282,2024-09-25,190.01,Cancelled,
6973,1316,191,2024-12-31,691.71,Delivered,41
6974,1911,196,2024-12-04,400.19,Pending,
6975,191,296,2024-12-10,1406.0,Delivered,33
6976,86,214,2024-08-29,1479.89,Delivered,48
6977,1405,217,2024-11-17,1156.2,Delivered,27
6978,1268,103,2024-03-20,136.63,Delivered,36
6979,1732,290,2024-03-31,656.93,Delivered,45
6980,15,262,2024-12-11,1410.05,Cancelled,
6981,585,232,2024-11-30,728.44,Pending,
6982,1467,237,2024-11-11,340.5,Delivered,25
6983,946,159,2024-06-18,1415.0,Delivered,53
6984,1608,154,2024-12-06,734.92,Delivered,64
6985,672,166,2024-11-18,929.72,Delivered,50
6986,1401,176,2024-07-07,508.3,Delivered,47
6987,1100,203,2024-07-03,940.22,Cancelled,
6988,1119,114,2024-12-22,980.84,Delivered,62
6989,553,293,2024-07-23,675.53,Pending,
6990,496,223,2024-07-03,1469.3,Delivered,56
6991,35,172,2024-06-21,861.82,Pending,
6992,1010,193,2024-12-25,1138.36,Cancelled,
6993,1986,109,2024-01-28,1124.44,Delivered,43
6994,1617,138,2024-12-26,208.92,Delivered,64
6995,743,251,2024-01-02,495.85,Delivered,30
6996,226,294,2024-08-03,912.96,Delivered,16
6997,237,113,2024-11-25,-143.39,Delivered,28
6998,670,148,2024-12-29,708.69,Delivered,66
6999,1991,199,2024-12-06,389.89,Delivered,62
7000,566,134,2024-07-23,1273.03,Delivered,29
7001,240,198,2024-11-03,1365.79,Delivered,27
7002,216,102,2024-11-05,1067.54,Delivered,53
7003,1627,250,2024-11-29,1389.74,Delivered,17
7004,685,296,2024-12-12,991.58,Delivered,16
7005,1135,119,2024-12-29,116.26,Delivered,41
7006,1580,213,2024-04-29,992.76,Delivered,66
7007,855,158,2024-07-07,221.84,Delivered,30
7008,741,147,2024-11-15,1013.02,Delivered,24
7009,1443,148,2024-09-26,1196.74,Delivered,45
7010,201,114,2024-06-16,1139.49,Delivered,25
7011,604,249,2024-11-12,612.87,Cancelled,
7012,902,214,2024-12-12,521.42,Delivered,38
7013,965,122,2024-04-08,311.62,Cancelled,
7014,1769,275,2024-11-12,1285.86,Cancelled,
7015,1422,274,2024-03-24,651.27,Delivered,35
7016,1080,219,2024-09-24,974.23,Pending,
7017,1219,283,2024-12-22,1120.17,Delivered,21
7018,978,128,2024-12-31,258.66,Delivered,31
7019,333,286,2024-11-10,509.87,Pending,
7020,639,194,2024-08-01,715.44,Delivered,58
7021,1916,153,2024-08-28,1353.98,Delivered,20
7022,1175,101,2024-07-24,935.96,Delivered,35
7023,1341,114,2024-08-31,1136.39,Delivered,27
7024,521,102,2024-11-28,1472.66,Delivered,46
7025,826,123,2024-07-17,245.97,Delivered,22
7026,213,273,2024-11-13,845.16,Delivered,57
7027,1951,234,2024-11-28,222.99,Delivered,16
7028,1921,163,2024-08-28,921.98,Delivered,68
7029,865,167,2024-11-04,897.63,Delivered,33
7030,1753,134,2024-01-30,1093.45,Cancelled,
7031,1133,139,2024-02-08,272.16,Delivered,28
7032,556,296,2024-06-04,1444.55,Delivered,68
7033,251,165,2024-08-30,543.95,Delivered,57
7034,811,212,2024-12-28,1154.05,Delivered,23
7035,469,116,2024-05-30,276.81,Delivered,65
7036,163,209,2024-05-13,660.46,Delivered,48
7037,1653,253,2024-02-20,979.08,Delivered,54
7038,305,161,2024-12-14,691.6,Delivered,24
7039,133,293,2024-08-05,459.97,Delivered,63
7040,1896,160,2024-11-27,1152.89,Delivered,52
7041,1624,181,2024-11-02,1190.78,Delivered,21
7042,197,277,2024-08-31,1472.56,Delivered,29
7043,1315,273,2024-11-27,1139.96,Delivered,55
7044,216,294,2024-09-11,860.65,Delivered,55
7045,991,238,2024-12-16,1149.17,Cancelled,
7046,1532,197,2024-12-05,1221.02,Pending,
7047,466,104,2024-12-14,1043.15,Delivered,55
7048,581,226,2024-12-01,436.62,Delivered,59
7049,457,196,2024-11-30,1299.17,Cancelled,
7050,510,211,2024-09-01,148.2,Delivered,47
7051,1581,193,2024-12-30,607.94,Delivered,19
7052,1364,280,2024-06-12,168.29,Delivered,65
7053,1155,155,2024-02-12,1376.71,Delivered,48
7054,671,260,2024-10-20,1075.14,Delivered,56
7055,37,289,2024-03-27,890.52,Delivered,61
7056,1614,269,2024-01-17,938.55,Cancelled,
7057,1888,247,2024-11-04,842.89,Cancelled,
7058,1495,140,2024-09-15,169.48,Delivered,62
7059,1800,256,2024-03-29,-503.23,Delivered,55
7060,195,124,2024-05-17,149.33,Delivered,26
7061,1515,225,2024-11-09,136.3,Pending,
7062,1507,291,2024-07-20,803.22,Delivered,20
7063,1561,132,2024-12-12,1250.35,Cancelled,
7064,1919,250,2024-11-08,1329.48,Delivered,64
7065,1692,142,2024-12-31,213.84,Delivered,39
7066,996,228,2024-10-31,1254.39,Delivered,48
7067,1744,189,2024-08-07,272.6,Delivered,59
7068,944,280,2024-12-31,465.69,Delivered,32
7069,1621,145,2024-12-28,792.39,Delivered,27
7070,647,267,2024-12-24,786.1,Delivered,26
7071,1860,126,2024-06-07,1111.4,Delivered,53
7072,518,148,2024-12-08,433.84,Cancelled,
7073,535,129,2024-09-17,737.48,Delivered,24
7074,702,113,2024-12-05,561.0,Delivered,57
7075,1965,185,2024-12-25,1365.34,Delivered,70
7076,1569,248,2024-12-18,1287.74,Pending,
7077,1007,227,2024-12-27,949.63,Delivered,33
7078,1376,147,2024-08-23,918.96,Cancelled,
7079,306,157,2024-11-16,239.36,Delivered,23
7080,1194,139,2024-11-20,245.14,Delivered,30
7081,1343,154,2024-11-01,765.59,Delivered,38
7082,1937,296,2024-04-01,1315.84,Delivered,51
7083,572,235,2024-05-27,1096.05,Delivered,25
7084,433,136,2024-03-05,353.9,Delivered,17
7085,1143,224,2024-09-25,1153.65,Cancelled,
7086,122,297,2024-10-21,526.17,Delivered,30
7087,984,104,2024-06-29,886.6,Cancelled,
7088,1964,233,2024-12-09,337.24,Delivered,22
7089,869,290,2024-03-12,626.1,Delivered,48
7090,14,259,2024-11-01,392.8,Delivered,38
7091,219,260,2024-12-29,728.79,Pending,
7092,618,170,2024-10-05,882.76,Delivered,49
7093,7,151,2024-05-22,1478.45,Cancelled,
7094,1819,290,2024-10-05,272.62,Delivered,65
7095,428,215,2024-11-16,904.81,Delivered,25
7096,628,194,2024-11-01,715.47,Cancelled,
7097,1808,104,2024-12-28,425.69,Delivered,35
7098,1332,230,2024-04-14,1384.11,Pending,
7099,1482,126,2024-09-18,138.41,Pending,
7100,1662,146,2024-04-28,824.46,Delivered,18
7101,1651,135,2024-09-30,492.47,Cancelled,
7102,1212,242,2024-06-23,821.62,Delivered,29
7103,952,118,2024-08-06,1178.2,Delivered,35
7104,1811,161,2024-11-02,724.75,Delivered,39
7105,842,207,2024-09-09,185.2,Delivered,28
7106,1568,160,2024-12-06,1204.27,Delivered,60
7107,883,279,2024-11-06,1484.89,Delivered,36
7108,1523,157,2024-11-15,786.1,Delivered,68
7109,390,166,2024-04-27,782.73,Delivered,44
7110,18,299,2024-09-05,901.13,Delivered,16
7111,849,125,2024-10-24,291.98,Delivered,15
7112,588,195,2024-01-24,767.55,Delivered,40
7113,374,170,2024-12-20,518.0,Delivered,42
7114,1145,170,2024-05-04,306.4,Delivered,18
7115,1573,209,2024-03-09,905.75,Delivered,36
7116,1468,157,2024-08-13,973.98,Delivered,23
7117,50,216,2024-01-18,969.96,Cancelled,
7118,1124,270,2024-01-12,1285.95,Delivered,59
7119,1998,280,2024-12-28,1469.91,Delivered,51
7120,1238,293,2024-07-31,855.45,Delivered,32
7121,660,212,2024-12-15,725.38,Pending,
7122,1598,121,2024-08-16,468.96,Delivered,17
7123,1987,181,2024-12-29,1440.85,Delivered,20
7124,1995,195,2024-12-06,556.16,Cancelled,
7125,1634,172,2024-12-20,344.01,Delivered,61
7126,807,266,2024-06-10,941.99,Delivered,17
7127,1894,107,2024-12-26,460.49,Delivered,34
7128,1789,109,2024-12-10,854.38,Delivered,55
7129,981,105,2024-05-10,1196.8,Delivered,42
7130,736,180,2024-01-03,1466.78,Delivered,17
7131,1822,176,2024-11-18,1098.49,Delivered,69
7132,735,165,2024-07-16,839.79,Delivered,33
7133,1499,238,2024-06-28,338.55,Delivered,16
7134,578,242,2025-06-15,1303.55,Delivered,42
7135,276,181,2024-01-31,216.42,Delivered,48
7136,81,279,2024-06-18,1133.87,Delivered,47
7137,230,144,2024-02-24,1209.67,Delivered,37
7138,363,275,2024-01-31,879.62,Delivered,38
7139,1160,185,2024-06-06,436.37,Delivered,16
7140,900,119,2024-05-11,199.62,Delivered,58
7141,563,224,2024-09-04,1299.46,Delivered,27
7142,1677,298,2024-02-21,976.18,Delivered,64
7143,1686,141,2024-03-03,917.51,Delivered,45
7144,119,142,2024-07-11,239.5,Pending,
7145,521,175,2024-12-07,687.19,Delivered,63
7146,1943,265,2024-04-02,451.81,Delivered,20
7147,1929,271,2024-04-04,811.88,Delivered,70
7148,181,162,2024-11-19,277.79,Delivered,64
7149,1010,283,2024-12-29,319.97,Cancelled,
7150,1533,284,2024-12-06,229.24,Delivered,68
7151,614,236,2024-10-21,1489.43,Delivered,15
7152,1177,270,2024-11-21,1291.03,Pending,
7153,523,204,2024-12-20,912.06,Delivered,50
7154,1519,229,2024-01-10,1001.63,Cancelled,
7155,1540,163,2024-12-07,994.04,Cancelled,
7156,857,166,2024-08-28,1395.33,Cancelled,
7157,1088,112,2024-11-17,1299.06,Delivered,22
7158,1153,126,2024-08-20,271.67,Delivered,69
7159,1103,247,2024-08-14,709.3,Cancelled,
7160,886,209,2024-07-23,1154.97,Delivered,52
7161,247,254,2024-11-23,329.15,Delivered,23
7162,702,248,2024-11-08,394.83,Cancelled,
7163,892,249,2024-01-08,843.33,Delivered,41
7164,1541,215,2024-11-07,136.62,Delivered,69
7165,1337,212,2024-04-18,1215.1,Delivered,46
7166,96,270,2024-11-17,1199.14,Cancelled,
7167,1979,224,2024-02-26,480.37,Delivered,66
7168,923,220,2024-01-29,288.68,Delivered,62
7169,38,279,2024-11-23,1447.8,Delivered,54
7170,578,110,2024-11-13,1068.76,Pending,
7171,657,218,2024-03-08,618.28,Delivered,46
7172,530,169,2024-10-08,476.72,Delivered,61
7173,690,282,2024-08-30,646.53,Delivered,28
7174,496,187,2024-04-04,104.51,Delivered,16
7175,1158,188,2024-01-06,1060.16,Delivered,45
7176,1902,288,2024-09-27,975.04,Delivered,45
7177,797,247,2024-12-02,1333.03,Cancelled,
7178,124,284,2024-05-19,1278.09,Delivered,62
7179,1806,266,2024-07-25,131.99,Delivered,42
7180,1661,257,2024-11-21,362.36,Cancelled,
7181,892,275,2024-05-15,857.34,Delivered,27
7182,1418,193,2024-12-31,774.72,Delivered,66
7183,211,211,2024-09-01,794.02,Cancelled,
7184,1395,235,2024-11-17,787.36,Delivered,33
7185,1156,117,2024-07-18,370.26,Delivered,52
7186,684,106,2024-12-17,759.03,Delivered,36
7187,1244,146,2024-11-06,643.48,Delivered,37
7188,875,257,2024-02-01,772.5,Pending,
7189,291,154,2024-12-12,164.51,Pending,
7190,130,151,2024-12-24,1149.34,Delivered,24
7191,428,298,2024-04-28,348.99,Delivered,51
7192,1763,284,2024-12-19,490.19,Delivered,21
7193,1131,101,2024-11-24,1041.84,Delivered,54
7194,1256,131,2024-12-14,344.36,Delivered,41
7195,1846,168,2024-11-04,1487.29,Pending,
7196,319,242,2024-11-02,1367.95,Delivered,42
7197,1874,192,2024-02-19,1468.2,Delivered,16
7198,1659,149,2024-10-15,1239.04,Delivered,38
7199,1235,199,2024-12-14,705.8,Delivered,24
7200,445,247,2024-05-28,1257.93,Pending,
7201,1384,154,2024-07-01,1332.75,Delivered,25
7202,1086,229,2024-11-15,763.66,Cancelled,
7203,495,179,2024-11-18,1189.18,Delivered,62
7204,499,103,2024-04-01,1323.88,Cancelled,
7205,1619,135,2024-02-10,1493.62,Delivered,67
7206,153,203,2024-11-02,1428.31,Delivered,37
7207,406,141,2024-11-12,948.85,Delivered,70
7208,1725,268,2024-12-11,1183.64,Pending,
7209,504,277,2024-07-21,1435.84,Cancelled,
7210,1562,282,2024-05-03,1127.32,Pending,
7211,1167,169,2024-02-10,1221.87,Pending,
7212,1982,212,2024-09-16,782.63,Delivered,46
7213,1615,238,2024-11-11,216.85,Delivered,16
7214,908,198,2024-03-25,935.53,Delivered,35
7215,375,292,2024-12-17,543.44,Delivered,19
7216,1364,232,2024-11-01,499.93,Delivered,19
7217,1443,103,2024-02-22,893.49,Delivered,53
7218,1589,172,2024-12-14,447.89,Delivered,26
7219,865,194,2024-02-21,507.55,Delivered,29
7220,1640,192,2024-11-05,915.42,Delivered,28
7221,1849,117,2024-01-16,1335.16,Delivered,47
7222,619,195,2024-04-25,1436.15,Delivered,67
7223,449,223,2024-11-02,1113.46,Delivered,57
7224,1420,219,2024-11-12,229.19,Cancelled,
7225,737,207,2024-09-12,1498.5,Delivered,26
7226,1933,127,2024-12-24,1497.52,Cancelled,
7227,437,217,2024-12-23,933.79,Delivered,20
7228,1724,102,2024-12-26,1421.73,Delivered,41
7229,321,120,2024-10-09,963.21,Delivered,70
7230,327,286,2024-05-13,121.77,Delivered,41
7231,159,154,2024-06-20,477.89,Delivered,40
7232,109,144,2024-06-09,1297.24,Delivered,30
7233,700,239,2024-05-21,1260.14,Delivered,19
7234,1700,243,2024-01-16,1491.46,Delivered,34
7235,695,114,2024-11-20,1144.9,Delivered,60
7236,231,247,2024-11-08,1453.81,Delivered,18
7237,1701,139,2024-11-03,1192.64,Delivered,65
7238,1899,294,2024-09-05,949.73,Delivered,18
7239,1736,184,2024-12-02,1279.75,Delivered,39
7240,307,182,2024-01-05,1272.35,Delivered,26
7241,635,203,2024-01-30,641.51,Delivered,57
7242,1529,278,2024-02-26,1192.5,Cancelled,
7243,692,167,2024-09-22,323.1,Cancelled,
7244,224,130,2024-12-05,1258.27,Delivered,39
7245,114,195,2024-01-11,1426.15,Cancelled,
7246,1375,185,2024-09-07,158.85,Delivered,40
7247,1008,289,2024-06-15,1342.62,Delivered,32
7248,1504,175,2024-11-19,1368.59,Delivered,62
7249,282,260,2024-05-13,1172.05,Delivered,46
7250,1620,262,2024-12-04,184.82,Delivered,69
7251,90,117,2024-11-07,418.26,Pending,
7252,1348,207,2024-03-31,674.99,Delivered,54
7253,1941,214,2024-11-09,456.7,Delivered,61
7254,1154,271,2024-05-30,309.81,Delivered,43
7255,1999,198,2024-02-10,714.79,Delivered,17
7256,879,237,2024-11-16,407.95,Delivered,51
7257,968,140,2024-04-25,934.36,Cancelled,
7258,802,206,2024-12-15,166.32,Delivered,22
7259,1773,218,2024-06-14,152.86,Cancelled,
7260,886,104,2024-12-23,1318.99,Delivered,63
7261,1970,129,2024-10-01,1332.81,Delivered,43
7262,1869,222,2024-04-01,809.67,Delivered,38
7263,936,212,2024-12-10,699.05,Cancelled,
7264,988,112,2024-09-06,283.72,Delivered,53
7265,1488,141,2024-03-31,874.53,Delivered,34
7266,1201,131,2024-10-31,1430.95,Delivered,22
7267,743,141,2024-03-31,1143.45,Cancelled,
7268,1096,157,2024-12-31,1260.25,Delivered,65
7269,1410,114,2024-12-13,906.73,Delivered,58
7270,1578,112,2024-12-07,1231.77,Delivered,59
7271,953,261,2024-07-19,927.26,Pending,
7272,1763,239,2024-11-11,1039.64,Delivered,36
7273,1547,204,2024-02-01,844.96,Delivered,21
7274,1522,104,2024-10-03,153.62,Delivered,46
7275,1688,269,2024-11-04,1289.86,Delivered,60
7276,97,289,2024-05-03,740.75,Delivered,38
7277,1899,187,2024-11-14,247.85,Delivered,40
7278,898,197,2024-08-11,1087.39,Delivered,51
7279,832,189,2024-07-22,1393.17,Delivered,39
7280,1753,114,2024-11-23,440.86,Delivered,47
7281,1000,149,2024-02-01,966.36,Delivered,35
7282,1789,171,2024-10-08,1491.84,Delivered,39
7283,1259,169,2024-11-28,882.81,Cancelled,
7284,1679,153,2024-11-28,1306.93,Cancelled,
7285,1867,125,2024-10-01,1380.67,Delivered,22
7286,1546,115,2024-11-23,106.25,Delivered,35
7287,1106,175,2024-05-03,1292.31,Delivered,16
7288,1550,102,2024-11-03,415.2,Delivered,68
7289,1332,283,2024-12-28,847.15,Cancelled,
7290,1818,110,2024-10-16,1307.08,Delivered,45
7291,764,260,2024-05-25,495.71,Delivered,55
7292,1701,181,2024-05-04,180.76,Cancelled,
7293,31,133,2024-09-28,907.73,Delivered,69
7294,933,209,2024-11-07,1496.9,Delivered,58
7295,1934,297,2024-12-28,982.81,Delivered,69
7296,243,260,2024-06-16,1381.78,Delivered,34
7297,988,154,2024-09-17,1184.72,Pending,
7298,580,147,2024-01-13,635.93,Pending,
7299,338,229,2024-10-31,722.18,Delivered,35
7300,459,148,2024-12-14,296.05,Pending,
7301,739,119,2024-11-23,1357.71,Delivered,27
7302,675,141,2024-11-05,228.62,Cancelled,
7303,1133,231,2024-06-25,118.84,Delivered,22
7304,427,260,2024-03-02,1328.14,Delivered,20
7305,1051,107,2024-02-17,1250.41,Delivered,23
7306,46,283,2024-01-02,789.66,Delivered,32
7307,1506,196,2024-11-27,912.67,Delivered,28
7308,1643,298,2024-11-26,1080.22,Delivered,65
7309,1586,198,2024-10-25,471.32,Delivered,47
7310,954,257,2024-12-06,1409.94,Delivered,26
7311,1743,153,2024-07-11,1470.26,Delivered,41
7312,407,206,2024-08-12,213.34,Delivered,68
7313,1666,132,2024-11-13,953.64,Delivered,54
7314,178,136,2024-10-01,1483.85,Delivered,51
7315,455,211,2024-05-27,1317.49,Delivered,34
7316,426,210,2024-12-14,372.94,Delivered,62
7317,1984,181,2024-11-01,1464.93,Delivered,38
7318,1951,208,2024-03-01,615.42,Pending,
7319,1196,182,2024-05-30,634.06,Delivered,65
7320,1338,128,2024-11-12,870.83,Cancelled,
7321,1797,206,2024-05-02,1466.02,Delivered,23
7322,407,103,2024-12-21,1254.57,Delivered,67
7323,455,278,2024-11-19,1162.46,Delivered,57
7324,1168,199,2024-11-09,554.15,Delivered,46
7325,34,167,2024-12-19,534.47,Pending,
7326,1878,212,2024-08-07,821.14,Cancelled,
7327,83,228,2024-07-18,159.95,Delivered,44
7328,645,223,2024-11-06,685.85,Delivered,27
7329,847,229,2024-11-13,1459.36,Cancelled,
7330,397,236,2024-12-05,1184.48,Delivered,27
7331,389,112,2024-01-16,230.71,Pending,
7332,348,176,2024-01-26,983.27,Cancelled,
7333,742,126,2024-07-21,294.05,Delivered,51
7334,1039,270,2024-12-01,1261.26,Delivered,68
7335,386,204,2024-12-17,343.41,Delivered,42
7336,1116,247,2024-01-08,629.76,Delivered,69
7337,1624,230,2024-09-25,188.61,Delivered,46
7338,1205,113,2024-12-25,328.8,Delivered,49
7339,1377,169,2024-09-14,1400.46,Delivered,49
7340,1590,120,2024-11-01,287.83,Delivered,21
7341,1364,257,2024-08-21,1490.77,Cancelled,
7342,18,156,2024-12-05,187.2,Delivered,31
7343,1145,286,2024-12-04,1379.76,Delivered,61
7344,530,166,2024-08-21,871.37,Delivered,67
7345,1635,170,2024-09-30,445.36,Delivered,41
7346,1844,182,2024-12-20,741.02,Delivered,39
7347,123,147,2024-11-04,1037.95,Pending,
7348,1409,108,2024-08-04,1146.77,Delivered,34
7349,115,182,2024-11-06,1337.8,Cancelled,
7350,1302,276,2024-12-10,134.02,Cancelled,
7351,1485,243,2024-12-14,396.31,Pending,
7352,355,265,2024-12-27,1390.75,Delivered,43
7353,219,133,2024-09-26,838.5,Delivered,33
7354,1834,121,2024-12-31,548.05,Pending,
7355,1947,263,2024-12-10,1127.6,Delivered,60
7356,160,173,2024-03-02,1277.02,Delivered,39
7357,282,170,2024-11-04,485.76,Delivered,30
7358,403,129,2024-10-05,322.67,Delivered,61
7359,1654,110,2024-11-11,768.63,Delivered,23
7360,66,236,2024-10-31,1390.22,Cancelled,
7361,1067,171,2024-07-24,454.29,Delivered,63
7362,236,186,2024-05-30,668.8,Delivered,23
7363,240,254,2024-09-05,815.4,Delivered,68
7364,876,188,2024-06-10,1364.14,Delivered,24
7365,539,186,2024-08-04,662.66,Delivered,54
7366,366,247,2024-08-25,326.82,Delivered,45
7367,1262,170,2024-12-12,132.86,Delivered,64
7368,533,127,2024-11-10,713.61,Delivered,50
7369,834,272,2024-04-21,1484.63,Delivered,66
7370,416,238,2024-11-06,834.63,Delivered,24
7371,734,266,2024-08-04,1008.86,Delivered,26
7372,1154,206,2024-02-14,184.55,Delivered,40
7373,764,228,2024-12-05,172.53,Delivered,27
7374,1005,267,2024-12-27,527.57,Delivered,41
7375,299,224,2024-11-23,105.69,Delivered,17
7376,108,287,2024-12-22,699.14,Delivered,69
7377,800,263,2024-10-26,1219.13,Delivered,33
7378,1239,110,2024-02-12,108.9,Delivered,42
7379,804,192,2024-10-30,1322.21,Delivered,36
7380,1931,180,2024-05-07,154.24,Delivered,45
7381,1813,233,2024-07-23,282.41,Cancelled,
7382,1490,177,2024-11-29,1067.23,Delivered,56
7383,645,147,2024-03-07,575.82,Pending,
7384,1169,230,2024-08-22,1061.13,Delivered,18
7385,1023,299,2024-03-21,252.61,Delivered,38
7386,1682,299,2024-10-18,1341.28,Delivered,62
7387,917,116,2024-12-13,1034.97,Delivered,70
7388,242,227,2024-12-12,1378.0,Delivered,55
7389,301,192,2024-11-01,670.0,Delivered,24
7390,939,208,2024-05-11,443.28,Delivered,63
7391,1376,206,2024-12-28,703.48,Delivered,18
7392,1736,182,2024-05-25,798.72,Cancelled,
7393,1377,168,2024-11-26,120.82,Pending,
7394,766,280,2024-06-29,369.14,Pending,
7395,1101,285,2024-07-02,939.31,Pending,
7396,1011,182,2024-04-05,183.07,Delivered,58
7397,706,183,2024-12-20,1450.2,Delivered,63
7398,468,113,2024-02-20,659.11,Delivered,61
7399,474,106,2024-05-06,978.05,Delivered,53
7400,1966,227,2024-05-22,512.88,Delivered,29
7401,467,299,2024-03-15,930.4,Delivered,37
7402,1391,217,2024-09-12,1070.52,Delivered,60
7403,111,176,2024-08-29,1420.33,Delivered,31
7404,1304,263,2024-05-20,1378.92,Cancelled,
7405,308,290,2024-04-18,1026.09,Delivered,21
7406,1153,103,2024-11-17,1357.05,Delivered,16
7407,66,253,2024-10-13,508.21,Delivered,54
7408,1041,143,2024-05-06,192.44,Delivered,23
7409,249,133,2024-08-04,597.69,Delivered,53
7410,963,299,2024-12-28,1313.28,Delivered,33
7411,1057,252,2024-11-21,1000.56,Cancelled,
7412,1155,247,2024-07-04,1173.83,Pending,
7413,1523,167,2024-12-13,1483.15,Delivered,37
7414,1969,130,2024-04-24,501.55,Delivered,32
7415,115,284,2024-12-20,137.56,Delivered,41
7416,1748,267,2024-12-30,1127.25,Delivered,54
7417,1329,175,2024-12-29,729.72,Delivered,69
7418,668,259,2024-11-30,392.98,Delivered,24
7419,1072,142,2024-11-06,1211.81,Delivered,40
7420,632,264,2024-12-12,815.21,Delivered,31
7421,538,297,2024-10-10,807.31,Delivered,64
7422,952,263,2024-01-27,782.63,Delivered,69
7423,58,214,2024-11-23,1425.8,Delivered,55
7424,824,134,2024-04-21,359.7,Delivered,26
7425,1909,166,2024-04-13,282.0,Delivered,43
7426,314,101,2024-09-10,948.92,Delivered,31
7427,1513,226,2024-12-02,970.12,Delivered,43
7428,1238,233,2024-12-05,560.34,Delivered,54
7429,1207,260,2024-04-09,644.32,Delivered,66
7430,1064,177,2024-05-17,250.68,Pending,
7431,1380,158,2024-07-04,733.32,Delivered,48
7432,340,203,2024-11-05,125.0,Delivered,66
7433,1880,191,2024-12-08,1112.9,Delivered,25
7434,987,173,2024-10-05,1263.64,Cancelled,
7435,1962,126,2024-06-18,1128.4,Delivered,28
7436,145,266,2024-04-26,199.73,Delivered,56
7437,612,227,2024-11-24,1331.8,Delivered,62
7438,195,219,2024-11-18,170.82,Delivered,66
7439,42,106,2024-03-28,798.2,Delivered,34
7440,1358,257,2024-07-01,1342.93,Pending,
7441,1373,294,2024-08-25,178.96,Delivered,37
7442,248,263,2024-11-20,418.23,Delivered,70
7443,1331,208,2024-12-09,1080.25,Delivered,28
7444,1817,227,2024-07-15,1480.79,Delivered,25
7445,1496,243,2024-10-21,1369.61,Delivered,60
7446,1784,228,2024-12-23,1210.82,Delivered,26
7447,810,232,2024-08-31,544.16,Delivered,19
7448,1530,190,2024-11-16,1163.51,Delivered,49
7449,1008,135,2024-01-14,722.26,Cancelled,
7450,1235,150,2024-06-07,1305.56,Delivered,31
7451,1340,256,2024-12-20,1219.01,Delivered,57
7452,554,181,2024-10-21,1459.68,Delivered,26
7453,1297,168,2024-10-10,489.14,Delivered,64
7454,1010,215,2024-02-08,1281.31,Cancelled,
7455,1749,159,2024-07-30,839.12,Delivered,56
7456,911,116,2024-11-07,1353.98,Delivered,37
7457,182,266,2024-01-16,1412.78,Delivered,56
7458,1089,212,2024-01-10,767.61,Delivered,32
7459,569,290,2024-08-07,1431.77,Delivered,54
7460,836,204,2024-12-17,627.01,Delivered,20
7461,1475,186,2024-11-17,428.43,Delivered,64
7462,167,101,2024-07-19,1015.67,Delivered,44
7463,776,278,2024-11-23,686.95,Delivered,38
7464,1528,218,2024-03-12,923.13,Cancelled,
7465,983,178,2024-11-03,572.59,Delivered,48
7466,665,258,2024-12-18,1222.47,Delivered,30
7467,500,114,2024-06-01,1347.68,Delivered,63
7468,1440,148,2024-12-14,779.32,Delivered,70
7469,857,126,2024-06-20,408.42,Cancelled,
7470,451,104,2024-12-19,1325.28,Delivered,25
7471,1113,253,2024-12-01,1093.08,Delivered,55
7472,1825,207,2024-11-12,187.37,Delivered,22
7473,721,115,2024-01-26,704.56,Delivered,40
7474,1237,114,2024-12-24,1318.09,Delivered,36
7475,1181,116,2024-11-07,744.17,Cancelled,
7476,908,256,2024-04-13,245.47,Delivered,41
7477,908,109,2024-11-14,642.14,Delivered,50
7478,945,170,2024-02-05,1308.2,Delivered,53
7479,1768,231,2024-12-02,1037.34,Cancelled,
7480,1109,233,2024-11-30,733.25,Pending,
7481,1042,230,2024-12-19,403.51,Delivered,54
7482,826,236,2024-10-02,1061.18,Delivered,43
7483,520,229,2024-12-14,428.06,Delivered,51
7484,1461,213,2024-11-20,460.28,Delivered,52
7485,727,105,2024-11-12,1292.84,Delivered,39
7486,927,139,2024-02-14,191.89,Delivered,39
7487,914,296,2024-02-03,487.83,Pending,
7488,327,237,2024-11-18,1153.27,Delivered,34
7489,1922,256,2024-03-01,997.0,Cancelled,
7490,164,208,2024-01-29,895.06,Delivered,57
7491,1660,156,2024-07-10,1368.85,Delivered,55
7492,483,221,2024-02-13,1214.83,Delivered,56
7493,1700,257,2024-11-06,817.72,Delivered,60
7494,495,198,2024-01-12,136.87,Cancelled,
7495,1217,113,2024-12-16,527.39,Delivered,18
7496,1577,189,2024-10-06,190.87,Delivered,53
7497,1558,158,2024-03-20,792.32,Delivered,70
7498,1441,261,2024-11-14,1468.36,Delivered,42
7499,1618,237,2024-01-11,973.08,Delivered,58
7500,103,264,2024-09-24,201.66,Delivered,34
7501,1762,121,2024-11-23,697.3,Delivered,21
7502,211,223,2024-12-16,312.96,Delivered,25
7503,1988,101,2024-08-28,170.21,Delivered,36
7504,1517,233,2024-06-25,876.12,Delivered,58
7505,24,166,2024-09-02,778.34,Delivered,59
7506,992,146,2024-10-31,146.87,Delivered,27
7507,172,194,2024-12-20,827.9,Delivered,20
7508,917,189,2024-11-07,709.29,Delivered,58
7509,636,257,2024-12-29,755.54,Delivered,56
7510,1966,126,2024-10-28,1451.37,Delivered,70
7511,1037,155,2024-11-23,205.4,Delivered,20
7512,21,135,2024-07-25,425.37,Delivered,54
7513,1711,135,2024-08-14,1387.08,Cancelled,
7514,1429,295,2024-09-29,558.32,Delivered,69
7515,1391,143,2024-03-29,428.7,Delivered,62
7516,760,168,2024-11-17,458.5,Delivered,20
7517,494,234,2024-03-01,269.0,Delivered,45
7518,831,255,2024-11-06,1041.08,Delivered,70
7519,1995,127,2024-12-04,1167.93,Delivered,38
7520,1651,164,2024-12-29,386.7,Delivered,15
7521,1033,295,2024-12-01,439.1,Cancelled,
7522,655,143,2024-03-17,1054.0,Delivered,24
7523,571,161,2024-11-09,234.4,Delivered,51
7524,716,290,2024-10-21,1340.19,Delivered,42
7525,340,242,2024-11-12,1341.07,Delivered,16
7526,26,208,2024-12-19,555.97,Delivered,61
7527,1072,112,2024-06-05,1194.7,Delivered,54
7528,1828,175,2024-12-24,1050.24,Delivered,48
7529,777,148,2024-06-26,830.19,Delivered,51
7530,388,288,2024-01-12,1172.61,Delivered,55
7531,1311,193,2024-08-25,1113.53,Delivered,16
7532,1073,116,2024-10-02,286.17,Delivered,41
7533,295,294,2024-12-15,1030.15,Delivered,44
7534,765,106,2024-11-23,377.15,Delivered,55
7535,1928,216,2025-06-15,1269.76,Delivered,68
7536,1853,174,2024-08-15,767.52,Delivered,63
7537,778,279,2024-12-22,1045.9,Delivered,62
7538,999,123,2024-11-28,1482.64,Pending,
7539,968,103,2024-12-19,1459.53,Delivered,30
7540,1037,148,2024-10-25,871.06,Delivered,66
7541,361,281,2024-12-20,1187.25,Delivered,66
7542,1696,185,2024-07-05,1283.05,Cancelled,
7543,1623,295,2024-05-27,565.05,Delivered,55
7544,672,199,2024-11-10,314.47,Pending,
7545,1976,269,2024-11-17,1180.25,Delivered,58
7546,551,134,2024-12-17,1127.32,Delivered,28
7547,1061,115,2024-10-13,1048.89,Delivered,17
7548,1876,287,2024-10-30,1216.42,Delivered,53
7549,1227,168,2024-11-02,1431.63,Pending,
7550,409,233,2024-11-11,297.25,Delivered,24
7551,1996,250,2024-07-12,120.59,Delivered,46
7552,1039,196,2024-02-24,1150.28,Delivered,41
7553,1334,149,2024-07-03,627.25,Delivered,56
7554,1953,267,2024-03-31,542.37,Delivered,58
7555,1191,199,2024-02-07,296.24,Delivered,25
7556,1121,236,2024-10-25,1045.16,Delivered,58
7557,1979,241,2024-09-22,1410.37,Delivered,48
7558,141,124,2024-01-02,744.55,Delivered,53
7559,1525,145,2024-04-14,1085.59,Delivered,30
7560,1598,206,2024-09-16,1010.22,Pending,
7561,1357,230,2024-12-20,1177.82,Delivered,66
7562,1706,225,2024-11-07,1276.58,Delivered,42
7563,1759,283,2024-09-10,1295.15,Delivered,70
7564,1145,158,2024-02-07,1101.14,Delivered,58
7565,1889,230,2024-11-19,426.11,Delivered,59
7566,493,112,2024-08-28,897.99,Cancelled,
7567,675,298,2024-05-13,347.21,Pending,
7568,249,243,2024-01-17,191.99,Pending,
7569,1738,292,2024-08-24,332.58,Delivered,60
7570,1954,278,2024-02-23,272.26,Delivered,37
7571,1268,278,2024-07-17,110.32,Delivered,23
7572,1406,155,2024-11-04,785.05,Delivered,43
7573,1611,293,2024-11-11,1084.55,Delivered,46
7574,1754,181,2024-10-09,228.65,Delivered,49
7575,651,257,2024-01-13,680.31,Delivered,69
7576,536,130,2024-03-07,1311.69,Delivered,40
7577,184,242,2024-02-22,113.56,Delivered,29
7578,199,111,2024-12-27,1255.83,Cancelled,
7579,1233,269,2024-06-14,190.21,Delivered,70
7580,1306,144,2024-12-04,1013.28,Delivered,28
7581,1357,215,2024-03-31,141.86,Pending,
7582,1818,124,2024-06-08,106.84,Delivered,39
7583,1262,200,2024-12-15,430.71,Delivered,17
7584,1917,220,2024-09-08,319.41,Delivered,38
7585,100,279,2024-10-09,110.08,Delivered,59
7586,1404,190,2024-12-31,389.53,Delivered,22
7587,1956,203,2024-08-03,284.87,Delivered,17
7588,640,248,2024-12-30,267.32,Delivered,17
7589,1800,193,2024-06-22,240.69,Delivered,57
7590,258,108,2024-08-14,384.22,Delivered,33
7591,1998,101,2024-02-17,992.82,Delivered,36
7592,1162,262,2024-07-31,572.41,Delivered,51
7593,103,157,2024-04-25,1025.31,Pending,
7594,1958,193,2024-04-12,409.8,Delivered,52
7595,656,230,2024-10-31,138.73,Pending,
7596,612,127,2024-12-15,628.07,Delivered,17
7597,190,283,2024-12-03,437.64,Delivered,32
7598,802,193,2024-12-23,1194.2,Delivered,51
7599,524,297,2024-07-08,1314.15,Delivered,47
7600,1468,273,2024-05-28,643.91,Delivered,56
7601,331,116,2024-11-06,1167.89,Delivered,23
7602,438,144,2024-11-24,1468.55,Delivered,53
7603,1070,241,2024-01-04,668.35,Delivered,68
7604,1217,129,2024-06-27,145.28,Delivered,22
7605,1883,291,2024-03-23,645.84,Cancelled,
7606,970,263,2024-01-11,492.79,Delivered,40
7607,1327,141,2024-12-10,992.32,Pending,
7608,1285,173,2024-11-05,1043.42,Delivered,42
7609,1102,291,2024-10-12,1264.27,Cancelled,
7610,1607,143,2024-12-26,104.89,Pending,
7611,996,121,2024-04-26,636.83,Delivered,29
7612,583,225,2024-05-31,223.74,Delivered,65
7613,293,285,2024-08-28,261.0,Cancelled,
7614,1921,176,2024-11-04,1309.08,Delivered,52
7615,755,191,2024-12-05,1445.32,Delivered,24
7616,1287,259,2024-08-06,1106.46,Delivered,34
7617,964,151,2024-08-05,1375.78,Delivered,23
7618,1662,215,2024-10-30,455.89,Delivered,55
7619,191,110,2024-11-08,134.73,Pending,
7620,1926,141,2024-11-03,1002.97,Delivered,31
7621,1454,211,2024-08-14,157.69,Delivered,41
7622,13,213,2024-12-01,182.95,Delivered,15
7623,343,145,2024-06-20,552.2,Delivered,57
7624,1349,121,2024-12-17,230.63,Delivered,26
7625,383,240,2024-12-06,585.0,Delivered,46
7626,758,169,2024-02-19,643.71,Cancelled,
7627,1258,110,2024-10-08,475.43,Delivered,50
7628,233,215,2024-11-13,395.8,Delivered,54
7629,1292,127,2024-12-28,1443.4,Pending,
7630,336,250,2024-12-04,1465.84,Delivered,21
7631,280,116,2024-07-14,498.85,Delivered,61
7632,838,223,2024-08-25,877.01,Delivered,39
7633,348,185,2024-10-11,466.08,Delivered,18
7634,1526,275,2024-12-25,1498.23,Delivered,30
7635,1627,247,2024-03-20,598.66,Delivered,52
7636,1186,144,2024-03-02,111.6,Pending,
7637,706,261,2024-12-23,249.9,Delivered,48
7638,1385,140,2024-11-21,297.34,Delivered,26
7639,1923,273,2024-10-04,1165.73,Delivered,68
7640,1156,131,2024-03-03,1305.54,Pending,
7641,73,300,2024-12-03,1298.75,Delivered,69
7642,1764,187,2024-11-27,784.58,Delivered,61
7643,1374,239,2024-11-03,417.8,Pending,
7644,593,105,2024-11-27,992.29,Cancelled,
7645,1622,203,2024-12-22,1064.08,Delivered,52
7646,1772,266,2024-11-01,559.73,Cancelled,
7647,1805,126,2024-01-18,942.63,Cancelled,
7648,601,295,2024-12-29,1089.33,Delivered,69
7649,894,252,2024-02-29,1345.48,Delivered,47
7650,932,212,2024-10-09,1000.92,Delivered,22
7651,1581,278,2024-06-11,1143.15,Delivered,41
7652,1015,209,2024-11-02,1380.57,Delivered,51
7653,773,147,2024-04-26,329.69,Cancelled,
7654,448,143,2024-04-26,784.64,Delivered,27
7655,1386,263,2024-10-19,1033.49,Delivered,35
7656,838,204,2024-12-15,1228.06,Delivered,31
7657,129,276,2024-11-12,129.48,Cancelled,
7658,814,233,2024-04-28,310.44,Pending,
7659,910,199,2024-10-07,220.19,Delivered,17
7660,1910,191,2024-11-17,221.45,Delivered,45
7661,1623,102,2024-11-17,360.52,Delivered,42
7662,1535,162,2024-12-04,401.03,Delivered,49
7663,93,118,2024-11-04,835.74,Delivered,27
7664,589,120,2024-12-25,1043.55,Delivered,66
7665,896,292,2024-07-30,274.07,Delivered,62
7666,588,219,2024-03-28,135.24,Delivered,31
7667,945,238,2024-04-27,1126.18,Delivered,22
7668,575,183,2024-08-01,1319.15,Cancelled,
7669,1849,150,2024-11-06,1189.82,Pending,
7670,1094,184,2024-07-26,663.39,Cancelled,
7671,1305,286,2024-12-04,1315.45,Pending,
7672,1819,255,2024-12-05,372.08,Delivered,34
7673,1121,271,2024-09-16,1130.12,Delivered,40
7674,765,211,2024-12-03,1455.17,Delivered,19
7675,1041,276,2024-12-09,281.8,Delivered,40
7676,1652,284,2024-12-03,1194.45,Delivered,19
7677,958,153,2024-11-24,147.58,Pending,
7678,937,156,2024-08-10,1268.3,Delivered,31
7679,1156,150,2024-09-21,219.54,Cancelled,
7680,1866,135,2024-10-28,1133.39,Pending,
7681,1525,102,2024-10-31,1009.91,Delivered,64
7682,1840,265,2024-04-27,488.06,Delivered,56
7683,166,203,2024-11-26,457.1,Delivered,61
7684,978,151,2024-07-27,876.98,Delivered,28
7685,1798,160,2024-08-31,1008.57,Delivered,55
7686,999,279,2024-02-22,881.57,Delivered,37
7687,1840,154,2024-04-04,611.06,Pending,
7688,1096,164,2024-11-11,223.72,Delivered,46
7689,130,205,2024-11-15,442.09,Delivered,19
7690,1872,286,2024-09-23,737.11,Delivered,24
7691,1047,227,2024-10-31,760.91,Delivered,59
7692,1405,165,2024-02-06,105.32,Delivered,30
7693,1204,123,2024-10-01,204.35,Pending,
7694,1046,272,2024-12-09,987.18,Pending,
7695,674,263,2024-01-30,1187.93,Delivered,65
7696,377,215,2024-09-21,234.97,Delivered,51
7697,714,164,2024-05-05,1258.55,Delivered,52
7698,1058,287,2024-12-30,1453.09,Delivered,17
7699,899,143,2024-09-18,680.05,Delivered,36
7700,885,273,2024-03-22,423.68,Delivered,67
7701,1424,200,2024-01-16,190.33,Delivered,39
7702,1007,110,2024-05-21,1085.26,Delivered,69
7703,309,244,2024-01-01,457.45,Cancelled,
7704,216,141,2024-12-05,382.16,Delivered,23
7705,584,241,2024-09-14,561.62,Delivered,28
7706,1672,215,2024-10-11,696.02,Delivered,45
7707,1898,157,2024-03-07,1216.87,Cancelled,
7708,1985,205,2024-11-26,1463.92,Delivered,54
7709,1795,267,2024-11-23,192.77,Delivered,41
7710,1142,246,2024-01-26,697.3,Cancelled,
7711,598,120,2024-10-30,868.29,Delivered,41
7712,829,282,2024-11-15,765.88,Delivered,41
7713,1600,122,2024-09-16,481.3,Delivered,36
7714,987,216,2024-09-10,1344.87,Delivered,51
7715,283,277,2024-06-22,807.14,Delivered,19
7716,1098,275,2024-09-19,1376.79,Delivered,43
7717,598,180,2024-10-16,1365.56,Delivered,63
7718,1269,197,2024-11-08,476.14,Delivered,15
7719,374,190,2024-07-18,795.14,Delivered,24
7720,247,223,2024-03-29,964.99,Pending,
7721,1120,119,2024-02-25,1112.6,Delivered,43
7722,1477,206,2024-11-10,924.74,Delivered,29
7723,1709,231,2024-01-16,525.63,Cancelled,
7724,524,124,2024-08-11,955.32,Pending,
7725,1921,103,2024-07-11,546.35,Delivered,15
7726,1074,206,2024-02-22,960.61,Cancelled,
7727,1880,101,2024-09-14,389.77,Delivered,58
7728,164,161,2024-11-19,145.19,Cancelled,
7729,1627,194,2024-04-02,602.55,Delivered,19
7730,1818,204,2024-07-05,610.84,Cancelled,
7731,618,234,2024-11-20,307.85,Delivered,15
7732,1404,271,2024-01-02,1197.9,Delivered,18
7733,1785,187,2024-09-02,394.25,Delivered,22
7734,105,247,2024-01-15,1144.92,Delivered,67
7735,239,205,2024-12-11,1306.09,Delivered,27
7736,163,213,2024-01-11,1226.31,Delivered,33
7737,598,278,2024-11-03,748.23,Delivered,47
7738,174,176,2024-12-18,1066.66,Delivered,70
7739,1270,216,2024-11-21,1285.74,Delivered,31
7740,806,105,2024-04-07,475.65,Delivered,41
7741,44,196,2024-12-25,834.85,Delivered,67
7742,1290,180,2024-10-28,1433.64,Delivered,39
7743,1487,113,2024-12-16,261.44,Cancelled,
7744,1552,182,2024-01-19,503.83,Delivered,55
7745,41,150,2024-04-24,1412.75,Pending,
7746,912,167,2024-11-08,1222.79,Delivered,22
7747,1860,245,2024-08-18,957.45,Delivered,25
7748,1342,291,2024-04-16,1330.84,Delivered,33
7749,442,118,2024-02-13,1207.51,Delivered,69
7750,1461,183,2024-11-28,949.32,Delivered,17
7751,974,148,2024-11-24,1194.3,Pending,
7752,994,134,2024-01-30,634.23,Delivered,41
7753,714,215,2024-04-11,718.88,Delivered,56
7754,1395,195,2024-12-20,173.65,Delivered,30
7755,818,225,2024-07-13,1495.48,Delivered,66
7756,1188,269,2024-04-13,1140.74,Delivered,32
7757,1783,254,2024-04-21,755.08,Delivered,45
7758,643,185,2024-10-25,1474.53,Delivered,16
7759,1716,255,2024-11-16,1038.02,Delivered,49
7760,1444,260,2024-05-22,1363.02,Delivered,50
7761,1896,289,2024-07-12,1276.64,Cancelled,
7762,827,247,2024-11-07,429.77,Delivered,39
7763,998,170,2024-09-23,697.01,Pending,
7764,1238,250,2024-01-05,827.11,Cancelled,
7765,1062,209,2024-12-28,210.21,Delivered,22
7766,1105,278,2024-12-07,153.44,Delivered,54
7767,109,276,2024-11-18,464.58,Delivered,26
7768,939,114,2024-07-04,520.22,Delivered,61
7769,309,223,2024-02-02,185.28,Delivered,31
7770,943,267,2024-11-30,488.17,Delivered,44
7771,651,124,2024-05-05,955.33,Delivered,39
7772,1634,102,2024-12-04,335.68,Pending,
7773,1927,108,2024-11-26,832.47,Delivered,58
7774,1852,105,2024-11-27,620.91,Cancelled,
7775,984,218,2024-12-16,757.57,Delivered,21
7776,392,248,2024-11-15,401.69,Delivered,35
7777,807,216,2024-09-01,1068.26,Delivered,64
7778,1386,201,2024-02-17,1168.3,Cancelled,
7779,1593,224,2024-11-25,353.81,Delivered,61
7780,901,289,2024-09-27,675.63,Delivered,29
7781,1630,158,2024-07-19,390.68,Pending,
7782,245,162,2024-11-12,299.38,Delivered,23
7783,621,276,2024-09-21,689.93,Delivered,54
7784,518,204,2024-05-21,893.83,Cancelled,
7785,63,300,2024-11-25,515.72,Delivered,67
7786,526,245,2024-05-27,244.46,Delivered,56
7787,953,198,2024-12-27,857.22,Delivered,69
7788,157,280,2024-12-03,962.04,Delivered,47
7789,335,237,2024-11-01,1205.8,Delivered,67
7790,39,191,2024-11-24,549.88,Delivered,55
7791,727,203,2024-11-12,686.27,Delivered,17
7792,1900,121,2024-04-21,363.4,Delivered,23
7793,1651,177,2024-11-17,1349.28,Delivered,35
7794,1306,217,2024-12-14,473.65,Delivered,44
7795,867,233,2024-02-17,1012.32,Delivered,45
7796,920,287,2024-10-19,1139.87,Delivered,66
7797,495,158,2024-11-21,710.25,Delivered,24
7798,41,124,2024-05-11,1215.13,Cancelled,
7799,807,197,2024-12-25,1256.8,Delivered,51
7800,1723,284,2024-01-28,1123.9,Delivered,19
7801,29,155,2024-11-19,188.19,Cancelled,
7802,1819,163,2024-11-22,671.12,Delivered,28
7803,524,263,2024-07-08,1081.6,Delivered,33
7804,880,292,2024-12-22,1022.73,Delivered,29
7805,1559,295,2024-07-29,736.95,Delivered,42
7806,534,178,2024-02-08,1321.77,Pending,
7807,1265,145,2024-09-18,1357.46,Delivered,34
7808,1392,154,2024-04-18,575.51,Delivered,67
7809,369,188,2024-08-08,275.52,Pending,
7810,1369,209,2024-11-27,103.27,Pending,
7811,174,295,2024-12-31,1498.77,Delivered,60
7812,932,186,2024-05-05,1134.56,Delivered,64
7813,89,219,2024-11-12,223.49,Delivered,16
7814,767,279,2024-03-11,1037.83,Delivered,63
7815,709,272,2024-05-17,684.74,Delivered,19
7816,269,116,2024-01-12,1026.62,Delivered,21
7817,197,260,2024-06-27,1179.82,Cancelled,
7818,448,264,2024-06-17,433.76,Delivered,29
7819,244,181,2024-07-12,533.13,Delivered,32
7820,1827,295,2024-11-01,1063.14,Delivered,58
7821,35,116,2024-03-25,1191.48,Delivered,21
7822,1178,191,2024-01-25,1438.17,Pending,
7823,1017,163,2024-12-24,579.18,Delivered,52
7824,56,110,2024-11-17,987.63,Delivered,26
7825,1528,260,2024-11-24,299.06,Delivered,58
7826,747,297,2024-12-27,584.67,Delivered,67
7827,303,230,2024-12-01,620.05,Delivered,61
7828,1893,214,2024-04-22,1268.02,Delivered,53
7829,498,255,2024-05-28,390.53,Delivered,52
7830,1397,190,2024-12-04,806.42,Delivered,63
7831,912,241,2024-04-05,1199.3,Pending,
7832,1926,104,2024-10-16,576.15,Delivered,61
7833,1780,231,2024-11-28,825.81,Delivered,58
7834,1749,119,2024-10-14,705.03,Delivered,55
7835,1318,251,2024-12-14,831.68,Delivered,63
7836,1626,263,2024-01-10,1265.61,Delivered,36
7837,1780,208,2024-11-20,1050.48,Delivered,55
7838,958,101,2024-03-21,726.51,Pending,
7839,1654,264,2024-07-01,828.57,Delivered,18
7840,1628,249,2024-01-17,1030.34,Delivered,46
7841,700,270,2024-01-24,452.92,Delivered,44
7842,589,154,2024-11-19,658.46,Delivered,49
7843,515,223,2024-04-07,959.43,Delivered,24
7844,611,262,2024-05-17,118.24,Cancelled,
7845,483,263,2024-11-30,212.99,Pending,
7846,1337,260,2024-01-01,269.11,Delivered,18
7847,1551,151,2024-09-07,1373.7,Delivered,62
7848,809,259,2024-05-09,1398.94,Delivered,20
7849,1308,299,2024-07-31,1027.2,Delivered,45
7850,136,108,2024-10-20,407.83,Delivered,43
7851,700,208,2024-12-24,1090.15,Pending,
7852,508,128,2024-04-08,116.01,Delivered,19
7853,1509,199,2024-12-25,834.85,Delivered,20
7854,677,141,2024-01-24,183.18,Cancelled,
7855,605,118,2024-07-15,1326.79,Delivered,28
7856,1945,110,2024-01-13,1223.99,Delivered,50
7857,1756,270,2024-11-25,787.03,Delivered,23
7858,1744,177,2024-05-09,1479.69,Cancelled,
7859,237,110,2024-07-20,185.83,Cancelled,
7860,1965,265,2024-12-28,734.38,Pending,
7861,1814,259,2024-11-16,271.15,Delivered,17
7862,123,218,2024-12-08,135.59,Delivered,45
7863,1272,237,2024-02-23,1017.42,Cancelled,
7864,125,289,2024-11-25,479.99,Delivered,62
7865,678,239,2024-08-20,1158.88,Cancelled,
7866,1214,106,2024-04-25,657.85,Cancelled,
7867,1784,287,2024-12-07,1150.5,Delivered,64
7868,1002,255,2024-01-11,1245.68,Delivered,62
7869,1689,224,2024-10-03,1102.72,Delivered,35
7870,333,156,2024-10-02,106.24,Delivered,68
7871,439,150,2024-11-13,134.73,Pending,
7872,357,107,2024-01-17,103.0,Delivered,40
7873,1952,297,2024-06-21,466.65,Delivered,27
7874,1664,282,2024-08-10,1226.92,Delivered,42
7875,432,236,2024-11-05,245.74,Delivered,67
7876,1300,152,2024-12-23,1232.88,Pending,
7877,336,123,2024-03-30,1474.58,Delivered,58
7878,509,108,2024-01-28,1195.88,Delivered,50
7879,1912,264,2024-01-07,849.37,Pending,
7880,1462,210,2024-02-10,250.24,Delivered,47
7881,43,178,2024-12-26,424.33,Delivered,35
7882,1396,300,2024-09-04,277.62,Delivered,23
7883,912,128,2024-09-21,247.98,Pending,
7884,1844,125,2024-12-03,1320.91,Delivered,42
7885,1996,160,2024-03-06,219.35,Delivered,41
7886,992,152,2024-08-19,260.36,Delivered,43
7887,1567,102,2024-09-30,674.56,Delivered,32
7888,859,289,2024-02-21,507.15,Delivered,37
7889,1792,256,2024-08-06,868.96,Delivered,27
7890,1303,220,2024-11-11,579.91,Delivered,44
7891,910,198,2024-10-18,996.11,Cancelled,
7892,1470,224,2024-04-23,1052.72,Delivered,20
7893,795,261,2024-01-18,414.38,Delivered,57
7894,1333,164,2024-01-16,239.79,Delivered,54
7895,723,283,2024-02-01,1050.44,Delivered,37
7896,1320,297,2024-12-09,1424.37,Delivered,24
7897,458,115,2024-09-06,1375.24,Delivered,36
7898,1470,252,2024-12-25,228.05,Delivered,58
7899,1403,262,2024-04-27,1226.09,Pending,
7900,1585,175,2024-11-08,1393.7,Delivered,42
7901,380,241,2024-09-17,221.93,Delivered,40
7902,110,270,2024-04-08,137.4,Pending,
7903,119,190,2024-11-23,830.77,Delivered,27
7904,562,246,2024-11-15,550.42,Pending,
7905,126,278,2024-09-24,798.28,Delivered,33
7906,998,138,2024-12-14,464.82,Delivered,44
7907,794,137,2024-12-04,-787.08,Delivered,30
7908,43,259,2024-09-12,521.99,Delivered,23
7909,801,236,2024-11-19,831.49,Delivered,53
7910,1473,264,2024-12-24,569.84,Delivered,58
7911,346,244,2024-01-21,879.08,Delivered,31
7912,1078,140,2024-08-12,767.49,Delivered,29
7913,210,148,2024-11-06,282.89,Pending,
7914,1867,220,2024-07-25,412.12,Delivered,31
7915,1634,127,2024-05-09,465.73,Cancelled,
7916,872,188,2024-03-07,524.69,Delivered,48
7917,1635,185,2024-02-28,677.11,Delivered,19
7918,977,195,2024-11-06,446.55,Delivered,55
7919,1134,177,2024-12-11,735.99,Delivered,15
7920,1282,106,2024-08-13,463.74,Delivered,60
7921,1079,112,2024-08-02,537.36,Cancelled,
7922,1061,177,2024-12-04,1033.09,Delivered,26
7923,935,212,2024-12-04,1182.23,Delivered,37
7924,1243,174,2024-11-22,1384.23,Delivered,31
7925,743,133,2024-12-31,1224.86,Pending,
7926,1100,131,2024-01-08,1028.7,Delivered,66
7927,509,180,2024-11-27,1080.23,Delivered,34
7928,835,128,2024-02-20,244.48,Delivered,17
7929,1340,126,2024-12-19,747.47,Delivered,51
7930,1313,270,2024-02-10,981.1,Pending,
7931,1679,267,2024-12-21,538.74,Delivered,33
7932,1147,282,2024-11-06,288.54,Cancelled,
7933,151,135,2024-09-07,1076.23,Delivered,39
7934,1326,229,2024-04-09,1258.62,Delivered,68
7935,1210,125,2024-05-24,479.98,Delivered,15
7936,1869,235,2024-11-12,140.31,Pending,
7937,1219,288,2024-12-06,989.3,Delivered,31
7938,1696,125,2024-07-18,556.11,Delivered,17
7939,317,278,2024-08-25,689.09,Delivered,23
7940,1683,207,2024-10-11,733.73,Delivered,48
7941,30,144,2024-12-26,638.77,Delivered,26
7942,848,112,2024-10-10,111.41,Pending,
7943,53,272,2024-09-26,1175.77,Pending,
7944,28,102,2024-01-01,100.65,Delivered,44
7945,1102,140,2024-07-22,1311.37,Cancelled,
7946,1290,142,2024-12-01,1285.82,Delivered,18
7947,1861,294,2024-01-06,736.02,Delivered,69
7948,1111,117,2024-08-05,899.54,Delivered,25
7949,420,282,2024-07-12,1422.67,Delivered,25
7950,232,194,2024-11-22,1291.71,Delivered,52
7951,1150,116,2024-12-13,1352.68,Cancelled,
7952,1503,135,2024-03-26,1264.55,Delivered,69
7953,1683,140,2024-07-28,403.32,Pending,
7954,1575,161,2024-11-10,1084.88,Delivered,27
7955,1146,250,2024-11-22,1248.05,Cancelled,
7956,1321,268,2024-11-20,591.61,Delivered,18
7957,1249,137,2024-04-27,1416.2,Delivered,38
7958,1740,235,2024-08-21,1283.33,Delivered,47
7959,1331,157,2024-12-11,401.77,Pending,
7960,1672,256,2024-11-27,214.3,Delivered,37
7961,658,243,2024-04-16,125.97,Delivered,52
7962,839,123,2024-12-07,942.03,Delivered,65
7963,1793,274,2024-11-08,516.72,Delivered,44
7964,1160,184,2024-03-21,1012.92,Delivered,44
7965,1221,300,2024-11-10,1055.12,Delivered,32
7966,673,168,2024-02-11,1233.43,Pending,
7967,1951,258,2024-08-30,976.87,Pending,
7968,573,187,2024-06-03,850.45,Cancelled,
7969,554,251,2024-12-23,161.76,Delivered,41
7970,377,242,2024-09-21,1458.22,Delivered,62
7971,1107,106,2024-09-09,1019.5,Delivered,68
7972,115,243,2024-01-12,597.69,Delivered,20
7973,1168,228,2024-11-13,1450.19,Delivered,43
7974,659,276,2024-12-28,963.67,Delivered,37
7975,1678,279,2024-11-21,690.34,Delivered,59
7976,1409,241,2024-12-22,939.71,Delivered,15
7977,213,187,2024-10-14,255.71,Delivered,39
7978,1756,140,2024-11-11,510.76,Delivered,65
7979,991,274,2024-11-08,1462.33,Delivered,22
7980,1172,278,2024-12-27,1011.23,Delivered,34
7981,1423,169,2024-01-26,970.09,Delivered,66
7982,1970,222,2024-03-22,1272.69,Pending,
7983,982,225,2024-11-24,439.94,Delivered,58
7984,1089,155,2024-11-08,1037.11,Delivered,54
7985,194,273,2024-12-15,1067.11,Delivered,30
7986,547,265,2024-11-17,1178.45,Delivered,47
7987,30,168,2024-03-09,163.78,Delivered,25
7988,399,104,2024-12-25,889.14,Delivered,44
7989,511,155,2024-08-09,1489.72,Delivered,47
7990,1739,223,2024-08-18,603.89,Delivered,37
7991,285,185,2024-10-12,553.28,Delivered,49
7992,738,107,2024-08-06,1167.09,Delivered,47
7993,977,235,2024-11-25,533.83,Pending,
7994,969,129,2024-11-03,175.25,Delivered,37
7995,535,204,2024-06-23,1287.91,Delivered,33
7996,911,260,2024-03-10,918.95,Pending,
7997,587,174,2024-05-26,1245.56,Delivered,38
7998,73,185,2024-07-16,396.81,Delivered,45
7999,83,210,2024-06-20,1008.26,Delivered,48
8000,214,252,2024-03-02,376.95,Cancelled,
8001,1753,194,2024-06-27,555.97,Delivered,25
8002,365,248,2024-02-22,1031.24,Delivered,56
8003,311,174,2024-12-12,960.36,Cancelled,
8004,1473,123,2024-10-31,1305.06,Delivered,43
8005,1428,218,2024-12-22,371.15,Delivered,68
8006,541,240,2024-01-02,1312.5,Pending,
8007,680,255,2024-11-06,1492.68,Delivered,58
8008,852,247,2024-08-28,454.05,Delivered,55
8009,627,299,2024-12-22,1427.89,Pending,
8010,1193,155,2024-08-01,214.09,Delivered,59
8011,1890,235,2024-08-23,636.34,Delivered,48
8012,1381,115,2024-04-06,213.81,Delivered,55
8013,652,142,2024-12-21,725.84,Delivered,55
8014,1615,108,2024-04-09,1028.55,Delivered,41
8015,41,195,2024-12-24,786.13,Delivered,23
8016,1857,261,2024-09-29,1153.5,Delivered,36
8017,1273,195,2024-08-14,692.84,Delivered,38
8018,1158,125,2024-07-31,822.19,Delivered,17
8019,1016,233,2024-12-25,393.59,Pending,
8020,1424,277,2024-12-07,1386.25,Delivered,25
8021,1509,161,2024-05-13,558.9,Delivered,27
8022,362,195,2024-01-29,1450.47,Delivered,33
8023,712,182,2024-02-09,1383.89,Delivered,26
8024,1661,280,2024-04-16,566.12,Delivered,53
8025,258,232,2024-04-12,287.32,Delivered,24
8026,421,126,2024-11-20,1363.89,Delivered,23
8027,1075,291,2024-12-31,632.47,Cancelled,
8028,795,160,2024-05-20,390.97,Delivered,58
8029,851,101,2024-12-31,1341.2,Delivered,28
8030,504,286,2024-05-22,203.37,Delivered,55
8031,368,252,2024-12-05,1419.65,Delivered,66
8032,351,185,2024-11-23,1109.53,Delivered,32
8033,1389,264,2024-04-26,1425.95,Delivered,45
8034,268,267,2024-11-24,1392.18,Delivered,17
8035,540,287,2024-12-03,536.79,Delivered,25
8036,796,114,2024-03-13,1250.73,Delivered,36
8037,589,268,2024-03-27,459.06,Delivered,61
8038,1911,193,2024-05-01,163.64,Delivered,19
8039,1969,130,2024-11-09,123.81,Delivered,38
8040,1344,236,2024-03-10,762.58,Delivered,27
8041,549,114,2024-01-19,1152.81,Delivered,50
8042,1628,271,2024-11-21,612.38,Delivered,40
8043,492,231,2024-10-11,188.63,Delivered,50
8044,534,154,2024-08-12,515.92,Delivered,52
8045,1148,111,2024-11-22,1103.2,Cancelled,
8046,1458,154,2024-04-13,1370.42,Delivered,44
8047,1278,289,2024-07-26,981.53,Delivered,51
8048,1380,174,2024-11-16,738.33,Delivered,16
8049,211,217,2024-01-08,566.41,Delivered,37
8050,1602,183,2024-11-09,987.37,Delivered,56
8051,815,183,2024-07-22,1314.52,Cancelled,
8052,1773,292,2024-03-09,329.33,Delivered,33
8053,373,111,2024-11-01,185.76,Delivered,59
8054,132,247,2024-11-02,1257.26,Cancelled,
8055,1717,126,2024-05-06,634.52,Delivered,36
8056,1212,121,2024-02-16,1283.18,Delivered,68
8057,102,140,2024-02-25,287.01,Delivered,28
8058,324,242,2024-03-02,477.4,Delivered,55
8059,589,185,2024-11-09,465.75,Delivered,25
8060,589,162,2024-11-14,1067.89,Delivered,15
8061,56,125,2024-11-28,837.0,Delivered,49
8062,1351,273,2024-12-12,430.11,Delivered,56
8063,1201,226,2024-12-31,1404.83,Delivered,29
8064,1555,142,2024-07-13,263.2,Cancelled,
8065,842,148,2024-12-22,827.22,Delivered,62
8066,1000,197,2024-12-27,1174.67,Cancelled,
8067,939,249,2024-04-20,626.35,Delivered,15
8068,1131,149,2024-11-29,155.64,Delivered,40
8069,504,161,2024-03-06,779.22,Delivered,22
8070,1478,186,2024-03-24,689.96,Cancelled,
8071,1528,300,2024-11-11,922.78,Delivered,35
8072,1663,254,2024-10-19,758.97,Cancelled,
8073,1772,217,2024-12-16,1137.74,Delivered,27
8074,1939,229,2024-11-17,705.05,Delivered,25
8075,382,142,2024-04-24,375.51,Delivered,27
8076,1025,184,2024-11-10,404.46,Delivered,39
8077,297,225,2024-10-24,1306.52,Delivered,67
8078,1744,111,2024-12-17,234.25,Delivered,34
8079,153,144,2024-12-29,324.56,Delivered,31
8080,1661,195,2024-12-11,136.8,Delivered,51
8081,1447,159,2024-12-23,1001.76,Delivered,32
8082,850,141,2024-11-10,1068.19,Delivered,56
8083,1955,218,2024-11-22,1392.4,Delivered,50
8084,1678,287,2024-04-29,390.11,Pending,
8085,916,231,2024-10-25,611.3,Delivered,61
8086,1855,257,2024-11-15,1167.42,Delivered,36
8087,1150,224,2024-06-25,182.87,Delivered,37
8088,1657,223,2024-11-11,1137.48,Delivered,15
8089,12,224,2024-11-26,1323.57,Delivered,50
8090,893,255,2024-09-14,1256.12,Delivered,58
8091,935,173,2024-11-18,1154.52,Delivered,62
8092,1270,126,2024-11-15,1135.93,Delivered,70
8093,744,111,2024-07-14,899.93,Delivered,44
8094,1730,270,2024-11-11,566.12,Delivered,58
8095,1400,195,2024-11-21,1035.19,Delivered,55
8096,212,129,2024-02-01,1349.02,Delivered,37
8097,1514,206,2024-11-19,1469.84,Delivered,42
8098,1352,205,2024-11-26,810.36,Delivered,18
8099,1514,181,2024-06-03,777.42,Delivered,27
8100,869,169,2024-11-18,1279.35,Delivered,63
8101,407,284,2024-11-27,548.23,Delivered,23
8102,836,263,2024-11-14,517.72,Delivered,59
8103,1364,297,2024-04-16,769.84,Delivered,24
8104,1822,283,2024-12-20,267.67,Delivered,36
8105,1385,206,2024-11-29,1374.49,Delivered,30
8106,1489,120,2024-04-05,328.95,Delivered,25
8107,1511,298,2024-10-27,721.9,Cancelled,
8108,1125,219,2024-11-28,1010.74,Delivered,33
8109,578,142,2024-11-17,1411.06,Delivered,17
8110,956,269,2024-08-23,833.88,Delivered,61
8111,142,288,2024-11-08,512.06,Delivered,48
8112,1580,103,2024-11-06,996.24,Delivered,21
8113,231,290,2024-06-06,1103.04,Delivered,16
8114,573,166,2024-01-28,1021.05,Delivered,43
8115,348,279,2024-11-04,1124.75,Delivered,51
8116,355,108,2024-12-08,391.2,Delivered,33
8117,116,168,2024-11-04,182.59,Delivered,57
8118,1736,171,2024-04-15,205.06,Delivered,38
8119,1610,103,2024-11-23,1119.12,Pending,
8120,934,241,2024-11-24,681.36,Delivered,43
8121,1980,192,2024-05-16,262.42,Pending,
8122,467,189,2024-06-19,664.39,Delivered,22
8123,545,285,2024-11-29,763.78,Delivered,19
8124,702,300,2024-11-24,260.8,Delivered,22
8125,241,121,2024-08-10,343.83,Cancelled,
8126,1733,125,2024-12-18,617.7,Delivered,31
8127,230,110,2024-11-27,1299.81,Delivered,15
8128,1294,166,2024-09-12,361.48,Delivered,37
8129,442,132,2024-01-19,795.49,Cancelled,
8130,1837,120,2024-10-31,714.2,Delivered,61
8131,66,240,2024-06-05,549.23,Delivered,34
8132,1898,106,2024-08-11,1106.89,Delivered,62
8133,1249,210,2024-03-06,544.64,Delivered,67
8134,481,205,2024-12-13,120.91,Delivered,65
8135,153,252,2024-12-27,1272.26,Delivered,16
8136,1662,253,2024-09-15,259.97,Cancelled,
8137,1929,282,2024-12-20,922.12,Delivered,48
8138,1067,215,2024-06-05,1126.17,Delivered,60
8139,1211,166,2024-07-01,470.56,Delivered,34
8140,1450,185,2024-03-17,667.24,Delivered,56
8141,356,223,2024-12-29,1093.76,Delivered,68
8142,896,172,2024-02-12,152.54,Delivered,64
8143,351,245,2024-03-10,1078.37,Cancelled,
8144,304,170,2024-12-17,696.49,Cancelled,
8145,1020,259,2024-12-05,639.58,Cancelled,
8146,1040,118,2024-10-31,814.95,Delivered,31
8147,1968,114,2024-04-24,986.28,Delivered,60
8148,1423,157,2024-12-18,235.92,Delivered,44
8149,1181,146,2024-11-11,1040.57,Delivered,39
8150,172,282,2024-03-24,122.61,Cancelled,
8151,1693,139,2024-06-15,1126.9,Delivered,39
8152,1320,203,2024-12-13,887.15,Delivered,52
8153,867,299,2024-11-05,1291.2,Delivered,50
8154,555,101,2024-11-15,137.75,Delivered,57
8155,1342,272,2024-09-01,647.51,Cancelled,
8156,444,294,2024-09-27,684.39,Delivered,28
8157,1672,250,2024-06-26,161.66,Delivered,0
8158,829,265,2024-08-07,112.02,Delivered,37
8159,41,235,2024-11-28,151.69,Delivered,58
8160,1247,114,2024-01-23,682.53,Delivered,38
8161,99,278,2024-09-15,1261.23,Delivered,38
8162,1826,211,2024-06-08,1219.98,Delivered,64
8163,139,133,2024-11-26,192.17,Delivered,38
8164,27,279,2024-12-10,1152.23,Delivered,43
8165,818,124,2024-11-18,806.65,Delivered,54
8166,1797,238,2024-12-01,830.63,Delivered,30
8167,275,124,2024-05-22,888.89,Delivered,22
8168,1571,223,2024-06-19,619.89,Delivered,32
8169,386,227,2024-12-25,378.71,Delivered,36
8170,1677,215,2024-12-06,1303.54,Delivered,54
8171,660,114,2024-05-06,1252.54,Delivered,17
8172,1858,151,2024-01-31,398.07,Cancelled,
8173,597,243,2024-07-03,1335.49,Cancelled,
8174,1949,195,2024-06-15,1419.5,Delivered,30
8175,530,270,2024-09-09,498.24,Delivered,46
8176,3,233,2024-11-03,741.47,Delivered,63
8177,1693,284,2024-12-01,855.68,Delivered,22
8178,7,164,2024-01-03,803.89,Delivered,31
8179,1857,125,2024-07-26,113.48,Delivered,51
8180,951,189,2024-09-23,848.68,Delivered,22
8181,1816,203,2024-10-15,125.87,Delivered,31
8182,640,169,2024-01-25,492.98,Delivered,62
8183,1376,281,2024-07-23,1104.53,Delivered,56
8184,290,133,2024-08-26,1065.75,Cancelled,
8185,271,211,2024-11-21,475.99,Delivered,25
8186,1484,198,2024-12-24,352.11,Delivered,69
8187,1629,206,2024-06-18,918.62,Delivered,60
8188,1087,251,2024-12-04,810.0,Delivered,31
8189,1790,260,2024-04-21,1289.73,Cancelled,
8190,563,191,2024-12-08,1448.75,Pending,
8191,88,146,2024-11-18,879.04,Delivered,20
8192,1608,264,2024-11-16,413.4,Delivered,57
8193,1385,297,2024-04-28,628.84,Delivered,54
8194,1985,116,2024-08-12,575.23,Cancelled,
8195,1235,179,2024-04-20,246.56,Delivered,56
8196,523,147,2024-01-09,118.24,Delivered,52
8197,340,265,2024-06-24,319.9,Delivered,33
8198,819,286,2024-02-10,544.28,Delivered,22
8199,1548,210,2024-01-03,1248.85,Delivered,17
8200,182,106,2024-08-06,1323.19,Pending,
8201,1814,260,2024-12-12,324.09,Delivered,23
8202,1506,195,2024-07-03,873.31,Delivered,50
8203,1676,185,2024-12-10,1383.17,Delivered,61
8204,604,261,2024-12-14,425.59,Pending,
8205,818,150,2024-04-11,1145.1,Delivered,39
8206,1235,294,2024-11-07,1498.53,Delivered,53
8207,1088,201,2024-03-11,947.03,Delivered,65
8208,678,158,2024-12-05,1093.54,Delivered,70
8209,158,189,2024-04-13,131.02,Delivered,44
8210,1827,254,2024-02-23,965.16,Delivered,60
8211,1080,279,2024-08-05,1421.34,Delivered,37
8212,128,232,2024-11-22,1222.4,Delivered,32
8213,1658,182,2024-12-08,838.94,Delivered,37
8214,560,293,2024-11-13,379.02,Cancelled,
8215,1148,234,2024-12-11,788.03,Delivered,24
8216,1810,190,2024-12-21,1380.83,Delivered,48
8217,1729,135,2024-11-12,932.77,Delivered,56
8218,1457,115,2024-08-07,726.13,Delivered,36
8219,2,109,2024-04-07,1460.52,Delivered,45
8220,1630,264,2024-07-15,1098.17,Delivered,40
8221,1759,216,2024-11-24,195.15,Delivered,31
8222,967,172,2024-11-22,1170.27,Delivered,68
8223,890,289,2024-12-09,542.38,Delivered,60
8224,132,265,2024-12-26,1177.08,Delivered,59
8225,542,268,2024-11-19,863.95,Delivered,43
8226,1081,142,2024-12-14,606.36,Cancelled,
8227,971,152,2024-11-24,195.64,Delivered,16
8228,164,227,2024-02-14,933.65,Delivered,16
8229,1840,286,2024-12-22,1119.77,Delivered,35
8230,845,274,2024-04-13,1366.9,Delivered,53
8231,1341,210,2024-08-16,828.4,Pending,
8232,971,223,2024-06-17,464.99,Delivered,29
8233,610,221,2024-05-24,582.37,Delivered,43
8234,559,269,2024-03-06,844.38,Delivered,41
8235,1677,192,2024-11-26,1180.11,Delivered,26
8236,1168,158,2024-07-11,770.15,Delivered,26
8237,931,195,2024-06-23,1043.89,Delivered,15
8238,480,300,2024-12-10,1456.11,Delivered,53
8239,920,193,2024-06-17,431.61,Delivered,55
8240,1924,144,2024-11-03,1298.45,Delivered,43
8241,69,185,2024-11-16,792.83,Delivered,37
8242,1033,282,2024-11-08,1026.2,Delivered,19
8243,1936,244,2024-08-27,639.13,Delivered,68
8244,914,116,2024-11-15,816.02,Delivered,61
8245,301,233,2024-06-29,1177.03,Pending,
8246,478,170,2024-11-28,1189.54,Delivered,16
8247,270,250,2024-12-05,752.61,Delivered,50
8248,652,180,2024-12-24,347.44,Delivered,18
8249,320,258,2024-05-12,1248.18,Pending,
8250,1567,102,2024-11-27,821.79,Delivered,59
8251,1483,261,2024-10-12,990.78,Delivered,49
8252,1459,216,2024-05-10,1413.33,Delivered,46
8253,340,179,2024-08-26,245.04,Delivered,43
8254,1127,217,2024-12-20,1420.0,Delivered,36
8255,1822,205,2024-12-26,665.12,Delivered,62
8256,1002,155,2024-08-30,1282.64,Delivered,62
8257,1081,285,2024-02-02,508.47,Delivered,19
8258,1166,277,2024-07-22,695.23,Delivered,42
8259,348,180,2024-12-04,655.96,Pending,
8260,1071,286,2024-08-08,771.33,Delivered,26
8261,1917,289,2024-11-08,352.22,Cancelled,
8262,1167,262,2024-03-05,460.69,Delivered,56
8263,1998,242,2024-01-22,1481.66,Cancelled,
8264,210,201,2024-02-17,993.01,Pending,
8265,1364,247,2024-11-08,297.32,Cancelled,
8266,1100,195,2024-04-08,1439.25,Delivered,53
8267,1030,115,2024-01-14,1199.21,Delivered,33
8268,1554,118,2024-11-28,434.85,Delivered,32
8269,264,174,2024-02-19,1449.7,Delivered,35
8270,1061,148,2024-02-03,880.32,Delivered,20
8271,911,124,2024-01-01,731.33,Delivered,42
8272,935,221,2024-12-07,948.01,Delivered,28
8273,200,201,2024-06-01,537.8,Pending,
8274,403,150,2024-05-31,325.89,Delivered,15
8275,1752,158,2024-05-05,440.3,Delivered,67
8276,1501,123,2024-11-10,572.22,Delivered,59
8277,827,216,2024-12-24,934.07,Delivered,52
8278,1206,272,2024-10-19,1168.15,Cancelled,
8279,966,111,2024-12-14,1226.58,Delivered,38
8280,878,237,2024-03-05,617.57,Delivered,26
8281,85,118,2024-04-20,561.65,Delivered,39
8282,1648,150,2024-08-29,962.51,Pending,
8283,1406,159,2024-08-09,429.38,Delivered,57
8284,639,285,2024-12-07,810.86,Delivered,16
8285,1356,204,2024-04-09,1152.23,Delivered,70
8286,919,295,2024-11-08,987.26,Delivered,67
8287,1454,106,2024-12-25,1489.15,Delivered,24
8288,1262,257,2024-02-09,225.41,Delivered,32
8289,916,168,2024-11-24,1165.7,Delivered,18
8290,883,255,2024-10-04,1359.53,Delivered,51
8291,1186,289,2024-11-30,288.15,Delivered,21
8292,284,105,2024-11-09,1112.61,Pending,
8293,394,251,2024-11-01,1332.44,Delivered,21
8294,756,101,2024-12-12,1467.09,Delivered,34
8295,1004,210,2024-12-05,1482.66,Delivered,61
8296,1287,200,2024-05-01,153.37,Delivered,15
8297,1771,184,2024-12-22,478.13,Delivered,48
8298,35,121,2024-04-12,265.91,Delivered,28
8299,1880,162,2024-07-02,791.04,Delivered,26
8300,210,289,2024-03-02,1374.03,Delivered,32
8301,1177,186,2024-12-01,1005.27,Delivered,51
8302,168,295,2024-10-31,1129.57,Delivered,53
8303,777,260,2024-01-25,943.17,Delivered,30
8304,777,175,2024-12-11,682.82,Delivered,16
8305,1862,195,2024-06-03,858.85,Delivered,65
8306,815,107,2024-01-14,1345.79,Delivered,41
8307,1689,234,2024-12-18,214.98,Delivered,62
8308,853,105,2024-05-29,394.3,Delivered,38
8309,1294,151,2024-11-07,790.06,Delivered,18
8310,7,250,2024-02-29,620.26,Delivered,27
8311,1647,262,2024-01-15,602.34,Delivered,65
8312,1580,189,2024-03-29,1397.89,Pending,
8313,1120,290,2024-11-27,1452.72,Pending,
8314,36,177,2024-09-10,160.5,Delivered,32
8315,1130,280,2024-11-22,1474.21,Delivered,58
8316,829,246,2024-03-24,1104.49,Delivered,68
8317,682,296,2024-08-18,1159.41,Delivered,21
8318,165,264,2024-07-08,378.64,Delivered,55
8319,4,161,2024-10-23,203.03,Delivered,67
8320,1576,203,2024-12-17,137.18,Delivered,24
8321,149,230,2024-06-19,1047.03,Delivered,48
8322,1793,284,2024-12-14,1493.72,Delivered,24
8323,1209,104,2024-12-20,820.69,Pending,
8324,1203,137,2024-12-28,1202.82,Delivered,45
8325,1053,152,2024-10-05,163.12,Cancelled,
8326,49,155,2024-04-15,1152.13,Delivered,18
8327,755,242,2024-07-28,893.62,Delivered,48
8328,727,153,2024-08-21,452.81,Cancelled,
8329,1941,242,2024-11-12,458.88,Delivered,61
8330,1214,190,2024-03-01,1393.88,Delivered,35
8331,118,291,2024-11-06,439.86,Delivered,19
8332,1013,109,2024-12-31,486.61,Delivered,34
8333,1492,269,2024-12-24,1179.34,Delivered,58
8334,394,271,2024-12-29,244.94,Delivered,58
8335,667,143,2024-12-26,448.61,Delivered,24
8336,662,193,2024-05-19,476.5,Delivered,57
8337,1969,284,2024-10-15,858.9,Delivered,0
8338,1867,115,2024-12-04,280.88,Delivered,24
8339,1206,166,2024-12-21,703.85,Delivered,21
8340,1813,179,2024-04-29,320.57,Delivered,53
8341,832,292,2024-12-18,289.73,Delivered,67
8342,157,134,2024-12-22,1203.04,Delivered,48
8343,181,280,2024-01-31,102.58,Delivered,25
8344,1454,154,2024-12-14,132.1,Delivered,44
8345,1188,198,2024-11-23,975.9,Delivered,56
8346,952,163,2024-12-05,1117.77,Delivered,39
8347,1035,179,2024-11-15,530.19,Delivered,25
8348,359,230,2024-12-01,469.37,Delivered,35
8349,410,232,2024-10-19,1190.18,Delivered,36
8350,1496,258,2024-11-10,1168.62,Delivered,25
8351,1075,265,2024-12-04,424.01,Delivered,36
8352,1951,215,2024-02-13,136.79,Pending,
8353,1005,148,2024-03-03,1434.8,Delivered,52
8354,163,190,2024-10-20,812.51,Delivered,38
8355,696,187,2024-11-19,930.14,Delivered,25
8356,1276,209,2024-12-10,544.41,Delivered,21
8357,992,151,2024-11-19,298.17,Pending,
8358,983,265,2024-10-17,848.64,Delivered,16
8359,1826,140,2024-11-25,1400.85,Delivered,39
8360,644,299,2024-12-11,441.56,Delivered,24
8361,68,180,2024-09-08,821.97,Delivered,30
8362,219,175,2024-07-13,292.06,Delivered,29
8363,125,156,2024-11-08,492.88,Delivered,29
8364,33,104,2024-11-13,192.28,Delivered,34
8365,1706,179,2024-11-18,447.67,Cancelled,
8366,1029,274,2024-01-15,1450.33,Delivered,36
8367,1360,258,2024-11-08,1348.19,Cancelled,
8368,49,270,2024-11-03,1136.68,Cancelled,
8369,819,260,2024-08-30,957.61,Pending,
8370,1919,216,2024-06-28,663.98,Delivered,56
8371,1597,179,2024-11-13,586.73,Cancelled,
8372,1416,212,2024-11-12,971.59,Cancelled,
8373,344,280,2024-07-25,366.0,Delivered,47
8374,54,111,2024-02-24,962.34,Delivered,46
8375,644,113,2024-07-01,989.0,Delivered,17
8376,195,117,2024-12-23,1203.57,Cancelled,
8377,1669,103,2024-03-13,280.02,Delivered,51
8378,1485,158,2024-12-15,1373.7,Delivered,63
8379,1131,122,2024-04-28,397.07,Delivered,19
8380,884,204,2024-11-14,1331.58,Cancelled,
8381,630,274,2025-06-15,678.64,Cancelled,
8382,82,225,2024-12-08,1494.42,Delivered,19
8383,1622,129,2024-12-01,863.21,Cancelled,
8384,263,162,2024-04-10,792.61,Delivered,56
8385,756,233,2024-04-03,663.28,Delivered,28
8386,826,146,2024-06-03,574.49,Pending,
8387,1102,285,2024-12-30,626.86,Delivered,43
8388,142,172,2024-10-09,795.61,Delivered,48
8389,1373,106,2024-12-21,743.33,Delivered,19
8390,1821,228,2024-11-19,529.53,Delivered,18
8391,320,288,2024-05-13,1183.41,Delivered,25
8392,566,179,2024-08-14,950.4,Delivered,40
8393,799,210,2024-05-26,533.38,Delivered,65
8394,1505,218,2024-12-04,833.64,Delivered,19
8395,1078,144,2024-08-13,1002.46,Delivered,67
8396,913,219,2024-11-26,713.42,Pending,
8397,1518,175,2024-03-05,747.94,Delivered,59
8398,497,265,2024-02-22,996.82,Pending,
8399,215,182,2024-06-16,1296.95,Delivered,67
8400,438,186,2024-12-19,1324.27,Delivered,36
8401,1356,213,2024-11-22,1230.02,Cancelled,
8402,1232,285,2024-12-27,718.75,Delivered,68
8403,633,262,2024-06-21,1456.19,Delivered,16
8404,146,225,2024-12-19,1399.35,Delivered,24
8405,965,145,2024-10-27,345.57,Delivered,51
8406,1283,242,2024-08-17,1066.91,Delivered,18
8407,752,194,2024-12-11,1381.15,Delivered,35
8408,1744,127,2024-05-27,988.52,Delivered,42
8409,657,140,2024-07-25,531.25,Delivered,63
8410,1801,292,2024-11-28,530.93,Pending,
8411,1525,135,2024-01-13,358.77,Delivered,32
8412,150,101,2024-10-19,668.14,Cancelled,
8413,332,197,2024-12-15,186.38,Delivered,61
8414,571,232,2024-01-25,972.07,Cancelled,
8415,1947,160,2024-07-10,146.97,Delivered,25
8416,1996,131,2024-06-24,645.61,Delivered,65
8417,368,116,2024-01-01,691.46,Delivered,17
8418,813,246,2024-11-17,258.92,Delivered,49
8419,1065,165,2024-11-22,277.25,Delivered,31
8420,1189,168,2024-12-27,1139.78,Delivered,65
8421,1820,274,2024-12-04,897.62,Cancelled,
8422,828,292,2024-11-03,1426.7,Delivered,24
8423,502,148,2024-11-23,267.75,Cancelled,
8424,646,132,2024-08-30,926.34,Delivered,51
8425,836,108,2024-11-27,595.1,Delivered,32
8426,1391,155,2024-11-11,351.29,Cancelled,
8427,1694,112,2024-04-21,210.14,Delivered,44
8428,937,144,2024-12-05,753.5,Delivered,47
8429,1161,150,2024-09-06,1405.36,Delivered,49
8430,1491,202,2024-12-01,1183.25,Cancelled,
8431,1368,236,2024-04-19,1367.78,Pending,
8432,118,131,2024-12-21,389.26,Delivered,26
8433,1408,249,2024-11-13,841.48,Delivered,25
8434,303,154,2024-06-20,161.93,Delivered,65
8435,1074,108,2024-05-03,980.86,Delivered,32
8436,1127,275,2024-10-08,450.49,Delivered,32
8437,1729,129,2024-12-31,337.04,Delivered,40
8438,1483,291,2024-11-19,535.39,Cancelled,
8439,1200,164,2024-12-07,899.13,Delivered,23
8440,248,177,2024-02-09,1137.77,Delivered,34
8441,970,272,2024-01-26,308.34,Delivered,57
8442,1553,267,2024-07-06,468.95,Delivered,52
8443,1533,112,2024-05-15,377.77,Cancelled,
8444,1776,109,2024-12-12,680.21,Delivered,36
8445,22,153,2024-12-19,1257.74,Delivered,30
8446,1945,216,2024-05-20,655.79,Delivered,64
8447,667,202,2024-12-04,1164.04,Delivered,70
8448,177,122,2024-01-17,1375.98,Delivered,63
8449,805,288,2024-12-25,360.59,Delivered,46
8450,1240,119,2024-02-09,1239.92,Pending,
8451,690,130,2024-12-08,1095.99,Cancelled,
8452,366,249,2024-12-08,507.64,Delivered,63
8453,299,134,2024-11-06,298.84,Delivered,30
8454,1119,166,2024-11-28,562.49,Cancelled,
8455,1980,200,2024-11-25,624.11,Cancelled,
8456,332,141,2024-07-05,1276.91,Pending,
8457,1767,161,2024-01-08,799.51,Pending,
8458,443,161,2024-05-24,166.71,Delivered,61
8459,1667,150,2024-04-21,649.31,Delivered,37
8460,1707,263,2024-07-18,680.51,Delivered,39
8461,1320,233,2024-12-30,130.98,Delivered,41
8462,688,162,2024-11-03,360.98,Delivered,46
8463,747,104,2024-12-20,672.83,Delivered,32
8464,964,102,2024-10-13,149.92,Delivered,43
8465,1642,123,2024-12-13,256.05,Cancelled,
8466,592,216,2024-09-12,1258.97,Delivered,52
8467,360,262,2024-11-26,1485.11,Pending,
8468,1275,172,2024-06-16,464.04,Cancelled,
8469,1686,207,2024-03-05,955.04,Delivered,40
8470,1498,247,2024-09-18,399.97,Delivered,16
8471,1391,221,2024-12-28,821.09,Delivered,54
8472,1029,127,2024-12-07,683.03,Delivered,57
8473,1027,107,2024-09-16,1246.4,Delivered,53
8474,1095,244,2024-05-14,127.18,Delivered,29
8475,807,286,2024-11-09,1493.39,Delivered,36
8476,1698,133,2024-11-23,943.21,Delivered,39
8477,1001,160,2024-12-19,1085.23,Cancelled,
8478,368,148,2024-02-22,1220.65,Delivered,30
8479,300,182,2024-11-06,649.29,Delivered,64
8480,1790,148,2024-08-14,455.04,Delivered,20
8481,1444,271,2024-12-25,1484.16,Delivered,42
8482,9,240,2024-05-31,1266.54,Delivered,21
8483,461,152,2024-08-06,1238.69,Delivered,62
8484,1947,188,2024-06-14,1281.37,Delivered,40
8485,1524,179,2024-09-02,191.98,Delivered,47
8486,176,155,2024-03-09,1021.7,Cancelled,
8487,318,150,2024-03-01,916.13,Delivered,49
8488,539,203,2024-11-23,1304.52,Delivered,28
8489,887,249,2024-09-17,576.31,Delivered,39
8490,939,289,2024-11-28,1323.61,Delivered,54
8491,1268,293,2024-11-01,630.73,Delivered,52
8492,907,204,2024-11-11,293.08,Delivered,32
8493,628,247,2024-06-26,1060.8,Delivered,30
8494,923,271,2024-11-17,375.94,Delivered,24
8495,608,256,2024-11-26,317.47,Delivered,22
8496,1019,220,2024-05-19,1091.48,Delivered,24
8497,371,138,2024-11-11,1051.62,Delivered,56
8498,221,284,2024-09-02,368.52,Pending,
8499,190,272,2024-12-15,906.88,Delivered,31
8500,909,153,2024-11-20,241.31,Delivered,52
8501,1901,194,2024-10-13,557.7,Pending,
8502,1507,153,2024-11-30,241.57,Delivered,35
8503,425,289,2024-02-14,1451.37,Delivered,56
8504,874,288,2024-12-13,1092.55,Delivered,19
8505,1427,213,2024-11-05,1043.19,Delivered,39
8506,472,151,2024-05-13,724.74,Delivered,59
8507,735,167,2024-04-18,440.35,Pending,
8508,1936,143,2024-11-06,778.67,Delivered,49
8509,1171,137,2024-03-16,145.65,Pending,
8510,273,246,2024-10-30,1363.27,Delivered,36
8511,1583,242,2024-03-29,1400.95,Delivered,37
8512,944,131,2024-08-01,902.07,Delivered,63
8513,1156,270,2024-02-13,698.11,Delivered,38
8514,1929,176,2024-04-10,249.49,Delivered,35
8515,510,287,2024-02-21,380.43,Pending,
8516,1980,212,2024-11-14,679.98,Delivered,69
8517,791,121,2024-08-07,1256.45,Delivered,32
8518,494,158,2024-01-11,777.74,Delivered,39
8519,962,121,2024-12-14,463.53,Delivered,41
8520,1241,293,2024-07-10,1448.56,Delivered,26
8521,222,217,2024-10-31,523.61,Delivered,57
8522,1408,200,2024-08-18,296.6,Delivered,43
8523,289,114,2024-12-05,702.05,Delivered,19
8524,1262,294,2024-11-26,627.82,Cancelled,
8525,1131,262,2024-12-19,1410.41,Delivered,59
8526,529,226,2024-01-08,1344.11,Delivered,53
8527,1681,137,2024-06-25,445.47,Delivered,43
8528,1996,186,2024-10-31,464.7,Delivered,42
8529,230,176,2024-10-04,1283.95,Delivered,18
8530,465,255,2024-03-05,1283.56,Cancelled,
8531,689,173,2024-11-26,1245.93,Delivered,52
8532,603,123,2024-11-22,1407.25,Delivered,54
8533,723,201,2024-12-13,1123.74,Delivered,47
8534,677,266,2024-12-02,1158.03,Delivered,27
8535,238,154,2024-12-09,1488.4,Cancelled,
8536,1049,156,2024-06-07,383.74,Delivered,49
8537,1433,275,2024-11-12,910.53,Cancelled,
8538,1807,299,2024-05-06,817.14,Pending,
8539,1908,201,2024-12-02,905.81,Delivered,36
8540,1460,266,2024-05-18,417.22,Delivered,27
8541,863,204,2024-12-01,235.73,Cancelled,
8542,1664,130,2024-08-11,619.28,Delivered,55
8543,702,253,2024-06-26,1468.12,Delivered,38
8544,1653,113,2024-10-17,829.92,Delivered,47
8545,1595,269,2024-11-16,853.37,Delivered,65
8546,1643,116,2024-08-24,1085.43,Pending,
8547,684,184,2024-05-21,269.96,Delivered,59
8548,1706,297,2024-04-22,219.21,Delivered,31
8549,326,119,2024-06-07,1111.09,Delivered,52
8550,823,219,2024-03-16,535.79,Delivered,50
8551,1954,193,2024-01-17,532.93,Delivered,25
8552,1525,272,2024-11-21,1067.02,Delivered,27
8553,755,165,2024-08-08,632.5,Delivered,18
8554,1976,216,2024-12-03,1334.14,Cancelled,
8555,657,120,2024-01-01,915.89,Delivered,60
8556,1343,191,2024-02-20,970.04,Delivered,16
8557,999,144,2024-04-26,492.69,Delivered,21
8558,743,286,2024-11-07,1097.0,Delivered,46
8559,103,232,2024-11-09,294.82,Delivered,67
8560,651,123,2024-04-17,965.46,Delivered,26
8561,1199,277,2024-02-02,1196.27,Delivered,34
8562,904,166,2024-08-16,347.08,Delivered,60
8563,712,195,2024-11-15,774.22,Delivered,59
8564,1266,108,2024-12-31,1381.36,Delivered,45
8565,1439,298,2024-11-24,1399.57,Delivered,33
8566,280,198,2024-11-13,1252.68,Delivered,64
8567,1841,263,2024-06-06,1338.04,Delivered,36
8568,136,247,2024-04-16,1098.12,Pending,
8569,410,114,2024-05-30,224.87,Delivered,22
8570,865,113,2024-05-10,1026.07,Delivered,66
8571,1192,111,2024-12-10,1141.98,Delivered,70
8572,596,131,2024-12-15,777.64,Delivered,28
8573,584,284,2024-04-29,1409.41,Delivered,63
8574,1441,217,2024-12-16,1244.93,Delivered,55
8575,1743,237,2024-12-21,636.07,Delivered,42
8576,1363,149,2024-04-22,193.84,Delivered,44
8577,1301,271,2024-12-11,218.94,Delivered,49
8578,1644,116,2024-12-25,429.75,Pending,
8579,1141,162,2024-10-22,1051.89,Delivered,64
8580,1384,136,2024-12-09,1210.31,Cancelled,
8581,1246,182,2024-11-22,692.32,Delivered,57
8582,131,118,2024-12-14,364.96,Delivered,64
8583,925,278,2024-11-25,448.62,Delivered,25
8584,628,105,2024-04-28,803.08,Delivered,54
8585,295,115,2024-11-30,987.15,Delivered,31
8586,657,103,2024-11-03,999.78,Delivered,54
8587,1383,194,2024-03-11,829.67,Delivered,54
8588,495,258,2024-12-06,1431.08,Delivered,16
8589,785,284,2024-04-22,398.3,Pending,
8590,378,214,2024-06-12,1248.05,Delivered,49
8591,1372,114,2024-12-20,519.93,Delivered,40
8592,1068,258,2024-03-28,429.66,Pending,
8593,742,241,2024-11-21,1134.71,Delivered,19
8594,4,275,2024-11-20,1079.12,Delivered,58
8595,636,178,2024-10-08,1288.91,Cancelled,
8596,1218,137,2024-11-17,179.72,Delivered,66
8597,1491,277,2024-08-26,119.49,Delivered,58
8598,276,144,2024-12-11,732.89,Delivered,54
8599,1254,114,2024-12-19,451.6,Pending,
8600,494,247,2024-12-31,1478.88,Delivered,15
8601,1416,171,2024-11-03,421.37,Cancelled,
8602,269,231,2024-01-29,1482.17,Cancelled,
8603,353,253,2024-12-23,-727.27,Delivered,22
8604,319,211,2024-11-03,1001.03,Cancelled,
8605,1562,256,2024-12-01,1142.54,Delivered,59
8606,48,147,2024-11-06,753.74,Delivered,42
8607,1712,237,2024-03-30,265.31,Delivered,46
8608,586,207,2024-12-24,391.06,Delivered,38
8609,1182,284,2024-11-11,994.58,Delivered,40
8610,1919,190,2024-02-02,912.07,Delivered,53
8611,1915,286,2024-12-08,146.03,Delivered,70
8612,609,120,2024-09-12,610.27,Delivered,63
8613,900,210,2024-08-19,1165.18,Delivered,37
8614,1969,207,2024-09-17,595.45,Delivered,34
8615,1020,212,2024-07-02,1358.11,Delivered,58
8616,1018,225,2024-06-13,264.66,Delivered,70
8617,749,114,2024-11-02,1121.58,Delivered,32
8618,1771,187,2024-11-23,920.26,Delivered,35
8619,1263,136,2024-06-18,677.96,Cancelled,
8620,6,180,2024-08-05,467.28,Cancelled,
8621,1265,192,2024-12-16,863.64,Delivered,59
8622,814,205,2024-12-20,1432.78,Delivered,29
8623,1039,281,2024-04-03,806.34,Delivered,60
8624,606,127,2024-08-25,562.34,Delivered,16
8625,1310,258,2024-11-21,344.69,Delivered,64
8626,,158,2024-03-30,913.19,Delivered,31
8627,1434,198,2024-03-09,1357.24,Delivered,30
8628,664,285,2024-12-25,511.1,Cancelled,
8629,540,252,2024-11-18,228.25,Delivered,23
8630,1379,253,2024-05-21,617.58,Pending,
8631,1226,162,2024-10-06,538.41,Delivered,36
8632,1025,270,2024-12-08,978.24,Delivered,42
8633,1210,189,2024-11-22,1391.15,Delivered,24
8634,274,241,2024-11-29,1051.37,Delivered,23
8635,15,247,2024-02-03,867.49,Cancelled,
8636,1367,178,2024-08-22,449.2,Delivered,22
8637,163,174,2024-08-04,434.34,Delivered,69
8638,53,245,2024-02-19,1401.05,Delivered,35
8639,1372,101,2024-12-18,551.12,Delivered,55
8640,1740,127,2024-08-19,1359.82,Delivered,18
8641,58,281,2024-09-08,613.83,Pending,
8642,426,168,2024-05-28,600.66,Delivered,25
8643,183,105,2024-03-24,123.37,Pending,
8644,,176,2024-09-20,361.75,Delivered,35
8645,556,246,2024-11-29,866.07,Delivered,35
8646,674,109,2024-06-08,267.2,Delivered,53
8647,99,247,2024-11-23,1268.88,Cancelled,
8648,5,214,2024-10-23,1493.43,Delivered,69
8649,1397,203,2024-12-12,693.27,Delivered,22
8650,433,295,2024-02-21,340.57,Pending,
8651,538,243,2024-12-24,941.33,Delivered,52
8652,1700,194,2024-03-22,778.13,Delivered,59
8653,839,250,2024-03-08,1340.67,Delivered,53
8654,1718,269,2024-11-23,644.13,Delivered,53
8655,59,212,2024-09-25,1003.0,Cancelled,
8656,870,132,2024-11-10,1096.3,Delivered,67
8657,158,269,2024-12-29,973.47,Delivered,38
8658,1201,282,2024-10-25,253.55,Cancelled,
8659,421,281,2024-11-16,1333.13,Pending,
8660,709,263,2024-04-12,386.32,Delivered,51
8661,1775,232,2024-05-17,929.16,Delivered,30
8662,1500,239,2024-12-27,840.24,Delivered,22
8663,1150,233,2024-12-20,1027.24,Delivered,22
8664,1477,160,2024-11-30,954.15,Delivered,28
8665,414,125,2024-11-10,485.68,Cancelled,
8666,26,272,2024-02-20,302.37,Pending,
8667,994,298,2024-05-02,443.96,Pending,
8668,994,295,2024-11-26,157.31,Pending,
8669,1485,118,2024-12-30,341.04,Delivered,68
8670,1040,137,2024-11-03,527.33,Pending,
8671,602,269,2024-05-02,1306.14,Delivered,53
8672,1006,232,2024-10-14,237.33,Delivered,52
8673,724,222,2024-12-18,148.14,Delivered,24
8674,1370,188,2024-10-29,123.88,Delivered,47
8675,604,143,2024-12-18,236.5,Delivered,60
8676,255,239,2024-11-30,1260.84,Delivered,69
8677,1284,125,2024-12-01,1046.35,Delivered,31
8678,72,158,2024-01-31,1275.48,Cancelled,
8679,1176,144,2024-12-21,994.77,Cancelled,
8680,458,158,2024-11-22,828.78,Delivered,41
8681,1026,142,2024-01-25,214.38,Delivered,69
8682,320,257,2024-12-18,781.11,Delivered,50
8683,754,174,2024-02-11,229.38,Cancelled,
8684,18,263,2024-11-10,160.98,Delivered,21
8685,1687,134,2024-11-29,1275.68,Delivered,42
8686,583,285,2024-06-21,1034.95,Delivered,39
8687,313,248,2024-12-18,1074.56,Delivered,17
8688,1297,126,2024-11-17,458.8,Delivered,49
8689,1883,277,2024-10-23,556.71,Delivered,67
8690,1154,122,2024-09-26,499.42,Delivered,37
8691,557,272,2024-10-25,489.21,Cancelled,
8692,289,191,2024-12-23,305.42,Delivered,33
8693,1003,165,2024-06-05,1488.28,Delivered,43
8694,1714,193,2024-10-18,459.98,Delivered,31
8695,1666,199,2024-12-25,496.9,Delivered,34
8696,862,278,2024-09-05,533.25,Delivered,66
8697,599,290,2024-11-20,288.48,Pending,
8698,1549,231,2024-07-20,517.19,Delivered,70
8699,36,244,2024-01-13,450.0,Delivered,45
8700,1902,243,2024-11-04,432.63,Delivered,29
8701,1592,212,2024-11-12,1427.8,Delivered,31
8702,1080,157,2024-09-06,778.85,Delivered,62
8703,1592,213,2024-07-04,451.9,Delivered,25
8704,528,130,2024-11-20,1458.97,Delivered,60
8705,417,235,2024-05-20,1160.18,Delivered,33
8706,973,136,2024-12-25,1297.67,Delivered,17
8707,911,177,2024-11-02,776.22,Delivered,67
8708,978,113,2024-01-27,1298.26,Delivered,25
8709,481,253,2024-11-05,879.86,Pending,
8710,1849,226,2024-04-17,416.56,Delivered,25
8711,199,101,2024-09-28,364.87,Cancelled,
8712,749,192,2024-10-06,1349.56,Delivered,41
8713,1934,158,2024-11-05,838.43,Delivered,66
8714,1579,297,2024-02-21,1118.16,Pending,
8715,1072,189,2024-10-15,1088.16,Pending,
8716,1994,282,2024-09-27,271.45,Delivered,66
8717,1955,255,2024-04-02,885.91,Cancelled,
8718,1676,282,2024-05-26,288.86,Delivered,41
8719,523,149,2024-12-28,923.52,Delivered,36
8720,386,180,2024-11-18,889.37,Cancelled,
8721,1459,126,2024-08-15,278.67,Delivered,32
8722,104,245,2024-04-20,359.34,Delivered,32
8723,1588,151,2024-01-17,1312.27,Delivered,58
8724,1517,296,2024-02-27,626.65,Delivered,23
8725,601,266,2024-12-12,822.08,Cancelled,
8726,1567,144,2024-11-30,803.82,Delivered,46
8727,244,135,2024-12-27,333.82,Cancelled,
8728,1269,239,2024-08-09,1408.36,Delivered,18
8729,301,178,2024-10-18,1484.97,Delivered,45
8730,1568,142,2024-05-28,1012.03,Delivered,26
8731,77,213,2024-10-25,979.91,Delivered,37
8732,294,239,2024-11-05,1407.58,Cancelled,
8733,1010,230,2024-02-24,696.72,Delivered,69
8734,1873,115,2024-09-30,167.64,Delivered,32
8735,608,106,2024-08-26,712.61,Delivered,22
8736,1363,133,2024-11-24,292.66,Cancelled,
8737,754,124,2024-11-02,127.09,Delivered,70
8738,842,293,2024-08-29,1305.32,Delivered,52
8739,1595,222,2024-05-01,868.17,Cancelled,
8740,1990,264,2024-02-16,1143.12,Pending,
8741,552,194,2024-07-17,417.62,Delivered,26
8742,220,145,2024-02-09,850.34,Delivered,41
8743,397,222,2024-06-18,1255.53,Delivered,23
8744,1221,270,2024-01-17,1141.51,Delivered,63
8745,1475,123,2024-11-24,314.04,Cancelled,
8746,51,193,2024-12-20,736.1,Delivered,50
8747,1481,145,2024-03-22,1309.28,Delivered,51
8748,328,184,2024-12-26,1222.13,Delivered,67
8749,1548,281,2024-09-10,626.48,Delivered,42
8750,1233,124,2024-11-22,1359.13,Delivered,28
8751,789,187,2024-12-17,1395.59,Delivered,25
8752,1707,153,2024-05-10,-711.78,Cancelled,
8753,1776,199,2024-03-05,334.31,Cancelled,
8754,799,119,2024-11-25,716.3,Delivered,32
8755,1649,192,2024-06-20,1415.57,Delivered,33
8756,1483,294,2024-11-02,604.03,Delivered,31
8757,1987,138,2024-11-05,729.85,Delivered,39
8758,557,159,2024-11-12,1278.75,Delivered,17
8759,1423,266,2024-12-24,1151.02,Pending,
8760,1275,225,2024-04-23,196.73,Delivered,17
8761,252,190,2024-06-24,428.37,Delivered,26
8762,1899,124,2024-12-17,994.85,Delivered,32
8763,1663,147,2024-11-05,586.21,Delivered,28
8764,1722,264,2024-02-01,1085.25,Delivered,68
8765,1123,107,2024-09-19,437.35,Pending,
8766,1472,292,2024-06-29,1480.45,Delivered,42
8767,535,183,2024-12-05,727.67,Cancelled,
8768,1177,245,2024-12-30,776.36,Delivered,37
8769,1503,175,2024-11-19,913.27,Delivered,61
8770,1575,178,2024-12-03,334.61,Cancelled,
8771,669,204,2024-10-26,1471.37,Pending,
8772,672,116,2024-08-19,831.5,Delivered,66
8773,986,147,2024-04-29,179.42,Pending,
8774,220,186,2024-10-05,1301.95,Cancelled,
8775,1070,273,2024-10-31,466.15,Delivered,21
8776,1733,255,2024-12-13,1367.84,Delivered,66
8777,581,206,2024-11-26,1099.45,Delivered,44
8778,689,144,2024-12-27,247.7,Delivered,61
8779,301,287,2024-07-07,1315.85,Delivered,27
8780,652,119,2024-10-13,1286.16,Delivered,43
8781,114,194,2024-11-11,158.18,Delivered,39
8782,157,157,2024-01-11,191.14,Delivered,66
8783,835,171,2024-02-25,970.49,Cancelled,
8784,323,282,2024-12-02,504.56,Delivered,28
8785,876,227,2024-12-30,119.89,Delivered,24
8786,1453,287,2024-09-25,1349.44,Delivered,17
8787,146,124,2024-04-07,1338.51,Delivered,60
8788,993,108,2024-02-21,840.64,Delivered,68
8789,940,252,2024-11-29,766.53,Delivered,45
8790,443,264,2024-11-26,1222.74,Delivered,43
8791,707,257,2024-11-19,679.29,Delivered,20
8792,89,105,2024-11-22,952.96,Cancelled,
8793,964,175,2024-12-08,1064.66,Delivered,19
8794,1052,156,2024-12-10,1045.82,Delivered,39
8795,1524,119,2024-07-12,231.25,Pending,
8796,1865,187,2024-08-20,157.42,Cancelled,
8797,128,106,2024-12-28,309.53,Delivered,23
8798,1485,130,2024-11-25,883.44,Delivered,70
8799,1934,258,2024-11-06,1282.82,Delivered,22
8800,1890,120,2024-10-06,1372.13,Delivered,51
8801,402,169,2024-02-27,107.27,Delivered,44
8802,894,258,2024-09-01,1280.32,Delivered,68
8803,226,173,2024-02-10,214.19,Delivered,29
8804,1713,146,2024-03-18,607.92,Delivered,31
8805,1584,135,2024-10-29,1411.65,Pending,
8806,1293,199,2024-11-28,304.2,Delivered,70
8807,993,106,2024-03-20,1237.84,Delivered,69
8808,618,253,2024-06-16,150.45,Delivered,60
8809,565,290,2024-12-15,217.08,Pending,
8810,1359,137,2024-05-14,991.12,Delivered,36
8811,1425,220,2024-11-12,1271.98,Delivered,15
8812,1803,144,2024-12-31,452.56,Delivered,41
8813,441,163,2024-04-01,418.0,Cancelled,
8814,1289,183,2024-11-28,796.83,Delivered,69
8815,1406,150,2024-11-09,123.29,Delivered,59
8816,423,258,2024-03-07,120.08,Delivered,64
8817,1074,207,2024-08-24,492.1,Pending,
8818,1812,143,2024-12-17,784.87,Delivered,46
8819,1868,150,2024-01-23,1389.64,Delivered,54
8820,886,159,2024-12-07,1380.3,Delivered,40
8821,1776,215,2024-08-11,344.49,Delivered,17
8822,1296,141,2024-12-29,952.16,Delivered,56
8823,639,257,2024-11-22,158.19,Cancelled,
8824,252,207,2024-12-08,558.7,Delivered,68
8825,1987,183,2024-05-15,1126.07,Delivered,37
8826,959,219,2024-03-01,443.16,Cancelled,
8827,228,189,2024-11-10,751.83,Delivered,55
8828,1726,145,2024-08-25,1177.65,Delivered,65
8829,1591,145,2024-07-12,696.75,Delivered,31
8830,1549,288,2024-05-28,279.33,Delivered,64
8831,1217,298,2024-08-07,1064.03,Delivered,55
8832,564,266,2024-12-27,1121.36,Delivered,24
8833,1318,126,2024-04-29,638.65,Delivered,63
8834,1744,245,2024-12-27,1381.57,Pending,
8835,1133,145,2024-04-20,291.03,Delivered,34
8836,1617,186,2024-04-21,588.75,Delivered,47
8837,1657,142,2024-09-25,938.14,Delivered,67
8838,748,298,2024-07-07,524.57,Delivered,57
8839,11,157,2024-11-10,866.05,Delivered,0
8840,477,263,2024-07-22,202.52,Delivered,38
8841,1377,217,2024-01-05,239.02,Delivered,20
8842,236,121,2024-09-27,251.14,Delivered,68
8843,315,155,2024-11-15,953.38,Delivered,50
8844,151,129,2024-08-24,1325.43,Delivered,36
8845,80,248,2024-07-11,382.79,Cancelled,
8846,1804,264,2024-07-07,1341.78,Delivered,22
8847,1786,195,2024-12-11,1413.96,Pending,
8848,1699,124,2024-12-11,909.55,Delivered,33
8849,453,104,2024-11-29,783.37,Delivered,63
8850,29,274,2024-07-22,892.2,Delivered,43
8851,1318,206,2024-10-10,111.93,Pending,
8852,355,198,2024-03-25,1319.87,Cancelled,
8853,855,289,2024-12-11,240.64,Delivered,30
8854,163,292,2024-11-21,420.16,Pending,
8855,1771,222,2024-05-21,252.29,Delivered,42
8856,1478,175,2024-11-14,143.03,Delivered,57
8857,1641,166,2024-02-27,493.8,Delivered,47
8858,1503,152,2024-09-16,1320.91,Delivered,41
8859,,177,2024-03-09,1066.74,Delivered,34
8860,1787,114,2024-05-25,1019.3,Delivered,30
8861,1143,250,2024-12-26,570.47,Pending,
8862,1943,251,2024-03-23,1012.37,Delivered,67
8863,1244,218,2024-10-11,1419.65,Pending,
8864,366,148,2024-05-27,575.81,Delivered,16
8865,1492,267,2024-03-18,270.97,Delivered,22
8866,615,263,2024-07-23,265.83,Cancelled,
8867,913,235,2024-11-17,620.47,Delivered,61
8868,710,213,2024-10-06,632.39,Delivered,62
8869,883,253,2024-12-20,400.93,Delivered,66
8870,495,288,2024-01-17,1144.48,Delivered,56
8871,710,289,2024-04-10,932.78,Delivered,70
8872,1310,195,2024-04-15,736.2,Cancelled,
8873,1369,292,2024-11-11,1244.0,Delivered,34
8874,742,236,2024-09-07,1229.38,Delivered,29
8875,195,289,2024-02-02,722.87,Delivered,46
8876,487,271,2024-12-05,374.56,Delivered,33
8877,1705,245,2024-03-04,571.66,Delivered,42
8878,1187,180,2024-12-05,793.66,Pending,
8879,975,118,2024-02-05,423.37,Delivered,37
8880,1836,279,2024-12-14,918.27,Delivered,37
8881,1605,172,2024-03-30,563.12,Delivered,61
8882,1861,224,2024-11-27,1200.47,Delivered,58
8883,1595,152,2024-08-08,215.42,Delivered,15
8884,1320,254,2024-10-08,688.98,Pending,
8885,1355,285,2024-10-12,510.56,Cancelled,
8886,986,185,2024-11-14,655.82,Cancelled,
8887,1619,136,2024-12-07,715.42,Delivered,17
8888,1694,199,2024-10-30,245.38,Delivered,61
8889,1120,181,2024-07-21,825.18,Delivered,33
8890,162,208,2024-12-06,431.2,Delivered,64
8891,1854,122,2024-11-24,1159.5,Pending,
8892,651,180,2024-03-28,641.58,Delivered,21
8893,1061,111,2024-12-20,1018.86,Delivered,60
8894,503,293,2024-05-07,337.69,Delivered,62
8895,251,241,2024-11-10,302.46,Delivered,42
8896,1678,191,2024-04-12,1073.35,Delivered,68
8897,902,289,2024-11-13,821.78,Cancelled,
8898,161,266,2024-09-18,504.78,Delivered,32
8899,631,151,2024-11-29,1004.02,Delivered,67
8900,1384,296,2024-08-18,1133.32,Cancelled,
8901,1885,175,2024-12-26,510.9,Delivered,67
8902,1723,292,2024-06-26,1314.94,Pending,
8903,431,125,2024-04-12,1160.88,Delivered,29
8904,1760,163,2024-04-10,155.66,Cancelled,
8905,1505,191,2024-09-15,1239.08,Delivered,70
8906,115,217,2024-04-05,1258.21,Delivered,16
8907,935,285,2024-08-06,697.46,Delivered,51
8908,1313,273,2024-09-20,1411.09,Delivered,42
8909,168,113,2024-11-11,673.66,Delivered,70
8910,1736,289,2024-11-24,1168.54,Delivered,46
8911,556,128,2024-05-12,189.76,Delivered,15
8912,1382,293,2024-04-10,896.33,Pending,
8913,581,232,2024-06-11,916.29,Delivered,18
8914,15,102,2024-10-09,1024.12,Delivered,15
8915,1847,232,2024-07-17,985.05,Pending,
8916,1818,242,2024-11-13,1095.29,Delivered,45
8917,167,245,2024-12-07,905.98,Delivered,50
8918,1723,128,2024-09-30,769.02,Delivered,21
8919,847,186,2024-12-24,834.63,Delivered,44
8920,1510,193,2024-01-05,243.56,Delivered,48
8921,883,283,2024-06-12,1149.16,Delivered,41
8922,269,179,2024-02-14,567.31,Pending,
8923,1259,158,2024-11-06,1369.77,Delivered,70
8924,894,187,2024-02-11,782.49,Cancelled,
8925,412,120,2024-12-24,960.01,Cancelled,
8926,1845,175,2024-02-29,435.01,Delivered,60
8927,1990,291,2024-08-06,1220.15,Delivered,36
8928,1264,164,2024-08-04,1022.93,Delivered,20
8929,1765,233,2024-06-13,712.21,Delivered,55
8930,1586,187,2024-11-13,934.59,Cancelled,
8931,348,221,2024-11-21,452.57,Delivered,41
8932,353,237,2024-12-17,1481.66,Delivered,33
8933,249,160,2024-01-13,362.96,Delivered,40
8934,26,283,2024-10-30,682.15,Pending,
8935,904,184,2024-11-26,1142.86,Delivered,59
8936,646,178,2024-10-02,299.37,Pending,
8937,1736,226,2024-12-05,1023.33,Delivered,63
8938,261,185,2024-09-18,860.62,Cancelled,
8939,1963,221,2024-11-02,1359.81,Delivered,18
8940,447,297,2024-11-04,391.2,Delivered,38
8941,111,240,2024-07-31,552.5,Delivered,54
8942,1153,210,2024-04-22,863.72,Delivered,33
8943,982,226,2024-11-19,221.49,Delivered,62
8944,489,265,2024-12-22,1391.0,Delivered,31
8945,1770,123,2024-11-23,1187.15,Delivered,54
8946,1496,286,2024-11-13,1422.02,Delivered,68
8947,784,194,2024-03-21,1428.94,Delivered,41
8948,1676,228,2024-04-30,1348.75,Delivered,28
8949,770,213,2024-09-06,735.81,Delivered,69
8950,195,109,2024-12-16,882.16,Delivered,52
8951,961,132,2024-02-27,827.68,Delivered,15
8952,447,272,2024-05-20,149.24,Delivered,36
8953,1510,294,2024-09-01,1130.41,Delivered,46
8954,406,276,2024-03-10,1241.75,Delivered,28
8955,164,271,2024-11-25,652.39,Delivered,59
8956,737,125,2024-09-13,1404.93,Cancelled,
8957,1042,231,2024-11-24,971.07,Pending,
8958,1125,232,2024-06-28,1294.97,Cancelled,
8959,1269,288,2024-08-26,1080.8,Cancelled,
8960,175,126,2024-12-08,221.25,Delivered,41
8961,138,266,2024-01-28,1403.43,Delivered,66
8962,462,264,2024-06-30,235.01,Pending,
8963,1762,267,2024-04-14,1427.56,Cancelled,
8964,1374,233,2024-07-19,828.31,Delivered,49
8965,1989,270,2024-10-19,835.22,Delivered,16
8966,43,159,2024-11-24,1415.05,Delivered,18
8967,1314,159,2024-06-11,1382.21,Delivered,21
8968,198,170,2024-01-21,1128.07,Delivered,38
8969,1729,125,2024-04-24,402.4,Delivered,68
8970,1153,173,2024-08-31,712.14,Delivered,60
8971,1292,293,2024-12-18,198.92,Delivered,49
8972,554,262,2024-03-25,1157.23,Cancelled,
8973,111,178,2024-04-15,830.11,Delivered,49
8974,910,202,2024-12-14,1151.47,Cancelled,
8975,843,226,2024-02-28,1429.77,Delivered,36
8976,615,262,2024-12-18,195.54,Delivered,61
8977,465,131,2024-11-12,1408.3,Pending,
8978,1284,149,2024-06-04,881.86,Delivered,30
8979,1905,117,2024-12-28,170.73,Pending,
8980,1569,185,2024-01-22,536.54,Delivered,70
8981,360,172,2024-12-13,731.63,Delivered,40
8982,1468,165,2024-11-15,1217.51,Delivered,28
8983,159,153,2024-12-10,308.74,Delivered,33
8984,1812,261,2024-09-19,901.28,Cancelled,
8985,1785,201,2024-11-04,1163.5,Cancelled,
8986,1241,269,2024-05-30,1118.61,Delivered,21
8987,72,127,2024-09-10,1349.28,Pending,
8988,1571,135,2024-11-21,1350.73,Cancelled,
8989,1571,187,2024-09-08,1057.4,Delivered,30
8990,165,158,2024-12-13,184.51,Delivered,52
8991,798,121,2024-08-02,1078.73,Delivered,20
8992,1250,202,2024-09-03,228.67,Delivered,45
8993,106,209,2024-12-14,843.8,Delivered,64
8994,1040,212,2024-12-19,1392.31,Delivered,43
8995,1048,196,2024-08-17,747.49,Cancelled,
8996,252,146,2024-12-07,899.03,Delivered,69
8997,1422,268,2024-02-14,789.72,Cancelled,
8998,3,271,2024-09-07,991.71,Delivered,23
8999,351,266,2024-08-05,1184.82,Delivered,34
9000,690,147,2024-05-28,1428.6,Delivered,59
9001,1986,103,2025-06-15,795.77,Delivered,41
9002,1604,174,2024-06-23,1266.89,Delivered,62
9003,1223,123,2024-10-03,680.46,Delivered,53
9004,1334,231,2024-05-19,943.11,Delivered,59
9005,366,102,2024-12-07,297.71,Delivered,50
9006,1760,204,2024-01-14,1007.44,Delivered,45
9007,752,196,2024-09-08,843.82,Delivered,35
9008,992,281,2024-07-16,1341.55,Delivered,15
9009,1188,137,2024-12-31,685.97,Delivered,16
9010,1866,230,2024-11-08,310.13,Delivered,44
9011,760,105,2024-11-08,329.08,Delivered,34
9012,1542,162,2024-07-10,1123.29,Delivered,51
9013,576,181,2024-11-27,1002.02,Delivered,21
9014,587,298,2024-12-03,1440.1,Delivered,26
9015,298,269,2024-11-28,699.86,Delivered,50
9016,312,275,2024-01-31,773.8,Delivered,18
9017,101,137,2024-12-03,1181.54,Pending,
9018,1387,295,2024-02-27,980.55,Delivered,53
9019,1235,200,2024-11-04,442.46,Delivered,63
9020,1630,257,2024-05-05,807.66,Delivered,48
9021,914,210,2024-04-17,872.38,Delivered,48
9022,1190,236,2024-12-02,271.86,Cancelled,
9023,431,243,2024-08-10,1453.47,Delivered,39
9024,714,147,2024-05-07,565.67,Cancelled,
9025,1656,263,2024-12-29,984.53,Delivered,45
9026,1113,226,2024-12-10,603.87,Delivered,52
9027,1237,234,2024-12-30,822.98,Delivered,16
9028,1366,151,2024-05-28,347.11,Delivered,18
9029,1109,202,2024-03-19,671.66,Delivered,26
9030,1095,123,2024-08-18,665.82,Cancelled,
9031,1518,214,2024-10-02,1294.72,Cancelled,
9032,1374,283,2024-12-08,775.01,Pending,
9033,139,256,2024-12-11,906.72,Delivered,42
9034,1027,247,2024-04-26,404.09,Delivered,28
9035,1418,225,2024-12-12,694.25,Delivered,23
9036,795,131,2024-11-15,438.26,Delivered,50
9037,1420,221,2024-07-18,590.26,Pending,
9038,1099,171,2024-02-26,959.76,Delivered,63
9039,806,121,2024-12-07,521.6,Delivered,30
9040,1935,194,2024-04-03,470.17,Delivered,69
9041,418,254,2024-08-31,1171.67,Delivered,57
9042,1433,234,2024-10-31,751.1,Pending,
9043,1903,274,2024-04-26,811.37,Delivered,48
9044,1587,103,2024-12-09,1236.51,Pending,
9045,879,212,2024-12-24,895.82,Delivered,56
9046,1634,181,2024-06-16,190.71,Delivered,54
9047,59,180,2024-08-27,1146.7,Delivered,61
9048,1244,225,2024-04-25,1270.88,Delivered,30
9049,782,176,2024-07-19,240.46,Delivered,46
9050,1023,285,2024-11-05,990.41,Cancelled,
9051,292,139,2024-12-14,700.99,Delivered,61
9052,1383,122,2024-06-14,1408.05,Delivered,17
9053,22,138,2024-03-10,744.3,Delivered,62
9054,123,222,2024-11-09,758.52,Delivered,59
9055,1154,163,2024-12-20,154.18,Delivered,21
9056,517,192,2024-12-05,628.28,Delivered,22
9057,1906,212,2024-02-06,316.92,Delivered,46
9058,701,102,2024-11-25,956.61,Delivered,37
9059,750,236,2024-06-26,1399.12,Delivered,70
9060,1199,270,2024-11-09,1313.28,Delivered,35
9061,729,212,2024-11-13,354.1,Delivered,34
9062,1522,238,2024-06-07,491.5,Delivered,27
9063,1274,299,2024-07-10,1018.34,Cancelled,
9064,824,245,2024-04-16,1412.87,Delivered,50
9065,163,182,2024-06-16,922.16,Delivered,45
9066,28,190,2024-12-10,1169.43,Delivered,60
9067,134,104,2024-04-16,675.68,Delivered,56
9068,1609,117,2024-09-22,1292.23,Delivered,17
9069,1444,229,2024-02-02,734.73,Delivered,16
9070,1407,197,2024-11-03,420.88,Pending,
9071,298,118,2024-11-08,863.32,Pending,
9072,1194,255,2024-10-16,655.13,Pending,
9073,1181,161,2024-12-11,361.93,Delivered,18
9074,739,137,2024-11-22,166.27,Delivered,70
9075,107,244,2024-02-24,899.34,Delivered,56
9076,837,114,2024-12-16,864.82,Pending,
9077,1162,208,2024-12-09,1410.04,Delivered,50
9078,1994,170,2024-10-31,931.93,Delivered,49
9079,1933,210,2024-06-06,742.68,Delivered,46
9080,1314,114,2024-07-09,454.88,Cancelled,
9081,627,236,2024-06-21,658.75,Delivered,29
9082,57,287,2024-11-23,649.5,Delivered,52
9083,1329,180,2024-11-25,1320.25,Delivered,15
9084,1760,125,2024-12-26,1370.99,Delivered,36
9085,108,207,2024-07-10,1303.66,Delivered,68
9086,114,193,2024-11-22,964.6,Pending,
9087,1747,193,2024-12-22,740.88,Delivered,46
9088,1102,248,2024-12-21,766.82,Delivered,52
9089,198,255,2024-11-17,416.05,Delivered,51
9090,1728,252,2024-11-12,555.85,Delivered,20
9091,1422,297,2024-07-17,1231.24,Delivered,52
9092,256,107,2024-11-27,1369.13,Delivered,46
9093,146,296,2024-06-06,362.21,Delivered,25
9094,166,126,2024-12-10,913.24,Delivered,42
9095,1328,207,2024-03-09,428.38,Cancelled,
9096,394,262,2024-02-25,1195.9,Delivered,15
9097,,238,2024-11-16,617.99,Delivered,30
9098,1006,237,2024-01-07,390.2,Delivered,28
9099,1639,151,2024-04-02,820.96,Delivered,55
9100,315,194,2024-07-25,1450.17,Pending,
9101,805,206,2024-01-18,1147.09,Delivered,50
9102,84,109,2024-11-23,1370.39,Delivered,59
9103,1544,156,2024-06-16,756.77,Delivered,70
9104,1828,114,2024-06-09,477.38,Pending,
9105,1410,292,2024-06-19,735.68,Delivered,50
9106,1302,113,2024-08-20,969.39,Delivered,54
9107,1898,286,2024-05-24,1331.88,Pending,
9108,1785,130,2024-12-18,1280.08,Delivered,33
9109,556,210,2024-11-01,1020.94,Delivered,31
9110,227,217,2024-10-31,1314.75,Delivered,38
9111,850,137,2024-07-19,699.47,Pending,
9112,742,175,2024-06-09,1033.87,Delivered,64
9113,1790,263,2024-04-22,796.68,Cancelled,
9114,872,211,2024-11-13,1345.23,Delivered,25
9115,1358,159,2024-12-29,1183.45,Delivered,29
9116,1832,244,2024-11-27,353.41,Delivered,42
9117,1992,169,2024-06-07,959.46,Delivered,48
9118,1328,201,2024-11-24,1341.09,Pending,
9119,1059,160,2024-12-30,569.21,Delivered,57
9120,767,293,2024-11-05,1021.56,Delivered,55
9121,409,120,2024-04-10,583.71,Delivered,67
9122,224,214,2024-03-24,779.21,Delivered,45
9123,385,177,2024-12-23,908.69,Delivered,43
9124,350,292,2024-12-19,968.83,Delivered,45
9125,1564,198,2024-12-14,1460.86,Delivered,50
9126,329,144,2024-12-04,577.58,Pending,
9127,1941,170,2024-03-02,401.65,Delivered,59
9128,1396,275,2024-01-08,838.81,Delivered,43
9129,561,108,2024-04-09,954.11,Delivered,51
9130,1288,208,2024-12-01,586.1,Delivered,43
9131,994,251,2024-01-29,638.81,Pending,
9132,1840,163,2024-05-14,309.07,Delivered,20
9133,1037,110,2024-05-13,567.24,Delivered,52
9134,1839,270,2024-11-06,616.78,Delivered,47
9135,1963,211,2024-12-05,451.54,Delivered,42
9136,1731,298,2024-11-28,167.14,Delivered,31
9137,1243,131,2024-11-20,397.28,Delivered,46
9138,1412,190,2024-01-11,234.92,Delivered,39
9139,1256,125,2024-12-30,1042.46,Delivered,58
9140,1936,177,2024-06-28,1333.53,Delivered,27
9141,974,209,2024-09-22,478.18,Delivered,27
9142,548,119,2024-09-16,196.32,Delivered,46
9143,228,247,2024-11-24,242.99,Delivered,37
9144,209,180,2024-02-20,491.68,Delivered,35
9145,1090,299,2024-12-01,1300.47,Delivered,50
9146,75,220,2024-11-25,696.88,Delivered,69
9147,1780,233,2024-11-16,437.74,Pending,
9148,1063,118,2024-10-03,535.31,Delivered,69
9149,960,283,2024-11-12,1013.0,Delivered,67
9150,1218,255,2024-12-29,124.48,Delivered,61
9151,1920,199,2024-11-21,104.49,Delivered,57
9152,15,197,2024-05-13,600.66,Delivered,58
9153,1250,258,2024-11-05,1274.09,Cancelled,
9154,473,155,2024-11-11,790.17,Delivered,30
9155,1464,136,2024-08-21,356.68,Delivered,65
9156,1017,157,2024-11-09,1299.95,Delivered,31
9157,1703,154,2024-12-11,640.17,Delivered,36
9158,1199,113,2024-11-14,599.29,Delivered,68
9159,289,143,2024-12-02,1375.23,Delivered,52
9160,422,114,2024-06-25,1305.7,Cancelled,
9161,1820,149,2024-07-08,235.17,Delivered,66
9162,1259,251,2024-03-15,689.13,Delivered,67
9163,127,284,2024-12-05,971.01,Cancelled,
9164,321,220,2024-10-31,1080.92,Delivered,31
9165,1341,279,2024-12-28,1293.44,Delivered,20
9166,1621,118,2024-02-15,1081.68,Delivered,38
9167,860,180,2024-11-24,1469.25,Delivered,59
9168,739,174,2024-03-29,699.22,Delivered,41
9169,261,239,2024-10-21,1022.44,Delivered,27
9170,1067,167,2024-12-24,747.5,Delivered,49
9171,1324,253,2024-12-06,520.86,Pending,
9172,1158,143,2024-11-04,997.36,Delivered,70
9173,996,183,2024-11-17,971.74,Cancelled,
9174,728,202,2024-02-22,327.35,Pending,
9175,1379,259,2024-08-11,382.59,Delivered,42
9176,1005,205,2024-08-20,181.52,Delivered,62
9177,7,121,2024-12-10,199.94,Delivered,56
9178,1557,280,2024-09-09,599.01,Delivered,56
9179,1592,275,2024-04-01,203.18,Delivered,62
9180,1048,155,2024-06-20,503.93,Delivered,63
9181,1606,217,2024-12-02,836.93,Delivered,54
9182,871,234,2024-10-14,1070.39,Delivered,24
9183,762,174,2024-12-09,1299.97,Delivered,59
9184,510,294,2024-12-31,189.69,Delivered,46
9185,401,275,2024-07-13,687.97,Delivered,65
9186,886,237,2024-11-23,891.1,Delivered,62
9187,524,221,2024-11-22,766.15,Delivered,41
9188,1826,127,2024-11-02,1030.25,Delivered,17
9189,1641,155,2024-03-24,351.31,Delivered,60
9190,287,154,2024-07-05,249.25,Delivered,70
9191,1666,207,2024-04-24,290.96,Delivered,50
9192,728,167,2024-11-08,1409.67,Delivered,67
9193,473,261,2024-12-17,1498.79,Delivered,22
9194,605,168,2024-12-28,764.73,Delivered,56
9195,75,169,2024-12-23,965.02,Cancelled,
9196,1114,213,2024-09-13,1233.72,Delivered,58
9197,256,264,2024-11-06,240.59,Delivered,42
9198,1100,177,2024-12-28,344.85,Delivered,27
9199,692,191,2024-07-31,955.16,Delivered,28
9200,394,284,2024-10-15,1087.98,Delivered,17
9201,1795,188,2024-10-17,736.99,Delivered,27
9202,1441,241,2024-11-18,577.03,Delivered,44
9203,1981,244,2024-08-11,994.38,Delivered,55
9204,781,102,2024-04-20,561.63,Delivered,16
9205,1385,250,2024-12-09,956.74,Pending,
9206,888,231,2024-02-10,939.59,Delivered,15
9207,987,279,2024-09-10,1413.19,Delivered,51
9208,1171,256,2024-12-07,834.45,Delivered,51
9209,1324,132,2024-11-17,895.41,Pending,
9210,1987,275,2024-07-18,264.79,Delivered,57
9211,171,254,2024-01-05,150.56,Delivered,20
9212,742,187,2024-12-24,1377.93,Pending,
9213,1558,202,2024-08-19,395.04,Delivered,27
9214,340,222,2024-12-02,1185.25,Delivered,41
9215,1972,212,2024-09-29,616.57,Pending,
9216,1707,291,2024-11-04,224.45,Delivered,19
9217,122,283,2024-07-26,596.34,Delivered,34
9218,1436,258,2024-11-29,389.44,Delivered,61
9219,745,276,2024-04-12,209.44,Delivered,37
9220,899,227,2024-11-02,1405.14,Delivered,57
9221,1583,137,2024-10-20,680.09,Pending,
9222,1886,262,2024-10-23,1168.66,Pending,
9223,785,257,2024-04-06,1484.12,Pending,
9224,614,153,2024-11-10,363.68,Delivered,51
9225,567,297,2024-12-17,241.99,Delivered,60
9226,1782,241,2024-08-05,294.53,Delivered,63
9227,1280,232,2024-11-02,1054.98,Delivered,56
9228,1177,285,2024-11-12,918.65,Delivered,22
9229,1635,178,2024-05-29,102.99,Delivered,50
9230,715,104,2024-12-26,438.99,Delivered,45
9231,1289,170,2024-11-03,1063.27,Delivered,65
9232,850,166,2024-11-11,340.46,Delivered,34
9233,927,135,2024-11-17,1065.04,Delivered,33
9234,698,155,2024-07-22,118.36,Delivered,23
9235,520,107,2024-02-12,734.97,Delivered,23
9236,753,273,2024-12-06,1079.01,Delivered,48
9237,1334,187,2024-04-05,733.09,Delivered,47
9238,1754,146,2024-11-06,867.32,Pending,
9239,210,143,2024-12-20,1471.23,Delivered,39
9240,252,167,2024-10-01,154.78,Cancelled,
9241,4,142,2024-12-18,1278.89,Delivered,53
9242,892,273,2024-12-25,1379.37,Delivered,54
9243,159,120,2024-11-28,398.51,Delivered,43
9244,113,135,2024-06-28,1353.44,Delivered,46
9245,1226,222,2024-11-24,172.0,Delivered,44
9246,1564,223,2024-10-08,745.06,Delivered,27
9247,957,123,2024-01-19,1058.51,Delivered,29
9248,492,159,2024-11-12,1394.94,Delivered,36
9249,1948,198,2024-07-31,480.25,Delivered,19
9250,391,161,2024-11-06,599.5,Delivered,47
9251,465,257,2024-12-04,1150.79,Delivered,25
9252,289,206,2024-04-11,221.68,Delivered,28
9253,37,252,2024-11-10,141.1,Delivered,56
9254,1973,268,2024-12-20,895.75,Delivered,19
9255,729,198,2024-04-10,1302.41,Delivered,42
9256,1017,123,2024-11-19,686.2,Delivered,36
9257,171,292,2024-06-15,336.27,Pending,
9258,1546,264,2024-11-08,1333.89,Delivered,68
9259,633,231,2024-04-05,1253.42,Cancelled,
9260,1562,257,2024-12-30,457.92,Delivered,37
9261,1994,213,2024-10-08,435.86,Delivered,37
9262,362,131,2024-09-11,100.17,Delivered,33
9263,14,211,2024-11-09,374.79,Delivered,35
9264,576,111,2024-11-16,1471.94,Pending,
9265,419,103,2024-08-19,1345.96,Delivered,21
9266,819,151,2024-12-10,129.31,Delivered,56
9267,552,247,2024-11-06,1311.92,Delivered,23
9268,780,255,2024-04-12,1249.59,Delivered,34
9269,343,219,2024-02-07,362.5,Delivered,31
9270,1402,181,2024-04-13,642.53,Delivered,47
9271,1327,297,2024-08-09,770.27,Delivered,39
9272,982,262,2024-04-05,640.96,Pending,
9273,837,282,2024-12-27,1203.12,Delivered,28
9274,452,134,2024-10-14,1131.31,Pending,
9275,1944,135,2024-08-19,101.63,Delivered,57
9276,1764,224,2024-12-06,638.73,Delivered,69
9277,1235,173,2024-10-03,592.57,Delivered,62
9278,942,191,2024-03-04,1464.54,Delivered,65
9279,428,240,2024-12-30,556.79,Delivered,40
9280,60,208,2024-04-04,1276.95,Pending,
9281,939,245,2024-11-25,200.28,Delivered,63
9282,23,245,2024-07-14,197.91,Delivered,54
9283,348,259,2024-03-21,1124.41,Cancelled,
9284,1081,254,2024-12-05,806.55,Delivered,42
9285,1165,104,2024-12-22,1084.84,Delivered,33
9286,1508,292,2024-02-06,209.69,Delivered,23
9287,961,155,2024-12-23,1009.97,Delivered,70
9288,1082,261,2024-07-04,993.81,Delivered,59
9289,1787,125,2024-03-12,929.56,Delivered,17
9290,952,140,2024-11-02,1205.16,Delivered,38
9291,1508,242,2024-11-14,906.88,Delivered,19
9292,217,279,2024-11-15,977.07,Cancelled,
9293,1563,290,2024-05-04,857.5,Cancelled,
9294,1233,141,2024-08-27,646.03,Cancelled,
9295,1930,237,2024-05-05,648.1,Pending,
9296,1463,176,2024-12-07,1178.53,Delivered,36
9297,214,178,2024-11-16,1214.75,Delivered,36
9298,942,170,2024-12-27,664.11,Delivered,39
9299,1082,117,2024-12-13,1463.04,Pending,
9300,1303,177,2024-11-10,976.74,Pending,
9301,1440,213,2024-11-11,1280.15,Pending,
9302,163,117,2024-12-18,106.59,Delivered,30
9303,1889,266,2024-11-07,1499.55,Delivered,52
9304,1445,241,2024-11-04,1081.05,Cancelled,
9305,,206,2024-11-12,129.6,Delivered,15
9306,931,293,2024-10-19,1443.27,Delivered,70
9307,579,173,2024-12-25,339.13,Delivered,67
9308,1722,252,2024-12-05,1341.57,Delivered,24
9309,1447,234,2024-12-30,1009.8,Delivered,65
9310,1606,205,2024-11-24,928.66,Delivered,66
9311,367,170,2024-09-23,1137.37,Delivered,70
9312,235,268,2024-04-29,285.8,Pending,
9313,213,151,2024-06-12,775.89,Delivered,19
9314,78,163,2024-03-22,345.3,Delivered,53
9315,549,132,2024-03-06,604.17,Pending,
9316,431,235,2024-12-21,704.29,Delivered,46
9317,1059,119,2024-03-01,675.91,Delivered,60
9318,889,206,2024-05-20,1228.28,Delivered,67
9319,390,144,2024-11-13,182.18,Delivered,64
9320,121,146,2024-11-28,241.4,Delivered,48
9321,1582,273,2024-12-16,269.09,Delivered,50
9322,753,235,2024-11-07,1257.3,Delivered,21
9323,585,199,2024-11-12,1172.27,Delivered,30
9324,1823,187,2024-10-30,1460.33,Pending,
9325,334,231,2024-02-19,1198.43,Delivered,49
9326,233,136,2024-06-21,700.32,Delivered,40
9327,1015,198,2024-03-14,734.19,Delivered,50
9328,1195,147,2024-11-20,876.65,Delivered,70
9329,960,232,2024-08-23,1441.66,Pending,
9330,158,258,2024-12-31,844.5,Delivered,46
9331,1372,214,2024-06-27,1464.77,Delivered,56
9332,1676,296,2024-05-10,764.05,Delivered,55
9333,1137,108,2024-12-03,330.45,Delivered,28
9334,233,281,2024-11-19,1274.02,Delivered,34
9335,1289,124,2024-06-03,1133.15,Delivered,32
9336,1557,176,2024-12-06,750.22,Delivered,24
9337,1632,184,2024-04-23,520.45,Delivered,63
9338,44,124,2024-08-02,836.34,Delivered,30
9339,567,193,2024-11-16,245.59,Delivered,20
9340,1366,123,2024-11-02,400.27,Cancelled,
9341,1590,200,2024-02-06,767.39,Delivered,59
9342,1905,128,2024-07-24,878.9,Delivered,69
9343,848,180,2024-10-02,1044.16,Delivered,65
9344,1313,108,2024-09-24,784.25,Pending,
9345,634,297,2024-02-06,816.64,Pending,
9346,798,247,2024-03-12,416.85,Delivered,31
9347,1837,166,2024-11-23,715.91,Delivered,46
9348,1549,219,2024-12-20,411.41,Delivered,69
9349,402,267,2024-03-19,135.84,Delivered,41
9350,16,270,2024-10-26,1047.84,Delivered,22
9351,978,289,2024-04-09,195.58,Delivered,19
9352,899,115,2024-07-18,692.87,Pending,
9353,1888,197,2024-11-28,287.84,Pending,
9354,1626,193,2024-10-21,401.65,Delivered,47
9355,1927,165,2024-12-01,171.4,Delivered,45
9356,81,300,2024-07-06,1071.37,Delivered,67
9357,1836,141,2024-06-11,643.58,Delivered,39
9358,1756,278,2024-12-13,699.74,Delivered,39
9359,860,218,2024-11-29,1182.28,Delivered,20
9360,1684,131,2024-12-29,791.81,Delivered,48
9361,1411,269,2024-11-21,976.41,Delivered,63
9362,753,246,2024-11-19,925.56,Delivered,66
9363,1942,205,2024-12-16,1319.96,Delivered,37
9364,943,208,2024-11-01,1095.99,Delivered,27
9365,712,256,2024-09-19,1003.86,Pending,
9366,97,233,2024-09-15,703.56,Pending,
9367,1517,149,2024-05-09,385.82,Delivered,25
9368,1214,255,2024-09-10,856.26,Delivered,23
9369,1693,132,2024-01-02,190.37,Delivered,29
9370,1846,250,2024-04-21,113.44,Delivered,32
9371,16,113,2024-12-29,1238.53,Delivered,37
9372,1135,180,2024-12-02,894.15,Delivered,21
9373,1827,178,2024-11-21,705.71,Delivered,24
9374,1709,191,2024-09-07,152.19,Delivered,54
9375,666,257,2024-12-13,1383.91,Delivered,32
9376,801,150,2024-02-04,1188.84,Delivered,48
9377,1567,150,2024-08-03,1333.25,Pending,
9378,1545,239,2024-11-08,672.0,Delivered,20
9379,846,280,2024-12-31,723.11,Cancelled,
9380,1814,118,2024-12-29,740.77,Delivered,53
9381,842,284,2024-10-19,1089.25,Delivered,59
9382,788,260,2024-12-24,480.89,Pending,
9383,1296,258,2024-10-03,861.87,Delivered,57
9384,1304,168,2024-11-08,460.95,Delivered,65
9385,911,293,2024-01-19,606.26,Pending,
9386,1648,221,2024-11-21,157.32,Delivered,25
9387,544,176,2024-09-30,212.49,Pending,
9388,1092,269,2024-07-16,718.67,Delivered,70
9389,52,126,2024-12-06,258.06,Delivered,48
9390,945,116,2024-05-22,1273.08,Delivered,34
9391,1794,144,2024-11-15,487.08,Pending,
9392,1759,180,2024-12-26,1146.0,Pending,
9393,1360,296,2024-06-08,123.31,Delivered,26
9394,639,222,2024-12-17,1118.72,Delivered,68
9395,902,293,2024-11-26,1028.48,Cancelled,
9396,1876,159,2024-12-02,1025.18,Delivered,30
9397,627,182,2024-06-07,655.48,Pending,
9398,581,164,2024-04-01,1269.14,Delivered,70
9399,1875,253,2024-12-31,941.83,Pending,
9400,858,127,2024-12-06,363.47,Cancelled,
9401,1160,101,2024-02-08,1073.12,Pending,
9402,1731,172,2024-08-02,195.41,Delivered,53
9403,1177,196,2024-12-18,155.49,Delivered,40
9404,1494,142,2024-12-14,656.97,Delivered,18
9405,1488,261,2024-03-13,837.34,Delivered,44
9406,1553,252,2024-06-24,623.07,Delivered,66
9407,113,296,2024-11-17,203.18,Delivered,69
9408,1727,297,2024-05-01,157.77,Delivered,61
9409,920,141,2024-08-10,316.66,Delivered,16
9410,336,130,2024-10-03,895.54,Pending,
9411,435,245,2024-06-13,371.44,Delivered,22
9412,1525,159,2024-12-28,649.39,Delivered,57
9413,935,148,2024-12-23,403.16,Delivered,48
9414,1245,150,2024-03-13,418.4,Cancelled,
9415,1826,224,2024-08-03,788.15,Delivered,39
9416,795,240,2024-12-23,360.73,Delivered,63
9417,602,230,2024-11-26,1009.35,Pending,
9418,1238,231,2024-01-19,1342.51,Cancelled,
9419,736,222,2024-05-26,712.1,Delivered,48
9420,694,274,2024-10-08,620.4,Delivered,38
9421,180,299,2024-04-01,487.85,Cancelled,
9422,1163,162,2024-12-04,1053.99,Pending,
9423,1952,193,2024-11-22,302.15,Pending,
9424,1005,154,2024-11-05,871.07,Cancelled,
9425,1087,201,2024-12-10,195.14,Delivered,50
9426,1848,223,2024-08-13,520.81,Delivered,64
9427,404,250,2024-02-09,1435.63,Delivered,27
9428,138,235,2024-04-01,796.23,Delivered,18
9429,1792,205,2024-09-15,1212.4,Delivered,43
9430,1368,283,2024-03-30,1432.29,Delivered,58
9431,1440,108,2024-06-15,758.93,Delivered,40
9432,360,137,2024-07-26,392.94,Delivered,36
9433,190,237,2024-06-11,1180.66,Delivered,29
9434,176,134,2024-12-27,200.44,Delivered,60
9435,1068,133,2024-09-13,998.29,Cancelled,
9436,1277,113,2024-08-08,1025.3,Delivered,35
9437,1614,128,2024-05-09,711.38,Delivered,66
9438,109,127,2024-06-28,893.34,Delivered,44
9439,76,128,2024-12-18,568.68,Delivered,26
9440,794,179,2024-11-08,468.15,Delivered,38
9441,686,140,2024-11-03,605.81,Cancelled,
9442,1150,216,2024-04-10,1387.42,Delivered,39
9443,1113,162,2024-12-30,1242.72,Delivered,66
9444,1810,219,2024-02-12,400.04,Delivered,47
9445,103,116,2024-12-17,489.23,Pending,
9446,106,109,2024-09-30,455.62,Delivered,67
9447,1749,186,2024-12-16,780.24,Delivered,58
9448,1322,156,2024-11-11,420.45,Delivered,27
9449,261,270,2024-02-03,869.72,Delivered,41
9450,800,249,2024-05-14,973.15,Delivered,37
9451,1204,232,2024-09-25,480.15,Pending,
9452,1665,293,2024-03-11,908.68,Cancelled,
9453,1828,181,2024-06-20,697.79,Cancelled,
9454,220,266,2024-11-03,975.18,Delivered,34
9455,804,257,2024-06-27,889.55,Delivered,53
9456,126,198,2024-01-15,903.14,Cancelled,
9457,1075,151,2024-08-01,305.86,Delivered,33
9458,831,285,2024-09-14,1353.99,Pending,
9459,1024,146,2024-05-17,1162.8,Delivered,30
9460,169,137,2024-12-16,492.21,Delivered,58
9461,1903,111,2024-03-29,741.94,Delivered,58
9462,1162,112,2024-02-17,1059.61,Delivered,23
9463,78,147,2024-02-07,577.73,Delivered,23
9464,1322,276,2024-02-10,394.3,Pending,
9465,572,109,2024-12-23,251.44,Delivered,57
9466,680,143,2024-09-07,110.99,Pending,
9467,1761,216,2024-07-09,208.23,Delivered,63
9468,95,153,2024-12-31,1115.52,Delivered,45
9469,496,174,2024-08-25,813.27,Delivered,30
9470,330,210,2024-05-11,1332.92,Delivered,42
9471,558,263,2024-12-19,186.61,Delivered,23
9472,448,160,2024-12-05,1231.25,Delivered,30
9473,915,284,2024-09-03,430.57,Delivered,50
9474,703,238,2024-12-09,691.96,Delivered,63
9475,699,255,2024-08-02,863.74,Delivered,32
9476,422,124,2024-12-14,1031.42,Delivered,24
9477,729,194,2024-09-13,958.82,Delivered,62
9478,1264,144,2024-01-11,768.06,Delivered,32
9479,228,133,2024-06-17,754.32,Delivered,43
9480,1850,115,2024-11-13,1084.85,Delivered,68
9481,1725,177,2024-12-15,1245.36,Delivered,62
9482,1692,221,2024-12-08,1449.27,Delivered,21
9483,473,129,2024-12-21,1492.96,Pending,
9484,1708,225,2024-12-13,158.09,Delivered,25
9485,793,176,2024-12-16,1223.33,Delivered,51
9486,1937,172,2024-09-27,501.4,Pending,
9487,438,282,2024-10-31,1220.44,Delivered,27
9488,1755,189,2024-06-25,804.79,Cancelled,
9489,277,197,2024-11-11,1073.08,Cancelled,
9490,717,109,2024-09-08,987.38,Delivered,39
9491,627,148,2024-10-31,342.19,Pending,
9492,1600,213,2024-09-21,1436.14,Pending,
9493,64,226,2024-11-26,1407.28,Delivered,51
9494,1975,227,2024-12-11,974.99,Delivered,52
9495,1455,259,2024-12-16,1056.58,Delivered,51
9496,1683,204,2024-05-16,408.88,Delivered,37
9497,848,137,2024-11-21,1203.49,Delivered,19
9498,1823,120,2024-09-17,760.23,Delivered,15
9499,83,238,2024-04-01,278.96,Delivered,37
9500,483,134,2024-01-22,858.51,Delivered,51
9501,1472,192,2024-01-26,840.79,Pending,
9502,63,175,2024-02-06,1289.01,Delivered,68
9503,1740,104,2024-05-26,758.23,Pending,
9504,372,168,2024-06-29,1355.7,Delivered,64
9505,250,225,2024-11-02,1206.76,Delivered,35
9506,120,289,2024-09-28,981.42,Pending,
9507,748,219,2024-01-20,355.93,Delivered,22
9508,870,106,2024-11-22,174.48,Delivered,70
9509,697,104,2024-04-12,277.3,Cancelled,
9510,1607,116,2024-12-21,1041.24,Delivered,69
9511,1859,171,2024-12-04,1458.78,Delivered,53
9512,1667,166,2024-11-21,1140.45,Delivered,34
9513,782,238,2024-08-27,655.17,Delivered,41
9514,1258,131,2024-12-15,807.04,Delivered,16
9515,11,104,2024-02-26,396.42,Cancelled,
9516,539,149,2024-05-18,784.75,Delivered,16
9517,1553,222,2024-12-21,349.61,Delivered,24
9518,666,286,2024-12-16,859.06,Delivered,29
9519,985,210,2024-03-25,999.08,Delivered,70
9520,429,285,2024-11-21,162.16,Delivered,32
9521,243,221,2024-07-07,746.55,Delivered,67
9522,896,121,2024-12-11,170.65,Delivered,37
9523,1226,123,2024-03-03,841.54,Delivered,25
9524,1320,288,2024-12-08,1153.02,Delivered,55
9525,1955,153,2024-09-17,1030.6,Delivered,33
9526,115,133,2024-10-28,999.0,Delivered,29
9527,177,182,2024-06-26,986.7,Pending,
9528,98,267,2024-11-30,618.75,Delivered,44
9529,673,126,2024-04-18,253.51,Delivered,62
9530,1484,242,2024-11-12,787.69,Pending,
9531,576,171,2024-12-04,1405.95,Delivered,16
9532,216,271,2024-12-04,222.7,Pending,
9533,752,284,2024-12-12,517.67,Delivered,50
9534,1928,180,2024-11-14,325.18,Delivered,62
9535,574,183,2024-02-03,757.91,Cancelled,
9536,512,159,2024-09-06,1025.55,Delivered,18
9537,865,193,2024-11-02,584.4,Cancelled,
9538,170,148,2024-04-29,210.62,Delivered,49
9539,320,200,2024-12-11,772.69,Delivered,41
9540,1740,299,2024-11-02,947.66,Delivered,42
9541,1424,106,2024-12-02,707.12,Delivered,15
9542,1251,193,2024-02-21,218.92,Pending,
9543,383,241,2024-02-14,1088.6,Cancelled,
9544,642,229,2024-04-22,605.46,Delivered,16
9545,1199,227,2024-11-12,1067.5,Delivered,22
9546,1962,168,2024-03-09,802.23,Delivered,52
9547,194,233,2024-03-02,1022.97,Delivered,56
9548,809,240,2024-05-08,1361.93,Delivered,66
9549,1212,198,2024-12-07,1057.71,Delivered,16
9550,853,297,2024-10-20,1030.11,Delivered,64
9551,703,236,2024-01-28,115.18,Delivered,49
9552,121,270,2024-10-09,1187.94,Delivered,40
9553,1283,163,2024-11-18,963.95,Delivered,47
9554,1061,190,2024-05-28,1473.42,Pending,
9555,492,122,2024-04-05,716.91,Delivered,43
9556,1732,214,2024-04-17,503.98,Cancelled,
9557,1194,276,2024-04-06,292.76,Pending,
9558,162,243,2024-12-12,763.36,Cancelled,
9559,926,271,2024-10-31,416.27,Delivered,26
9560,110,226,2024-08-11,192.47,Delivered,35
9561,932,294,2024-02-24,763.22,Delivered,47
9562,558,264,2024-01-10,1209.36,Delivered,63
9563,32,124,2024-11-03,1266.92,Delivered,61
9564,241,171,2024-10-28,125.81,Delivered,20
9565,192,287,2024-05-06,1268.53,Delivered,21
9566,728,270,2024-02-09,912.31,Cancelled,
9567,1573,226,2024-05-16,504.02,Cancelled,
9568,1456,208,2024-06-14,628.39,Pending,
9569,1498,290,2024-06-07,-696.79,Delivered,38
9570,1852,277,2024-04-10,388.9,Delivered,36
9571,1272,295,2024-09-06,1337.55,Delivered,33
9572,1056,219,2024-12-18,266.18,Delivered,59
9573,1379,256,2024-09-18,1203.69,Delivered,48
9574,1819,134,2024-07-11,586.56,Delivered,51
9575,963,237,2024-10-24,630.04,Delivered,23
9576,773,204,2024-11-11,912.38,Delivered,61
9577,1733,247,2024-03-21,1120.19,Cancelled,
9578,1781,216,2024-12-11,1274.07,Delivered,59
9579,1608,197,2024-05-31,1396.85,Delivered,38
9580,1721,253,2024-12-05,1434.9,Cancelled,
9581,1005,212,2024-12-20,1031.53,Pending,
9582,33,111,2024-06-11,147.59,Delivered,48
9583,273,150,2024-05-07,1192.48,Delivered,68
9584,1846,158,2024-05-22,754.68,Delivered,59
9585,192,271,2024-08-10,798.26,Pending,
9586,829,187,2024-08-16,444.24,Pending,
9587,1853,195,2024-11-25,104.23,Delivered,24
9588,167,218,2024-04-17,289.42,Delivered,28
9589,7,264,2024-12-21,714.34,Pending,
9590,1196,143,2024-09-17,835.4,Delivered,25
9591,1463,299,2024-03-21,923.79,Delivered,36
9592,1592,293,2024-09-12,657.69,Delivered,18
9593,1049,234,2024-09-12,1239.89,Delivered,43
9594,1226,288,2024-02-05,1265.55,Delivered,41
9595,261,149,2024-11-28,216.35,Delivered,29
9596,1583,179,2024-11-05,888.14,Cancelled,
9597,636,217,2024-12-04,1460.2,Delivered,49
9598,1521,202,2024-02-27,1084.57,Delivered,33
9599,1249,236,2024-10-26,627.98,Delivered,27
9600,866,196,2024-01-25,1457.89,Delivered,21
9601,856,137,2024-12-21,1181.33,Cancelled,
9602,366,169,2024-12-08,631.21,Pending,
9603,1362,227,2024-12-26,1098.68,Delivered,69
9604,207,196,2024-07-22,693.38,Delivered,19
9605,1387,259,2024-11-29,266.28,Delivered,15
9606,549,186,2024-10-20,1222.95,Delivered,60
9607,1824,112,2024-02-10,1374.08,Pending,
9608,1913,272,2024-03-17,341.46,Delivered,21
9609,1138,250,2024-01-17,538.45,Delivered,34
9610,789,128,2024-11-20,225.83,Delivered,33
9611,185,224,2024-05-11,1375.8,Delivered,41
9612,1711,189,2024-06-16,220.25,Delivered,30
9613,1761,153,2024-06-23,609.85,Delivered,41
9614,1626,294,2024-12-09,221.97,Delivered,40
9615,397,107,2024-07-14,379.73,Pending,
9616,844,284,2024-11-25,565.88,Delivered,43
9617,1920,176,2024-11-20,351.1,Delivered,69
9618,1335,101,2024-12-06,222.68,Delivered,29
9619,815,167,2024-07-20,1011.8,Delivered,69
9620,1655,261,2024-09-02,779.62,Delivered,67
9621,1733,154,2024-11-19,1215.46,Delivered,32
9622,1942,171,2024-08-09,484.59,Delivered,58
9623,1681,181,2024-12-28,134.31,Delivered,57
9624,544,151,2024-02-08,1266.86,Delivered,17
9625,1941,197,2024-11-02,314.78,Delivered,55
9626,1499,204,2024-04-14,302.69,Cancelled,
9627,176,113,2024-12-09,1017.68,Delivered,70
9628,355,210,2024-05-23,1470.95,Delivered,48
9629,544,294,2024-01-14,1126.04,Pending,
9630,201,248,2024-11-27,124.07,Delivered,53
9631,195,199,2024-05-02,893.17,Delivered,57
9632,500,201,2024-12-07,1495.44,Delivered,70
9633,1132,210,2024-03-02,255.57,Delivered,60
9634,601,247,2024-03-12,815.21,Delivered,15
9635,1811,107,2024-05-02,1161.41,Delivered,47
9636,434,268,2024-05-17,609.68,Delivered,46
9637,1169,123,2024-07-23,271.28,Delivered,15
9638,1007,259,2024-02-18,761.29,Delivered,30
9639,468,281,2024-11-07,448.47,Delivered,38
9640,423,122,2024-05-06,593.11,Delivered,60
9641,1545,240,2024-03-11,1105.7,Delivered,59
9642,1698,263,2024-11-17,1106.24,Delivered,51
9643,520,127,2024-11-28,1031.18,Delivered,63
9644,1706,210,2024-09-29,1032.67,Pending,
9645,355,120,2024-03-06,506.32,Delivered,50
9646,330,125,2024-07-11,282.24,Cancelled,
9647,9,155,2024-11-24,498.78,Cancelled,
9648,1799,160,2024-12-15,327.33,Delivered,23
9649,517,141,2024-04-12,734.19,Pending,
9650,1485,155,2024-02-10,321.99,Delivered,21
9651,602,188,2024-09-23,1189.0,Pending,
9652,574,223,2024-10-31,488.54,Cancelled,
9653,580,279,2024-11-27,537.06,Delivered,32
9654,160,101,2024-12-07,519.37,Delivered,39
9655,1416,183,2024-11-22,403.7,Delivered,55
9656,263,169,2024-11-17,1027.86,Delivered,32
9657,1489,196,2024-12-30,922.12,Delivered,15
9658,1544,241,2024-11-05,729.39,Delivered,66
9659,541,227,2024-12-04,1197.86,Delivered,57
9660,923,108,2024-08-04,349.1,Delivered,21
9661,1446,210,2024-04-05,136.79,Delivered,57
9662,1706,215,2024-03-04,462.67,Delivered,50
9663,1897,222,2024-12-03,450.45,Delivered,42
9664,240,190,2024-12-03,1320.1,Delivered,15
9665,661,293,2024-03-09,1119.4,Pending,
9666,1752,113,2024-01-11,1114.39,Pending,
9667,1749,102,2024-09-20,1356.68,Delivered,17
9668,1189,134,2024-11-16,261.03,Delivered,64
9669,296,151,2024-12-13,462.92,Delivered,28
9670,102,287,2024-12-25,1189.97,Delivered,52
9671,1733,249,2024-11-20,221.68,Delivered,65
9672,1378,143,2024-12-08,886.0,Delivered,69
9673,740,219,2024-10-19,1259.55,Pending,
9674,508,186,2024-12-19,-1233.05,Delivered,28
9675,346,211,2024-04-28,349.49,Delivered,34
9676,101,242,2024-12-11,754.9,Delivered,15
9677,478,224,2024-02-23,787.01,Delivered,18
9678,1836,198,2024-03-16,511.16,Delivered,47
9679,1045,244,2024-07-08,1250.57,Delivered,58
9680,103,239,2024-12-30,601.4,Delivered,23
9681,1324,231,2024-07-15,1447.29,Delivered,51
9682,1195,260,2024-12-19,505.66,Delivered,22
9683,211,300,2024-07-10,1489.37,Delivered,30
9684,831,176,2024-09-13,1108.93,Delivered,45
9685,258,279,2024-12-13,1222.45,Delivered,63
9686,217,138,2024-12-06,696.5,Delivered,48
9687,1413,153,2024-11-14,1078.11,Cancelled,
9688,1108,270,2024-09-08,204.17,Delivered,57
9689,1763,148,2024-10-17,1065.84,Delivered,58
9690,1272,253,2024-06-14,1224.48,Delivered,65
9691,1191,178,2024-12-01,795.36,Delivered,44
9692,181,254,2024-11-25,1086.67,Delivered,29
9693,751,149,2024-12-22,411.88,Delivered,54
9694,305,130,2024-08-28,351.36,Delivered,15
9695,1962,187,2024-02-14,621.99,Pending,
9696,1971,285,2024-11-26,1480.68,Delivered,30
9697,1676,129,2024-11-28,480.92,Delivered,49
9698,955,115,2024-02-02,579.99,Delivered,69
9699,1847,130,2024-12-27,1075.57,Pending,
9700,1272,187,2024-11-01,1093.26,Delivered,54
9701,303,286,2024-06-15,1039.98,Delivered,22
9702,975,153,2024-12-11,645.98,Delivered,50
9703,246,172,2024-11-13,1204.63,Delivered,16
9704,1566,291,2024-11-05,893.55,Delivered,22
9705,1692,128,2024-11-26,447.22,Delivered,26
9706,561,170,2024-11-24,586.27,Delivered,51
9707,1686,288,2024-12-12,819.38,Pending,
9708,247,265,2024-09-13,1015.5,Delivered,69
9709,668,117,2024-11-02,257.91,Delivered,70
9710,489,203,2024-01-21,1349.51,Delivered,32
9711,752,255,2024-09-30,1437.57,Delivered,16
9712,1997,173,2024-01-26,834.32,Delivered,17
9713,1958,102,2024-06-15,661.02,Pending,
9714,192,255,2024-04-20,363.49,Delivered,20
9715,815,221,2024-03-27,645.1,Delivered,33
9716,36,296,2024-12-24,432.72,Delivered,43
9717,711,101,2024-12-22,904.5,Delivered,56
9718,1939,211,2025-06-15,261.46,Delivered,43
9719,226,115,2024-08-14,973.39,Delivered,21
9720,37,184,2024-01-14,856.43,Delivered,28
9721,1484,228,2024-11-17,595.41,Delivered,60
9722,1092,151,2024-02-13,835.32,Delivered,39
9723,1502,284,2024-12-26,890.58,Delivered,31
9724,1882,219,2024-02-24,1210.27,Delivered,48
9725,1123,232,2024-01-04,756.55,Pending,
9726,1789,197,2024-12-26,978.05,Delivered,26
9727,121,121,2024-01-21,979.45,Delivered,16
9728,1005,261,2024-03-02,749.93,Delivered,23
9729,512,284,2024-11-21,1384.85,Pending,
9730,234,122,2024-11-14,1010.39,Delivered,62
9731,901,219,2024-07-04,1291.8,Pending,
9732,61,216,2024-05-16,535.48,Delivered,39
9733,960,212,2024-01-10,185.54,Delivered,66
9734,707,256,2024-07-29,541.79,Delivered,26
9735,694,166,2024-11-22,863.09,Cancelled,
9736,1164,271,2024-06-29,222.81,Delivered,19
9737,521,247,2024-11-11,124.97,Delivered,68
9738,1351,281,2024-12-14,1329.81,Delivered,36
9739,622,266,2024-12-24,900.05,Delivered,56
9740,1523,196,2024-11-07,689.41,Delivered,50
9741,1850,258,2024-04-21,1211.82,Delivered,44
9742,1845,204,2024-07-24,780.49,Delivered,69
9743,526,265,2024-10-31,1454.31,Delivered,21
9744,1716,297,2024-12-07,931.22,Delivered,40
9745,1887,189,2024-02-03,243.45,Delivered,32
9746,756,294,2024-11-30,712.73,Delivered,42
9747,459,184,2024-12-21,973.51,Pending,
9748,100,127,2024-03-15,743.33,Delivered,41
9749,351,153,2024-11-06,1004.59,Delivered,26
9750,1851,208,2024-11-29,1496.34,Cancelled,
9751,356,207,2024-12-02,194.27,Delivered,23
9752,1624,212,2024-11-21,1017.96,Delivered,23
9753,1690,216,2024-01-03,215.13,Pending,
9754,263,155,2024-12-19,1286.95,Delivered,18
9755,341,184,2024-12-16,411.86,Delivered,68
9756,1781,286,2024-06-07,123.9,Cancelled,
9757,193,240,2024-07-09,408.11,Delivered,63
9758,159,188,2024-12-22,809.92,Delivered,69
9759,850,146,2024-10-11,1334.51,Delivered,27
9760,1406,128,2024-05-12,860.1,Delivered,30
9761,776,174,2024-02-26,582.47,Delivered,31
9762,746,234,2024-02-02,629.49,Delivered,56
9763,1253,154,2024-04-16,1492.65,Delivered,21
9764,889,295,2024-12-31,1194.04,Delivered,44
9765,7,125,2024-02-12,1264.55,Delivered,36
9766,1003,168,2024-12-10,222.65,Delivered,66
9767,1544,195,2024-11-06,862.63,Delivered,59
9768,400,175,2024-12-11,209.13,Delivered,52
9769,1847,178,2024-12-14,1092.79,Delivered,45
9770,1834,212,2024-10-24,1157.29,Delivered,24
9771,705,152,2024-02-22,243.39,Delivered,62
9772,280,112,2024-11-23,1065.95,Cancelled,
9773,1418,169,2024-12-31,722.11,Delivered,37
9774,1767,259,2024-03-29,391.47,Delivered,18
9775,1915,134,2024-11-11,280.69,Cancelled,
9776,188,204,2024-06-08,419.19,Delivered,57
9777,1496,150,2024-12-21,597.83,Delivered,66
9778,1228,260,2024-11-16,1141.18,Delivered,19
9779,141,182,2024-12-09,326.37,Delivered,68
9780,1626,258,2024-10-23,397.24,Delivered,41
9781,1663,221,2024-05-11,275.96,Delivered,61
9782,1584,124,2024-12-21,1308.32,Delivered,19
9783,83,120,2024-12-25,260.62,Delivered,40
9784,74,113,2024-04-05,1007.62,Delivered,34
9785,1199,188,2024-08-01,848.78,Delivered,60
9786,710,123,2024-12-05,1278.61,Delivered,28
9787,968,276,2024-03-10,743.12,Pending,
9788,472,247,2024-11-03,111.42,Delivered,65
9789,440,147,2024-12-03,861.32,Delivered,46
9790,1584,205,2024-12-29,710.0,Cancelled,
9791,969,203,2024-11-13,900.49,Delivered,50
9792,1161,126,2024-11-15,1167.59,Delivered,70
9793,1344,298,2024-12-13,431.04,Cancelled,
9794,536,249,2024-02-03,1428.79,Delivered,17
9795,1490,231,2024-12-21,751.69,Delivered,50
9796,324,138,2024-12-11,1099.14,Delivered,55
9797,1174,175,2024-12-20,1226.07,Delivered,49
9798,623,235,2024-12-06,653.11,Delivered,34
9799,1988,185,2024-11-16,347.97,Delivered,44
9800,288,259,2024-02-17,459.41,Delivered,60
9801,114,223,2024-11-12,1205.02,Delivered,32
9802,480,237,2024-11-25,1200.07,Delivered,22
9803,1929,297,2024-12-16,941.51,Delivered,31
9804,752,290,2024-11-22,1388.75,Delivered,61
9805,1170,300,2024-11-13,718.09,Delivered,67
9806,847,220,2024-12-07,404.84,Cancelled,
9807,1151,107,2024-12-09,956.62,Delivered,31
9808,820,244,2024-01-27,1100.19,Delivered,28
9809,1154,130,2024-02-14,1165.07,Delivered,50
9810,1911,141,2024-12-16,890.21,Delivered,47
9811,1722,285,2024-12-28,1112.7,Delivered,43
9812,484,260,2024-09-29,993.99,Delivered,36
9813,23,193,2024-12-02,266.55,Delivered,58
9814,178,168,2024-08-23,1456.86,Delivered,40
9815,1577,263,2024-02-06,757.27,Delivered,25
9816,1383,219,2024-03-31,533.67,Pending,
9817,1697,132,2024-06-05,476.78,Delivered,41
9818,1779,190,2024-12-24,1302.73,Cancelled,
9819,703,153,2024-02-05,514.47,Delivered,62
9820,436,163,2024-06-13,554.06,Delivered,66
9821,7,123,2024-11-09,295.71,Pending,
9822,1326,229,2024-11-06,386.26,Delivered,18
9823,1966,192,2024-05-05,178.28,Pending,
9824,1265,283,2024-12-06,1081.96,Delivered,24
9825,1459,111,2024-12-31,1391.82,Delivered,66
9826,1024,210,2024-10-30,714.14,Delivered,70
9827,1087,152,2024-03-22,873.78,Delivered,60
9828,838,215,2024-12-13,1402.39,Delivered,53
9829,1936,270,2024-04-23,558.84,Delivered,52
9830,1349,205,2024-12-12,1260.79,Delivered,52
9831,38,288,2024-11-05,404.34,Delivered,27
9832,107,131,2024-11-14,453.48,Delivered,42
9833,1493,167,2024-10-24,411.71,Delivered,42
9834,974,263,2024-11-27,517.82,Delivered,28
9835,1290,123,2024-11-11,356.87,Delivered,54
9836,1490,167,2024-06-18,1433.47,Cancelled,
9837,370,105,2024-06-26,624.97,Delivered,25
9838,207,202,2024-11-28,1368.81,Pending,
9839,1720,184,2024-06-29,544.1,Delivered,39
9840,1688,253,2024-11-23,119.24,Pending,
9841,1672,154,2024-01-28,747.61,Delivered,50
9842,1030,173,2024-10-22,379.02,Delivered,65
9843,1493,237,2024-10-13,1123.19,Delivered,39
9844,1036,249,2024-02-20,143.6,Delivered,64
9845,1822,286,2024-11-22,499.14,Delivered,61
9846,401,109,2024-12-12,395.83,Delivered,21
9847,1943,166,2024-02-18,705.04,Delivered,56
9848,912,105,2024-03-23,795.24,Delivered,60
9849,286,108,2024-12-12,1341.16,Delivered,18
9850,376,267,2024-01-03,1341.15,Cancelled,
9851,1168,258,2024-11-04,1373.6,Cancelled,
9852,1504,244,2024-02-12,166.01,Delivered,47
9853,757,250,2024-11-22,1181.21,Delivered,62
9854,735,168,2024-12-22,514.28,Cancelled,
9855,1071,173,2024-06-06,246.65,Delivered,46
9856,1983,127,2024-12-13,817.13,Pending,
9857,949,225,2024-06-27,1285.94,Delivered,35
9858,1430,203,2024-03-23,287.32,Delivered,56
9859,409,217,2024-10-25,147.42,Delivered,40
9860,1136,235,2024-10-31,531.41,Cancelled,
9861,1735,204,2024-04-27,116.05,Delivered,45
9862,1587,265,2024-06-05,243.46,Delivered,56
9863,1660,248,2024-12-31,1346.15,Delivered,23
9864,957,198,2024-08-21,489.43,Delivered,36
9865,496,300,2024-07-27,1128.98,Cancelled,
9866,1139,188,2024-04-15,1057.42,Delivered,39
9867,608,161,2024-11-30,1476.62,Delivered,21
9868,1961,204,2024-07-07,922.72,Delivered,23
9869,637,119,2024-03-01,702.39,Cancelled,
9870,617,226,2024-06-10,669.48,Delivered,32
9871,1500,290,2024-11-20,222.93,Delivered,69
9872,168,107,2024-12-29,1225.42,Pending,
9873,1072,152,2024-05-17,900.26,Delivered,32
9874,157,114,2024-12-17,280.94,Delivered,56
9875,929,179,2024-12-24,884.14,Delivered,58
9876,973,246,2024-10-28,1317.76,Delivered,23
9877,387,300,2024-04-05,1134.5,Delivered,31
9878,660,278,2024-05-14,1298.18,Cancelled,
9879,1536,103,2024-01-13,1149.2,Delivered,52
9880,370,219,2024-07-04,728.06,Delivered,41
9881,1422,174,2024-11-17,349.85,Delivered,58
9882,946,116,2024-07-16,974.33,Delivered,55
9883,653,270,2024-11-25,710.92,Delivered,70
9884,4,224,2024-03-30,900.4,Delivered,23
9885,1606,293,2024-12-24,262.59,Pending,
9886,1328,213,2024-09-17,1331.17,Delivered,28
9887,1696,178,2024-05-21,590.57,Cancelled,
9888,1938,193,2024-01-24,868.51,Delivered,59
9889,412,232,2024-06-13,645.14,Pending,
9890,95,136,2024-05-22,102.7,Delivered,43
9891,1060,152,2024-03-08,1022.63,Pending,
9892,1986,284,2024-11-12,1355.53,Delivered,58
9893,1793,274,2024-08-22,939.25,Delivered,33
9894,934,184,2024-11-15,1353.96,Delivered,40
9895,1831,264,2024-12-18,703.81,Pending,
9896,1578,134,2024-12-03,305.17,Delivered,15
9897,1397,263,2024-11-30,850.87,Delivered,55
9898,987,288,2024-03-12,976.21,Delivered,35
9899,1294,181,2024-12-09,306.42,Delivered,25
9900,248,133,2024-02-22,658.21,Delivered,28
9901,1628,182,2024-04-21,1183.02,Delivered,60
9902,1836,139,2024-12-01,301.09,Delivered,31
9903,284,169,2024-12-19,1333.3,Delivered,48
9904,439,243,2024-11-25,1034.48,Delivered,63
9905,1113,250,2024-05-18,858.72,Delivered,57
9906,337,155,2024-04-08,277.67,Pending,
9907,1924,287,2024-12-18,1300.91,Delivered,22
9908,1233,250,2024-02-11,163.56,Delivered,64
9909,1043,203,2024-12-29,1382.12,Delivered,30
9910,1318,159,2024-12-20,545.21,Delivered,20
9911,1596,167,2024-11-22,1255.57,Delivered,43
9912,269,140,2024-12-31,171.78,Delivered,48
9913,1860,257,2024-11-22,965.43,Cancelled,
9914,1643,168,2024-03-25,1372.0,Delivered,54
9915,1399,216,2024-11-13,788.27,Pending,
9916,1761,194,2024-09-25,396.83,Cancelled,
9917,1720,169,2024-03-15,1127.91,Delivered,40
9918,1350,102,2024-10-08,445.13,Cancelled,
9919,999,163,2024-12-06,634.57,Delivered,47
9920,729,249,2024-09-06,1436.96,Delivered,44
9921,1722,160,2024-11-21,1494.15,Pending,
9922,434,228,2024-10-28,1453.09,Delivered,30
9923,1094,286,2024-10-30,1380.33,Delivered,65
9924,1383,115,2024-12-08,1123.97,Cancelled,
9925,778,296,2024-12-09,336.28,Pending,
9926,246,140,2024-01-23,745.98,Delivered,24
9927,574,239,2024-12-06,1216.6,Delivered,25
9928,328,168,2024-08-20,558.81,Delivered,70
9929,922,284,2024-11-28,311.72,Delivered,45
9930,1744,287,2024-01-12,189.1,Cancelled,
9931,658,264,2024-12-14,648.04,Cancelled,
9932,1787,176,2024-07-07,256.63,Delivered,44
9933,1466,178,2024-05-13,1068.31,Pending,
9934,1155,111,2024-09-08,1428.87,Delivered,46
9935,1286,226,2024-12-30,821.34,Delivered,16
9936,1660,143,2024-10-21,1288.24,Delivered,58
9937,1386,287,2024-12-28,113.59,Delivered,29
9938,620,131,2024-09-02,1227.53,Delivered,64
9939,656,281,2024-12-13,125.55,Delivered,54
9940,1281,150,2024-12-23,421.73,Delivered,27
9941,1540,195,2024-11-06,1257.64,Delivered,43
9942,1507,157,2024-12-29,1095.69,Delivered,65
9943,1423,108,2024-05-18,871.16,Pending,
9944,1284,288,2024-11-11,857.56,Delivered,51
9945,1737,245,2024-03-11,1071.88,Delivered,70
9946,1708,224,2024-11-14,926.61,Pending,
9947,482,280,2024-10-03,654.55,Delivered,55
9948,80,208,2024-11-17,1431.75,Cancelled,
9949,1151,207,2024-01-21,1175.73,Pending,
9950,131,200,2024-10-19,1156.38,Pending,
9951,805,223,2024-12-11,631.75,Pending,
9952,1536,205,2024-05-11,481.59,Delivered,52
9953,132,131,2024-02-11,159.19,Delivered,31
9954,1370,143,2024-03-30,552.1,Cancelled,
9955,469,104,2024-09-15,1145.65,Pending,
9956,1013,135,2024-11-19,345.58,Delivered,16
9957,269,142,2024-08-31,1398.49,Delivered,46
9958,1416,196,2024-12-13,581.38,Delivered,46
9959,1595,287,2024-12-07,306.07,Delivered,70
9960,247,280,2024-11-18,194.9,Delivered,39
9961,1963,160,2024-08-01,746.82,Delivered,65
9962,1194,213,2024-11-28,752.62,Pending,
9963,1435,171,2024-06-29,364.17,Delivered,40
9964,1882,288,2024-12-28,716.51,Delivered,54
9965,781,238,2024-12-14,1005.43,Delivered,65
9966,1282,253,2024-02-18,697.94,Delivered,63
9967,821,141,2024-10-16,230.7,Cancelled,
9968,984,293,2024-12-19,127.22,Delivered,63
9969,1694,253,2024-12-28,1485.28,Delivered,20
9970,1602,104,2024-11-30,1289.5,Cancelled,
9971,1107,161,2024-02-29,1488.79,Pending,
9972,1704,141,2024-04-14,767.24,Delivered,19
9973,1202,239,2024-01-25,390.89,Delivered,26
9974,651,115,2024-02-15,974.29,Delivered,54
9975,1381,139,2024-12-25,461.47,Delivered,70
9976,757,168,2024-06-28,1117.06,Delivered,64
9977,580,224,2024-08-15,826.17,Cancelled,
9978,1453,254,2024-05-28,495.77,Cancelled,
9979,1673,274,2024-08-23,1391.06,Delivered,44
9980,639,107,2024-07-19,881.28,Cancelled,
9981,1165,298,2024-05-13,275.93,Delivered,58
9982,1581,197,2024-11-30,700.7,Pending,
9983,1779,143,2024-11-24,219.56,Pending,
9984,269,182,2024-11-05,1299.51,Delivered,16
9985,1116,227,2024-09-09,889.21,Delivered,26
9986,1025,120,2024-11-05,1419.6,Delivered,28
9987,648,283,2024-02-27,611.48,Cancelled,
9988,154,109,2024-12-27,644.28,Delivered,60
9989,665,294,2024-02-22,950.97,Delivered,35
9990,859,134,2024-09-16,1311.33,Delivered,29
9991,998,273,2024-12-04,357.04,Pending,
9992,521,108,2024-02-20,1313.76,Delivered,59
9993,272,115,2024-11-15,360.68,Delivered,49
9994,321,229,2024-03-01,314.87,Cancelled,
9995,1873,259,2024-08-02,703.46,Cancelled,
9996,1051,153,2024-11-06,786.27,Delivered,18
9997,1260,257,2024-11-30,590.44,Delivered,46
9998,852,275,2024-05-12,842.63,Delivered,62
9999,1338,127,2024-07-13,792.53,Delivered,50
10000,596,184,2024-11-09,104.01,Delivered,54
10001,1535,210,2024-09-19,570.37,Delivered,17
10002,765,204,2024-12-15,585.78,Delivered,59
10003,517,114,2024-02-20,165.81,Cancelled,
10004,745,145,2024-12-28,1239.53,Cancelled,
10005,338,136,2024-06-22,761.64,Delivered,18
10006,264,145,2024-11-15,1352.17,Delivered,57
10007,321,296,2024-11-30,336.24,Delivered,33
10008,1388,300,2024-07-06,1400.97,Delivered,30
10009,1395,104,2024-06-11,864.21,Delivered,31
10010,1601,210,2024-08-13,307.91,Delivered,43
10011,1366,225,2024-10-15,115.31,Cancelled,
10012,655,121,2024-10-05,106.27,Delivered,26
10013,829,294,2024-06-02,118.23,Delivered,44
10014,428,220,2024-03-27,964.19,Delivered,46
10015,800,171,2024-04-21,659.95,Delivered,55
10016,1368,298,2024-05-08,135.53,Delivered,53
10017,164,257,2024-06-19,127.06,Delivered,62
10018,1071,172,2024-02-06,1473.25,Delivered,51
10019,368,133,2024-06-16,1098.37,Delivered,60
10020,274,135,2024-04-29,1465.77,Delivered,20
10021,1359,225,2024-09-18,988.64,Delivered,41
10022,1274,163,2024-01-24,590.17,Delivered,40
10023,1974,109,2024-12-04,1423.9,Delivered,29
10024,691,272,2024-09-06,624.41,Delivered,20
10025,897,142,2024-02-03,1332.1,Delivered,49
10026,1380,168,2024-11-12,1394.0,Delivered,63
10027,1812,165,2024-10-29,1462.85,Delivered,64
10028,368,208,2024-12-03,849.6,Cancelled,
10029,738,186,2024-06-12,372.33,Cancelled,
10030,1210,254,2024-10-02,1406.39,Delivered,42
10031,1457,208,2024-01-23,973.44,Delivered,19
10032,215,248,2024-09-16,875.16,Delivered,56
10033,621,281,2024-04-02,216.89,Cancelled,
10034,1043,296,2024-11-20,745.93,Cancelled,
10035,1892,275,2024-07-22,155.52,Delivered,62
10036,695,242,2024-12-08,367.14,Pending,
10037,1621,196,2024-05-25,1153.9,Delivered,25
10038,1749,220,2024-06-06,215.22,Delivered,61
10039,1689,183,2024-03-17,761.9,Delivered,20
10040,1906,265,2024-12-30,1479.27,Delivered,39
10041,822,294,2024-10-02,213.78,Delivered,67
10042,753,133,2024-10-27,309.26,Delivered,50
10043,668,166,2024-02-22,691.32,Delivered,60
10044,1897,205,2024-12-13,662.56,Delivered,51
10045,1596,152,2024-05-02,778.79,Delivered,59
10046,1681,238,2024-12-03,382.31,Delivered,29
10047,1340,123,2024-11-15,1011.21,Delivered,69
10048,585,231,2024-12-06,1060.1,Pending,
10049,1641,262,2024-10-31,1417.15,Delivered,42
10050,891,183,2024-12-01,954.76,Delivered,17
10051,1163,106,2024-12-24,851.71,Delivered,15
10052,81,106,2024-11-10,1146.51,Delivered,41
10053,1739,124,2024-01-07,811.38,Pending,
10054,1690,204,2024-06-06,1071.7,Delivered,40
10055,1993,137,2024-12-21,780.77,Delivered,37
10056,8,138,2024-11-07,1168.42,Delivered,37
10057,128,295,2024-11-08,1238.18,Delivered,38
10058,1960,152,2024-08-21,558.78,Delivered,45
10059,150,252,2024-07-21,1143.44,Delivered,39
10060,343,174,2024-12-18,1201.19,Delivered,48
10061,51,129,2024-01-25,1169.38,Cancelled,
10062,1808,275,2024-11-28,745.35,Delivered,34
10063,812,106,2024-05-31,1486.84,Delivered,31
10064,1177,130,2024-06-14,113.34,Pending,
10065,1555,152,2024-11-08,1444.61,Delivered,22
10066,1755,182,2024-04-25,481.79,Cancelled,
10067,773,145,2024-12-01,501.41,Delivered,68
10068,1544,264,2024-11-22,246.42,Delivered,39
10069,574,244,2024-07-28,1072.62,Pending,
10070,1404,248,2024-04-07,953.36,Cancelled,
10071,1381,150,2024-03-07,723.35,Delivered,17
10072,327,235,2024-12-09,1414.41,Delivered,28
10073,1817,193,2024-07-01,1017.73,Delivered,19
10074,290,117,2024-12-09,1223.62,Delivered,31
10075,1894,274,2024-10-28,587.22,Delivered,0
10076,1813,187,2024-05-01,1421.26,Delivered,64
10077,1173,200,2024-10-18,1122.54,Delivered,36
10078,1622,260,2024-05-11,605.16,Delivered,31
10079,642,138,2024-02-06,106.33,Delivered,55
10080,1559,153,2024-12-07,766.86,Cancelled,
10081,150,164,2024-11-21,701.34,Delivered,23
10082,137,137,2024-02-20,1226.29,Delivered,17
10083,587,205,2024-11-07,760.14,Delivered,20
10084,83,116,2024-10-09,704.26,Delivered,26
10085,711,274,2024-12-28,706.84,Pending,
10086,786,137,2024-12-09,177.22,Delivered,66
10087,546,173,2024-08-23,223.91,Delivered,70
10088,784,228,2024-12-16,300.99,Delivered,59
10089,1777,266,2025-06-15,1269.62,Cancelled,
10090,19,198,2024-12-03,1004.57,Delivered,60
10091,493,186,2024-04-06,1425.78,Delivered,20
10092,947,194,2024-01-28,525.83,Cancelled,
10093,48,111,2024-11-12,1076.75,Cancelled,
10094,801,134,2024-05-07,1328.72,Delivered,36
10095,437,240,2024-12-23,1121.7,Delivered,50
10096,480,140,2024-07-21,1167.63,Delivered,70
10097,262,187,2024-12-25,1198.09,Delivered,48
10098,432,217,2024-12-17,1052.21,Delivered,29
10099,1755,101,2024-12-27,1428.44,Delivered,42
10100,989,194,2024-01-16,448.55,Delivered,65
10101,1234,184,2024-02-13,858.01,Delivered,18
10102,435,250,2024-01-23,1239.7,Delivered,59
10103,1908,106,2024-11-17,402.93,Delivered,38
10104,1564,112,2024-01-28,1244.67,Delivered,67
10105,521,111,2024-07-28,1075.63,Delivered,61
10106,1084,224,2024-07-25,805.36,Pending,
10107,804,196,2024-12-12,524.45,Delivered,37
10108,380,219,2024-09-24,592.33,Delivered,38
10109,1420,212,2024-05-30,536.41,Delivered,0
10110,360,227,2024-01-12,221.0,Delivered,24
10111,1647,193,2024-11-26,1254.62,Delivered,54
10112,573,136,2024-03-29,226.24,Delivered,18
10113,1256,191,2024-12-02,1208.84,Delivered,53
10114,1122,216,2024-11-18,354.28,Delivered,61
10115,1876,280,2024-11-20,739.16,Cancelled,
10116,921,260,2024-11-11,454.83,Delivered,52
10117,503,233,2024-04-19,625.02,Delivered,19
10118,1884,226,2024-11-22,385.72,Cancelled,
10119,410,262,2024-11-30,1475.89,Delivered,28
10120,128,299,2024-08-10,548.39,Pending,
10121,730,231,2024-12-26,1225.4,Delivered,34
10122,1892,262,2024-11-14,921.49,Delivered,37
10123,1385,264,2024-10-18,785.06,Delivered,55
10124,502,283,2024-09-18,1397.55,Pending,
10125,1907,127,2024-12-08,1183.19,Delivered,55
10126,1770,133,2024-09-25,1295.92,Delivered,41
10127,1090,220,2024-11-15,129.53,Delivered,16
10128,649,202,2024-12-29,1103.24,Delivered,38
10129,1646,125,2024-12-29,518.62,Pending,
10130,252,244,2024-11-06,1322.14,Delivered,20
10131,763,243,2024-01-15,189.79,Delivered,61
10132,1030,213,2024-10-30,738.72,Delivered,67
10133,163,287,2024-11-26,809.82,Delivered,37
10134,1554,204,2024-12-25,465.14,Delivered,39
10135,100,196,2024-02-05,1189.27,Delivered,54
10136,1574,224,2024-01-06,580.62,Delivered,36
10137,1565,139,2024-10-09,1202.13,Delivered,53
10138,1679,177,2024-02-12,914.76,Delivered,59
10139,269,271,2024-12-01,1088.78,Delivered,67
10140,1428,222,2024-03-05,576.13,Cancelled,
10141,749,260,2024-03-02,1413.66,Delivered,66
10142,74,152,2024-09-17,958.43,Delivered,35
10143,840,283,2024-12-21,386.09,Delivered,43
10144,282,299,2024-01-30,1004.44,Delivered,68
10145,810,154,2024-02-04,1206.63,Pending,
10146,1418,199,2024-08-20,1320.17,Delivered,51
10147,1101,227,2024-04-17,589.74,Delivered,34
10148,1889,176,2024-04-07,252.95,Delivered,29
10149,1992,125,2024-11-18,1362.91,Delivered,51
10150,1189,228,2024-12-22,244.66,Delivered,56
10151,1734,106,2024-05-22,1069.48,Cancelled,
10152,1840,206,2024-12-26,775.91,Pending,
10153,1713,275,2024-03-07,981.91,Delivered,27
10154,838,241,2024-04-07,223.41,Delivered,29
10155,1544,258,2024-12-11,111.67,Cancelled,
10156,1702,135,2024-08-13,1170.3,Delivered,61
10157,1811,189,2024-09-22,487.83,Pending,
10158,618,114,2024-11-10,720.88,Cancelled,
10159,776,276,2024-11-06,875.61,Delivered,42
10160,1552,212,2024-03-05,570.05,Cancelled,
10161,1210,150,2024-05-25,456.21,Delivered,37
10162,1821,132,2024-10-28,153.53,Cancelled,
10163,1002,177,2024-02-03,1125.59,Delivered,69
10164,1553,243,2024-11-26,392.03,Delivered,33
10165,410,286,2024-01-10,1056.05,Pending,
10166,525,143,2024-12-26,1117.72,Delivered,32
10167,380,159,2024-05-02,572.66,Delivered,51
10168,1748,217,2024-11-19,1480.01,Delivered,48
10169,1268,231,2024-11-29,1010.15,Delivered,25
10170,331,186,2024-04-23,571.31,Delivered,26
10171,917,215,2024-11-25,995.58,Delivered,27
10172,472,233,2024-12-25,254.96,Cancelled,
10173,1817,103,2024-12-26,791.75,Cancelled,
10174,1492,186,2024-11-11,1204.03,Delivered,61
10175,1859,112,2024-11-19,117.09,Delivered,28
10176,1356,172,2024-12-29,1499.63,Delivered,29
10177,1389,240,2024-04-17,874.23,Delivered,64
10178,1728,154,2024-01-17,1211.37,Delivered,21
10179,643,270,2024-05-02,860.25,Delivered,39
10180,851,245,2024-12-18,364.21,Delivered,47
10181,769,288,2024-06-04,962.87,Cancelled,
10182,1111,278,2024-12-21,259.9,Delivered,60
10183,1318,180,2024-11-20,1116.05,Delivered,59
10184,331,253,2024-09-11,365.85,Delivered,52
10185,639,140,2024-02-15,804.87,Pending,
10186,1076,269,2024-07-22,1430.4,Delivered,29
10187,500,177,2024-12-02,1234.65,Delivered,21
10188,695,167,2024-07-13,814.91,Delivered,53
10189,1626,219,2024-07-01,1048.31,Delivered,57
10190,1176,130,2024-12-13,1404.85,Delivered,17
10191,1933,210,2024-05-18,1482.44,Delivered,37
10192,196,147,2024-08-05,775.47,Delivered,53
10193,1826,105,2024-04-25,587.8,Delivered,47
10194,509,167,2024-07-30,329.97,Delivered,29
10195,619,271,2024-08-04,1284.13,Delivered,36
10196,1419,237,2024-12-15,1433.69,Delivered,69
10197,108,253,2024-06-02,781.71,Delivered,36
10198,1163,210,2024-07-05,1038.0,Delivered,20
10199,344,170,2024-10-07,1056.76,Delivered,64
10200,1887,177,2024-11-19,634.65,Delivered,52
10201,1500,290,2024-09-17,921.92,Delivered,58
10202,338,258,2024-11-18,999.66,Delivered,45
10203,1958,155,2024-11-23,1012.94,Delivered,54
10204,98,233,2024-02-13,1164.76,Delivered,59
10205,801,277,2024-08-03,726.76,Delivered,67
10206,540,300,2024-09-25,1481.65,Pending,
10207,1878,216,2024-10-31,740.52,Pending,
10208,178,125,2024-05-09,451.42,Delivered,57
10209,1124,137,2024-11-04,797.35,Delivered,47
10210,1465,296,2024-01-30,1098.91,Delivered,29
10211,1475,247,2024-08-24,475.39,Delivered,37
10212,1540,170,2024-11-04,916.15,Delivered,60
10213,1818,279,2024-11-20,545.73,Delivered,69
10214,251,224,2024-11-24,211.86,Delivered,24
10215,1831,214,2024-11-18,601.02,Delivered,68
10216,341,235,2024-09-13,892.0,Delivered,56
10217,943,108,2024-01-26,1140.61,Delivered,43
10218,1400,171,2024-11-05,879.19,Delivered,17
10219,61,180,2024-10-25,1400.41,Delivered,40
10220,75,295,2024-12-25,1448.69,Pending,
10221,1284,192,2024-12-11,897.36,Cancelled,
10222,1846,146,2024-04-26,240.3,Delivered,18
10223,1049,119,2024-11-27,712.43,Delivered,32
10224,1902,274,2024-10-23,602.65,Cancelled,
10225,1227,105,2024-06-13,490.18,Delivered,68
10226,1710,200,2024-12-17,1014.38,Delivered,29
10227,1746,193,2024-09-13,491.86,Pending,
10228,1030,225,2024-11-14,1027.96,Pending,
10229,1471,208,2024-12-18,1431.55,Delivered,19
10230,360,121,2024-11-18,897.28,Delivered,37
10231,1234,265,2024-12-01,159.29,Delivered,24
10232,950,137,2024-11-08,647.9,Delivered,39
10233,183,129,2024-12-31,1480.96,Pending,
10234,972,115,2024-08-28,243.69,Delivered,25
10235,1716,259,2024-09-11,1125.94,Delivered,47
10236,1010,112,2024-01-27,896.2,Delivered,41
10237,242,169,2024-11-08,491.36,Delivered,66
10238,1622,232,2024-11-18,593.45,Delivered,22
10239,891,209,2024-10-10,1385.19,Delivered,44
10240,1608,213,2024-06-19,423.14,Delivered,34
10241,1266,216,2024-04-20,958.42,Delivered,29
10242,1314,201,2024-11-09,898.93,Delivered,23
10243,775,288,2024-12-20,858.45,Delivered,22
10244,1296,196,2024-11-24,1211.34,Delivered,23
10245,1777,290,2024-11-25,849.08,Cancelled,
10246,1509,235,2024-11-13,732.96,Cancelled,
10247,150,241,2024-10-02,1332.44,Delivered,44
10248,584,204,2024-12-19,305.22,Delivered,68
10249,848,187,2024-11-24,544.52,Delivered,29
10250,1414,199,2024-04-17,647.04,Pending,
10251,1367,294,2024-12-28,966.62,Delivered,26
10252,432,115,2024-04-03,235.57,Delivered,46
10253,1218,292,2024-10-19,868.58,Delivered,16
10254,619,265,2024-10-15,1413.4,Delivered,46
10255,1481,112,2024-02-17,344.21,Delivered,36
10256,1582,215,2024-10-18,1236.59,Delivered,62
10257,1013,262,2024-06-26,935.88,Delivered,26
10258,1230,134,2024-12-14,969.41,Delivered,16
10259,140,160,2024-10-31,1141.87,Delivered,45
10260,1808,169,2024-12-04,873.26,Delivered,18
10261,1893,286,2024-12-27,515.38,Delivered,20
10262,463,255,2024-11-08,374.82,Delivered,52
10263,866,292,2024-11-15,864.45,Delivered,64
10264,887,244,2024-11-15,868.34,Delivered,60
10265,1404,156,2024-10-14,376.79,Delivered,42
10266,1536,217,2024-04-11,1422.03,Delivered,19
10267,613,285,2024-05-25,798.52,Delivered,19
10268,1241,174,2024-08-03,222.13,Delivered,49
10269,221,230,2024-11-04,-116.36,Delivered,57
10270,1840,139,2024-10-23,358.14,Delivered,19
10271,1521,259,2024-09-15,911.19,Delivered,60
10272,1386,234,2024-04-17,1001.95,Delivered,0
10273,132,110,2024-10-13,938.85,Pending,
10274,1410,120,2024-09-03,321.63,Delivered,61
10275,1634,137,2024-12-10,1383.19,Cancelled,
10276,615,290,2024-05-01,1221.28,Delivered,54
10277,1824,295,2024-11-07,108.24,Pending,
10278,417,179,2024-05-17,450.52,Delivered,30
10279,995,175,2024-12-08,1161.3,Delivered,66
10280,1016,229,2024-11-16,765.77,Cancelled,
10281,89,140,2024-11-08,809.65,Delivered,20
10282,114,255,2024-11-28,1377.88,Delivered,15
10283,599,265,2024-12-07,722.49,Delivered,30
10284,1986,180,2024-01-15,1037.31,Delivered,69
10285,617,137,2024-11-20,949.69,Delivered,28
10286,218,115,2024-03-21,693.32,Pending,
10287,601,173,2024-10-07,755.97,Cancelled,
10288,1613,211,2024-10-03,955.37,Delivered,59
10289,961,210,2024-08-12,1082.68,Delivered,23
10290,1483,106,2024-12-19,921.4,Delivered,65
10291,1453,240,2024-01-30,1428.9,Delivered,19
10292,97,285,2024-12-16,1427.06,Delivered,52
10293,1302,146,2024-11-24,582.34,Delivered,45
10294,847,243,2024-12-23,555.02,Delivered,35
10295,1818,139,2024-09-15,819.33,Delivered,34
10296,1247,207,2024-07-05,484.02,Delivered,38
10297,1727,112,2024-11-25,1000.99,Delivered,57
10298,179,222,2024-01-08,1380.12,Delivered,66
10299,102,295,2024-11-13,1275.58,Pending,
10300,1698,213,2024-08-13,564.05,Delivered,39
10301,460,142,2024-12-17,831.1,Delivered,33
10302,237,160,2024-11-12,550.24,Delivered,70
10303,359,275,2024-01-31,402.13,Cancelled,
10304,31,108,2024-12-22,400.35,Pending,
10305,286,151,2024-12-24,1304.26,Delivered,26
10306,960,180,2024-07-08,762.71,Delivered,47
10307,1923,236,2024-12-02,1493.39,Delivered,31
10308,197,198,2024-11-14,578.37,Delivered,29
10309,1657,283,2024-12-28,257.22,Pending,
10310,1173,139,2024-06-26,1030.05,Cancelled,
10311,1494,174,2024-11-16,513.13,Delivered,27
10312,473,115,2024-11-01,403.79,Delivered,57
10313,1363,280,2024-12-19,213.86,Delivered,38
10314,1358,232,2024-04-30,580.46,Delivered,23
10315,1234,139,2024-10-01,1029.0,Delivered,54
10316,130,246,2024-05-08,1183.07,Cancelled,
10317,1915,151,2024-11-04,346.64,Delivered,59
10318,1087,198,2024-06-29,570.77,Pending,
10319,699,269,2024-11-10,1348.01,Delivered,55
10320,1089,105,2024-10-05,1089.36,Cancelled,
10321,1954,273,2024-12-22,314.17,Delivered,19
10322,435,148,2024-05-23,654.69,Delivered,49
10323,387,275,2024-10-31,239.18,Delivered,22
10324,1290,143,2024-12-16,471.51,Cancelled,
10325,1208,230,2024-05-20,125.52,Cancelled,
10326,1683,214,2024-12-17,1012.84,Delivered,21
10327,1508,108,2024-04-22,1185.6,Cancelled,
10328,1649,162,2024-12-08,1116.73,Delivered,27
10329,359,125,2024-04-23,1010.73,Delivered,69
10330,1263,219,2024-06-13,382.86,Cancelled,
10331,671,134,2024-10-06,625.88,Delivered,57
10332,325,166,2024-11-24,1039.04,Delivered,23
10333,641,247,2024-12-23,1092.24,Pending,
10334,172,237,2024-11-02,994.66,Delivered,24
10335,1149,222,2024-05-16,117.89,Pending,
10336,1211,226,2024-11-26,783.57,Pending,
10337,1480,167,2024-04-27,584.98,Pending,
10338,1920,273,2024-12-23,324.13,Delivered,34
10339,372,129,2024-10-26,295.28,Pending,
10340,1453,231,2024-11-24,1110.73,Delivered,33
10341,1006,220,2024-04-05,778.89,Delivered,54
10342,1612,291,2024-11-12,1040.43,Delivered,15
10343,709,195,2024-07-06,1137.12,Cancelled,
10344,12,165,2024-04-06,1131.5,Delivered,15
10345,593,157,2024-11-17,877.36,Delivered,51
10346,1152,231,2024-12-19,644.82,Cancelled,
10347,600,175,2025-06-15,789.47,Delivered,22
10348,1997,168,2024-01-06,299.89,Delivered,29
10349,42,113,2024-12-17,1214.73,Delivered,53
10350,186,118,2024-11-19,117.45,Delivered,38
10351,1996,247,2024-08-11,335.5,Delivered,28
10352,517,230,2024-12-17,1422.49,Delivered,18
10353,684,155,2024-11-16,1403.78,Cancelled,
10354,1992,187,2024-01-11,1209.89,Delivered,29
10355,1136,138,2024-09-30,881.65,Delivered,20
10356,478,218,2024-10-24,1338.58,Pending,
10357,1097,298,2024-11-14,1207.75,Delivered,46
10358,250,179,2024-06-27,580.52,Delivered,49
10359,626,212,2024-07-31,400.59,Pending,
10360,910,146,2024-12-31,1312.82,Delivered,48
10361,457,296,2024-11-08,774.04,Delivered,54
10362,536,162,2024-03-12,767.68,Delivered,16
10363,328,198,2024-10-08,553.21,Delivered,31
10364,752,244,2024-03-25,429.88,Delivered,22
10365,60,230,2024-11-22,1006.79,Pending,
10366,1495,107,2024-12-15,1201.9,Delivered,30
10367,1351,233,2024-03-31,763.24,Cancelled,
10368,1303,299,2024-10-23,164.59,Delivered,57
10369,574,228,2024-09-30,1314.48,Delivered,61
10370,414,137,2024-11-02,669.01,Delivered,61
10371,584,205,2024-11-13,591.54,Cancelled,
10372,388,286,2024-11-03,336.28,Delivered,35
10373,711,294,2024-12-19,647.03,Delivered,55
10374,1126,131,2024-02-28,1296.63,Delivered,44
10375,931,271,2024-12-05,179.12,Cancelled,
10376,1875,165,2024-03-14,1152.13,Delivered,54
10377,1724,210,2024-03-10,845.43,Delivered,59
10378,216,264,2024-12-07,100.15,Delivered,64
10379,918,172,2024-11-28,485.21,Delivered,37
10380,1755,249,2024-11-05,310.23,Delivered,16
10381,1000,210,2024-04-26,765.07,Delivered,41
10382,591,299,2024-12-18,1427.08,Cancelled,
10383,230,147,2024-11-25,441.55,Cancelled,
10384,123,267,2024-11-07,1482.51,Pending,
10385,423,106,2024-12-19,1151.45,Pending,
10386,1891,201,2024-11-15,192.74,Delivered,40
10387,736,277,2024-12-01,493.89,Delivered,58
10388,597,255,2024-11-25,786.7,Delivered,24
10389,204,203,2024-11-15,517.04,Delivered,68
10390,1040,252,2024-05-23,1192.72,Delivered,63
10391,1718,276,2024-05-16,1373.7,Delivered,32
10392,974,254,2024-07-05,406.58,Delivered,70
10393,798,142,2024-06-15,507.48,Delivered,23
10394,1703,206,2024-02-11,1436.73,Pending,
10395,1236,265,2024-07-28,1128.46,Delivered,20
10396,428,211,2024-11-05,677.34,Cancelled,
10397,449,148,2024-03-02,1082.7,Cancelled,
10398,1330,298,2024-06-27,925.6,Delivered,34
10399,544,225,2024-04-01,133.77,Delivered,36
10400,462,158,2024-08-14,1123.89,Delivered,52
10401,1608,217,2024-12-22,709.27,Cancelled,
10402,817,139,2024-05-19,442.56,Delivered,57
10403,1855,113,2024-04-23,154.03,Cancelled,
10404,1208,236,2024-03-29,390.91,Delivered,55
10405,1580,287,2024-02-09,763.44,Cancelled,
10406,1546,153,2024-07-05,1309.25,Delivered,54
10407,380,120,2024-12-30,735.36,Delivered,62
10408,787,137,2024-10-20,836.33,Cancelled,
10409,451,185,2024-02-29,1400.15,Delivered,69
10410,1405,264,2024-04-18,518.44,Delivered,48
10411,703,101,2024-11-18,727.69,Delivered,44
10412,1552,271,2024-10-30,329.17,Delivered,69
10413,1326,203,2025-06-15,238.85,Delivered,70
10414,316,288,2024-11-08,1423.1,Pending,
10415,912,247,2024-03-08,897.31,Pending,
10416,1806,199,2024-12-21,1334.96,Cancelled,
10417,928,210,2024-11-24,639.96,Delivered,23
10418,974,162,2024-01-10,1206.57,Cancelled,
10419,740,195,2024-10-31,1011.59,Delivered,22
10420,1453,151,2024-04-28,1193.16,Delivered,21
10421,136,218,2024-11-09,1211.37,Delivered,15
10422,1661,265,2024-01-07,1479.42,Cancelled,
10423,1746,265,2024-12-02,803.54,Pending,
10424,1394,203,2024-12-03,343.85,Delivered,60
10425,141,207,2024-01-21,1342.57,Pending,
10426,1313,101,2024-12-29,885.39,Delivered,25
10427,1856,146,2024-05-30,1277.33,Delivered,20
10428,1992,279,2024-02-17,762.16,Delivered,50
10429,887,202,2024-04-03,1289.03,Delivered,46
10430,1668,114,2024-11-13,862.29,Pending,
10431,412,151,2024-03-30,376.8,Pending,
10432,543,107,2024-12-30,265.77,Delivered,53
10433,160,217,2024-05-10,906.41,Delivered,43
10434,911,176,2024-11-13,1273.41,Pending,
10435,1956,168,2024-12-13,1054.96,Cancelled,
10436,53,285,2024-06-13,519.95,Delivered,18
10437,1542,259,2024-11-17,1287.33,Delivered,59
10438,671,137,2024-07-30,743.04,Delivered,45
10439,227,229,2024-02-09,1082.32,Delivered,49
10440,90,226,2024-12-15,260.3,Delivered,16
10441,1894,121,2024-10-18,759.42,Delivered,39
10442,1929,272,2024-11-11,324.21,Delivered,56
10443,1884,164,2024-08-08,531.14,Delivered,28
10444,1048,143,2024-11-21,547.4,Delivered,16
10445,1234,180,2024-11-16,1460.5,Delivered,26
10446,1298,261,2024-12-17,1335.36,Delivered,25
10447,740,167,2024-11-27,1248.55,Delivered,21
10448,164,149,2024-07-25,566.62,Delivered,25
10449,675,278,2024-11-28,1186.96,Delivered,41
10450,1468,258,2024-08-03,524.46,Delivered,16
10451,1697,254,2024-03-31,670.65,Pending,
10452,1900,258,2024-07-08,1047.0,Cancelled,
10453,313,116,2024-12-05,1116.81,Delivered,33
10454,,151,2024-07-26,241.62,Delivered,66
10455,364,231,2024-07-06,1417.62,Delivered,43
10456,81,254,2024-01-11,680.36,Pending,
10457,233,242,2024-04-24,1203.43,Cancelled,
10458,147,116,2024-12-07,182.38,Delivered,57
10459,215,158,2024-05-09,693.46,Delivered,39
10460,1455,237,2024-08-27,820.65,Pending,
10461,1901,107,2024-11-06,299.13,Cancelled,
10462,1631,224,2024-01-20,570.88,Pending,
10463,1522,228,2024-12-16,1069.66,Delivered,28
10464,1496,295,2024-11-11,1485.83,Cancelled,
10465,1314,114,2024-12-17,1362.9,Cancelled,
10466,416,160,2024-01-02,1314.03,Delivered,20
10467,525,271,2024-04-09,330.98,Delivered,61
10468,1405,266,2024-06-08,989.94,Delivered,65
10469,17,168,2024-04-15,1239.68,Delivered,17
10470,1831,279,2024-10-09,1470.33,Delivered,49
10471,769,145,2024-12-21,365.96,Delivered,31
10472,1151,225,2024-11-11,420.64,Delivered,20
10473,131,173,2024-05-24,655.49,Delivered,69
10474,1839,225,2024-12-14,543.38,Delivered,21
10475,683,208,2024-12-29,365.84,Delivered,26
10476,574,158,2024-12-16,913.67,Delivered,31
10477,971,279,2024-02-28,747.43,Delivered,29
10478,671,263,2024-12-28,152.4,Delivered,39
10479,1067,170,2024-11-28,318.47,Delivered,32
10480,115,201,2024-09-08,1234.01,Delivered,22
10481,466,299,2024-11-12,1105.77,Delivered,69
10482,1759,272,2024-06-12,1399.63,Pending,
10483,1940,265,2024-03-08,284.09,Pending,
10484,414,112,2024-03-15,205.74,Delivered,28
10485,1800,219,2024-12-12,550.66,Delivered,28
10486,1328,232,2024-01-09,794.73,Delivered,27
10487,72,206,2024-11-29,362.82,Delivered,36
10488,253,136,2024-02-29,960.7,Delivered,49
10489,1499,186,2024-11-24,798.91,Delivered,22
10490,778,111,2024-03-20,761.98,Delivered,27
10491,1986,287,2024-09-30,1396.87,Delivered,64
10492,1800,193,2024-02-18,286.62,Delivered,41
10493,1242,190,2024-03-21,1335.98,Delivered,17
10494,1427,253,2024-04-18,210.72,Delivered,36
10495,784,201,2024-10-10,1058.84,Cancelled,
10496,1546,127,2024-11-04,258.82,Delivered,53
10497,302,262,2024-09-23,193.95,Delivered,25
10498,1744,155,2024-12-09,554.3,Delivered,31
10499,924,259,2024-12-18,1267.67,Delivered,37
10500,89,229,2024-11-16,857.03,Delivered,53
10501,1054,262,2024-01-23,641.78,Delivered,34
10502,493,249,2024-08-31,821.06,Pending,
10503,1967,256,2024-05-27,970.2,Pending,
10504,1775,178,2024-01-01,653.85,Delivered,65
10505,795,249,2024-01-18,899.52,Delivered,53
10506,630,113,2024-12-11,285.85,Pending,
10507,1176,259,2024-12-28,101.25,Cancelled,
10508,953,228,2024-12-04,1437.84,Pending,
10509,1801,124,2024-11-01,327.91,Delivered,28
10510,416,200,2024-08-26,728.34,Delivered,24
10511,1156,227,2024-06-29,427.7,Delivered,21
10512,1445,300,2024-12-23,1074.63,Delivered,65
10513,460,137,2024-05-07,295.86,Delivered,48
10514,1551,244,2024-05-13,1178.71,Delivered,34
10515,1553,121,2024-09-05,485.37,Delivered,21
10516,264,272,2024-02-15,1142.18,Delivered,34
10517,1335,170,2024-12-28,819.98,Delivered,15
10518,299,274,2024-11-26,1077.39,Delivered,58
10519,1416,119,2024-09-30,231.05,Delivered,46
10520,210,164,2024-09-05,1049.68,Cancelled,
10521,475,104,2024-11-20,983.03,Delivered,60
10522,622,263,2024-07-20,114.57,Delivered,70
10523,1011,145,2024-11-02,440.66,Delivered,58
10524,1616,177,2024-11-19,1394.07,Delivered,25
10525,155,214,2024-08-05,1447.98,Delivered,56
10526,1550,180,2024-11-04,483.45,Delivered,67
10527,67,122,2024-11-01,451.77,Delivered,25
10528,1084,212,2024-08-05,699.01,Cancelled,
10529,708,199,2024-12-27,954.35,Pending,
10530,1581,272,2024-11-15,388.81,Delivered,17
10531,1165,173,2024-02-18,669.02,Delivered,27
10532,175,250,2024-12-03,935.12,Pending,
10533,967,109,2024-11-19,632.57,Pending,
10534,962,115,2024-12-27,329.04,Delivered,54
10535,266,169,2024-08-24,853.43,Delivered,20
10536,625,277,2024-05-23,320.77,Delivered,47
10537,1659,233,2024-05-01,297.9,Delivered,55
10538,407,260,2024-10-19,704.6,Delivered,60
10539,1376,215,2024-09-08,398.15,Delivered,30
10540,1008,141,2024-12-26,927.93,Delivered,53
10541,340,267,2024-11-14,293.53,Delivered,40
10542,148,233,2024-11-10,1003.96,Delivered,16
10543,733,202,2024-03-17,1376.03,Delivered,38
10544,56,194,2024-07-27,964.69,Pending,
10545,344,198,2024-12-24,1338.97,Delivered,27
10546,567,157,2024-09-24,1045.3,Delivered,24
10547,1567,187,2024-01-25,359.57,Delivered,25
10548,171,254,2024-08-31,710.16,Delivered,61
10549,609,115,2024-11-17,251.98,Delivered,59
10550,1388,207,2024-11-09,691.36,Delivered,18
10551,526,204,2024-11-01,1330.13,Delivered,43
10552,329,179,2024-07-20,1350.43,Delivered,37
10553,1588,284,2024-12-23,404.89,Cancelled,
10554,1550,236,2024-11-18,768.84,Delivered,65
10555,1479,255,2024-09-09,761.37,Cancelled,
10556,1866,148,2024-12-17,346.74,Delivered,25
10557,989,231,2024-12-14,200.97,Pending,
10558,1367,226,2024-02-24,287.08,Pending,
10559,297,210,2024-03-22,491.42,Pending,
10560,946,215,2024-11-03,1281.4,Pending,
10561,151,250,2024-12-24,152.06,Pending,
10562,250,146,2024-06-26,662.37,Delivered,61
10563,22,176,2024-10-13,695.55,Delivered,24
10564,663,234,2024-09-14,1445.95,Pending,
10565,147,108,2024-03-22,486.26,Delivered,39
10566,712,201,2024-11-18,1297.51,Pending,
10567,1514,208,2024-02-05,1401.88,Delivered,36
10568,539,129,2024-03-06,803.26,Cancelled,
10569,1027,208,2024-06-02,750.4,Cancelled,
10570,16,130,2024-10-24,625.46,Delivered,16
10571,1813,291,2024-11-15,370.35,Delivered,46
10572,63,203,2024-05-04,1043.05,Delivered,28
10573,1664,221,2024-06-18,1423.34,Delivered,27
10574,672,176,2024-07-06,1009.68,Delivered,25
10575,1206,105,2024-12-04,1219.69,Delivered,29
10576,1450,242,2024-11-04,1399.5,Delivered,33
10577,1674,113,2024-11-02,180.04,Delivered,65
10578,180,292,2024-01-12,1125.74,Delivered,63
10579,835,104,2024-09-19,161.98,Delivered,51
10580,321,265,2024-12-07,995.58,Pending,
10581,175,187,2024-11-16,815.93,Delivered,24
10582,1940,196,2024-01-29,335.98,Delivered,41
10583,1112,292,2024-12-06,1245.44,Delivered,67
10584,1104,256,2024-12-24,354.72,Delivered,31
10585,1259,230,2024-06-28,1344.03,Delivered,67
10586,1462,224,2024-07-06,1487.63,Pending,
10587,1431,149,2024-02-14,1136.52,Delivered,35
10588,495,243,2024-12-30,628.99,Delivered,33
10589,1209,151,2024-12-14,494.77,Delivered,29
10590,604,265,2024-12-30,1419.98,Pending,
10591,1531,299,2024-11-21,1221.84,Delivered,61
10592,1983,117,2024-11-21,1406.85,Delivered,50
10593,1322,120,2024-01-02,934.76,Delivered,34
10594,1376,115,2024-09-18,790.75,Delivered,41
10595,57,296,2024-02-08,759.41,Pending,
10596,323,274,2024-07-14,1294.52,Delivered,62
10597,1287,221,2024-11-28,509.31,Pending,
10598,1474,108,2024-12-08,797.23,Delivered,46
10599,415,104,2024-12-07,1356.74,Delivered,54
10600,1618,250,2024-12-23,622.14,Delivered,21
10601,974,175,2024-11-30,648.19,Pending,
10602,1192,278,2024-05-16,373.46,Pending,
10603,868,244,2024-11-19,1279.6,Pending,
10604,47,271,2024-09-24,483.08,Delivered,38
10605,955,248,2024-06-26,1426.24,Cancelled,
10606,404,242,2024-06-24,986.56,Cancelled,
10607,1184,253,2024-11-25,283.45,Delivered,37
10608,1905,209,2024-12-11,129.87,Delivered,69
10609,331,224,2024-07-25,401.86,Delivered,40
10610,1457,262,2024-05-25,1190.04,Cancelled,
10611,423,298,2024-08-18,650.58,Cancelled,
10612,1393,278,2024-10-25,1370.44,Delivered,69
10613,1024,128,2024-02-11,1043.94,Cancelled,
10614,730,159,2024-12-07,705.17,Cancelled,
10615,1582,262,2024-02-28,221.86,Cancelled,
10616,648,208,2024-05-24,1249.46,Delivered,41
10617,103,140,2024-12-07,241.82,Delivered,67
10618,1614,147,2024-07-31,968.9,Delivered,45
10619,333,298,2024-09-15,1075.4,Delivered,28
10620,359,146,2024-04-16,1465.17,Delivered,19
10621,1157,206,2024-03-30,526.41,Delivered,52
10622,1025,119,2024-01-24,162.56,Cancelled,
10623,1140,277,2024-03-21,690.94,Delivered,38
10624,1977,209,2024-11-22,522.41,Cancelled,
10625,1651,104,2024-12-09,1257.25,Pending,
10626,433,273,2024-05-10,1060.05,Delivered,20
10627,1800,198,2024-11-01,782.46,Delivered,37
10628,87,101,2024-12-21,1048.96,Delivered,25
10629,1124,185,2024-01-26,144.18,Delivered,38
10630,962,278,2024-07-23,847.55,Delivered,54
10631,374,139,2024-11-08,1312.0,Delivered,16
10632,1576,199,2024-06-26,1109.47,Cancelled,
10633,1325,216,2024-11-07,515.66,Delivered,55
10634,116,122,2024-01-02,395.24,Delivered,24
10635,3,284,2024-10-08,754.11,Delivered,19
10636,1894,228,2024-12-23,1114.21,Delivered,48
10637,968,265,2024-12-04,1225.07,Pending,
10638,,226,2024-03-13,274.13,Delivered,45
10639,223,138,2024-11-16,645.41,Delivered,47
10640,463,202,2024-11-05,952.89,Delivered,62
10641,1522,273,2024-02-19,668.92,Delivered,37
10642,1118,276,2024-11-14,690.69,Delivered,59
10643,336,143,2024-03-19,1443.16,Delivered,49
10644,771,117,2024-03-12,240.66,Delivered,60
10645,1430,194,2024-12-06,1397.28,Delivered,53
10646,1175,167,2024-04-09,1350.13,Pending,
10647,1121,119,2024-07-22,108.83,Pending,
10648,298,167,2024-06-03,121.7,Cancelled,
10649,1161,277,2024-04-16,535.05,Delivered,66
10650,232,272,2024-07-07,627.27,Delivered,20
10651,1703,254,2024-02-14,411.52,Delivered,52
10652,1917,147,2024-01-06,260.35,Cancelled,
10653,1659,199,2024-12-18,372.05,Delivered,40
10654,696,229,2024-10-11,743.36,Delivered,57
10655,975,274,2024-12-14,564.78,Delivered,61
10656,235,259,2024-12-03,849.22,Delivered,53
10657,38,170,2024-12-02,222.52,Cancelled,
10658,1716,148,2024-02-12,941.04,Delivered,15
10659,556,134,2024-01-17,222.54,Pending,
10660,749,250,2024-11-22,324.11,Delivered,22
10661,161,296,2024-07-20,591.51,Delivered,46
10662,1890,148,2024-11-06,319.26,Delivered,36
10663,1491,107,2024-09-21,537.14,Delivered,21
10664,1924,274,2024-10-24,1486.39,Delivered,25
10665,372,168,2024-12-19,1325.58,Delivered,65
10666,1756,168,2024-12-17,659.95,Delivered,69
10667,708,247,2024-12-21,279.14,Delivered,52
10668,1005,199,2024-05-22,1246.85,Delivered,19
10669,1130,149,2024-10-14,335.22,Delivered,59
10670,1205,131,2024-11-11,1227.14,Delivered,60
10671,989,144,2024-11-24,1130.37,Delivered,19
10672,1049,145,2024-12-10,153.56,Delivered,22
10673,1655,216,2024-01-02,836.79,Delivered,27
10674,697,158,2024-06-06,719.28,Delivered,24
10675,544,140,2024-12-19,1489.12,Cancelled,
10676,122,292,2024-11-23,896.2,Delivered,52
10677,383,181,2024-09-09,1118.84,Cancelled,
10678,1725,268,2024-03-21,941.9,Delivered,60
10679,882,291,2024-11-11,853.3,Delivered,68
10680,143,287,2024-02-13,1009.2,Delivered,45
10681,105,147,2024-02-06,636.08,Delivered,39
10682,1867,277,2024-09-11,174.88,Delivered,61
10683,599,121,2024-11-10,684.95,Delivered,16
10684,1095,153,2024-11-13,1268.15,Delivered,63
10685,1608,249,2024-12-15,416.91,Delivered,68
10686,1183,161,2024-05-10,1280.57,Delivered,66
10687,1726,164,2024-12-12,195.93,Pending,
10688,1217,143,2024-11-30,1250.86,Delivered,29
10689,1205,219,2024-12-04,827.27,Delivered,48
10690,923,219,2024-12-28,1419.39,Delivered,34
10691,289,160,2024-12-09,658.76,Delivered,62
10692,1204,102,2024-12-30,777.79,Cancelled,
10693,1263,210,2024-12-15,744.8,Cancelled,
10694,1510,109,2024-08-24,841.82,Delivered,24
10695,765,163,2024-10-27,964.83,Delivered,27
10696,1875,235,2024-11-19,1427.94,Delivered,22
10697,1765,284,2024-11-28,465.62,Pending,
10698,1378,265,2024-12-14,270.03,Delivered,31
10699,576,144,2024-04-15,464.28,Delivered,26
10700,764,284,2024-09-16,1435.47,Delivered,19
10701,20,235,2024-03-18,986.77,Delivered,43
10702,197,101,2024-12-06,734.37,Pending,
10703,666,163,2024-12-08,1269.16,Delivered,33
10704,1381,202,2024-10-13,1143.64,Delivered,67
10705,1680,187,2024-12-25,794.26,Cancelled,
10706,678,161,2024-10-07,265.66,Cancelled,
10707,1626,212,2024-07-07,365.83,Delivered,45
10708,1074,121,2024-02-27,116.18,Delivered,65
10709,875,139,2024-12-08,828.3,Cancelled,
10710,524,300,2024-08-03,912.9,Delivered,20
10711,859,244,2024-12-22,582.94,Delivered,39
10712,589,258,2024-12-09,126.45,Delivered,55
10713,555,172,2024-12-08,1067.42,Delivered,68
10714,1180,147,2024-11-01,632.55,Delivered,19
10715,1742,258,2024-11-30,1014.51,Pending,
10716,1963,176,2024-11-20,325.98,Delivered,68
10717,1877,219,2024-11-13,187.24,Delivered,67
10718,999,151,2024-01-13,1178.55,Cancelled,
10719,723,150,2024-12-11,889.74,Delivered,25
10720,1487,170,2024-06-17,1033.63,Delivered,22
10721,483,149,2024-12-27,1101.78,Delivered,62
10722,1224,196,2024-04-10,286.74,Delivered,32
10723,851,246,2024-11-22,272.63,Cancelled,
10724,1130,233,2024-12-02,1400.25,Cancelled,
10725,987,141,2024-06-06,421.98,Cancelled,
10726,1754,131,2024-10-07,1050.65,Delivered,44
10727,1733,129,2024-11-15,695.66,Delivered,33
10728,1903,191,2024-04-21,1205.63,Delivered,48
10729,535,105,2024-05-16,781.72,Delivered,34
10730,1518,195,2024-06-05,100.62,Delivered,48
10731,1957,253,2024-06-02,309.29,Delivered,25
10732,1056,149,2024-04-28,107.62,Pending,
10733,62,119,2024-12-12,1270.01,Cancelled,
10734,359,130,2024-10-17,860.95,Delivered,61
10735,35,143,2024-11-01,1234.42,Delivered,55
10736,1325,188,2024-03-25,1031.84,Pending,
10737,879,271,2024-12-16,166.74,Pending,
10738,1683,210,2024-11-06,1337.96,Delivered,67
10739,1574,287,2024-08-08,1048.1,Delivered,59
10740,847,252,2024-12-04,144.9,Delivered,62
10741,1867,120,2024-06-07,164.98,Cancelled,
10742,1861,225,2024-11-02,429.78,Delivered,47
10743,1608,236,2024-11-29,1264.01,Delivered,39
10744,459,147,2024-12-03,537.86,Delivered,69
10745,1891,158,2024-04-27,691.33,Delivered,67
10746,1796,148,2024-11-09,1320.05,Delivered,46
10747,1292,247,2024-02-24,264.92,Pending,
10748,358,237,2024-05-06,138.29,Delivered,19
10749,42,140,2024-11-08,124.7,Pending,
10750,180,168,2024-11-16,904.86,Delivered,60
10751,682,197,2024-12-27,403.7,Delivered,44
10752,1182,290,2024-08-18,665.57,Pending,
10753,1079,187,2024-04-11,465.55,Delivered,66
10754,1761,171,2024-11-09,954.69,Delivered,40
10755,1720,153,2024-09-01,390.87,Delivered,15
10756,86,158,2024-05-19,738.83,Delivered,57
10757,830,139,2024-12-11,347.23,Delivered,62
10758,1322,112,2024-03-05,986.79,Delivered,52
10759,591,104,2024-02-25,225.68,Delivered,23
10760,106,225,2024-09-14,242.95,Cancelled,
10761,1503,269,2024-11-19,640.99,Delivered,67
10762,856,267,2024-11-02,791.03,Delivered,64
10763,1414,161,2024-08-31,373.19,Cancelled,
10764,1442,195,2024-11-15,623.23,Delivered,70
10765,658,190,2024-08-07,1136.67,Delivered,24
10766,1395,238,2024-06-02,741.48,Delivered,39
10767,73,115,2024-06-06,1195.19,Delivered,51
10768,1946,124,2024-07-13,251.02,Delivered,38
10769,1137,126,2024-06-01,235.21,Delivered,54
10770,1690,177,2024-11-19,1435.09,Delivered,36
10771,891,102,2024-07-16,888.45,Delivered,57
10772,558,253,2024-07-12,1142.05,Cancelled,
10773,1962,219,2024-08-07,1379.65,Delivered,25
10774,504,175,2024-11-05,1156.71,Delivered,23
10775,367,257,2024-11-18,135.5,Delivered,37
10776,53,224,2024-10-30,1105.52,Delivered,25
10777,48,126,2024-11-06,742.62,Delivered,17
10778,1213,177,2024-11-11,362.4,Pending,
10779,1893,136,2024-12-25,1495.57,Pending,
10780,1340,193,2024-09-19,764.49,Delivered,22
10781,1371,284,2024-11-28,308.67,Delivered,60
10782,1440,217,2024-12-01,239.38,Delivered,39
10783,1507,118,2024-08-26,455.68,Cancelled,
10784,1053,252,2024-12-15,608.89,Delivered,35
10785,1093,182,2024-06-12,553.06,Delivered,22
10786,645,170,2024-11-18,447.4,Delivered,33
10787,492,241,2024-05-26,429.4,Pending,
10788,1050,176,2024-07-26,1122.86,Delivered,69
10789,539,267,2024-12-30,517.78,Delivered,38
10790,1529,277,2024-12-25,1048.28,Delivered,30
10791,1600,228,2024-12-01,903.56,Delivered,21
10792,669,192,2024-09-27,864.12,Delivered,27
10793,1174,187,2024-06-19,480.17,Delivered,55
10794,657,281,2024-04-02,1456.58,Delivered,37
10795,490,224,2024-12-25,1388.66,Cancelled,
10796,842,286,2024-02-01,951.56,Delivered,70
10797,812,241,2024-11-20,175.89,Delivered,67
10798,1077,161,2024-11-01,355.16,Delivered,38
10799,537,263,2024-01-28,274.27,Delivered,26
10800,1814,251,2024-11-15,981.57,Delivered,51
10801,502,198,2024-06-02,149.71,Delivered,22
10802,60,169,2024-12-18,898.82,Delivered,55
10803,1284,300,2024-07-18,136.83,Delivered,27
10804,1858,179,2024-04-19,128.83,Delivered,41
10805,1776,212,2024-04-11,533.86,Delivered,41
10806,770,114,2024-06-14,790.17,Delivered,69
10807,1478,248,2024-11-22,571.0,Delivered,27
10808,853,148,2024-04-08,212.87,Delivered,19
10809,1430,140,2024-01-24,877.44,Delivered,58
10810,1975,111,2024-12-01,759.8,Pending,
10811,54,109,2024-09-12,1195.5,Pending,
10812,1232,233,2024-12-06,1067.84,Pending,
10813,1588,216,2024-12-21,1395.13,Delivered,42
10814,1044,270,2024-04-12,1251.97,Delivered,42
10815,657,109,2024-04-19,415.22,Pending,
10816,136,270,2024-11-08,1203.89,Delivered,21
10817,1731,169,2024-11-19,378.94,Delivered,32
10818,772,260,2024-09-23,471.28,Delivered,47
10819,1794,173,2024-11-20,1242.13,Cancelled,
10820,365,195,2024-01-07,226.51,Delivered,64
10821,476,271,2024-09-23,493.85,Delivered,24
10822,1773,105,2024-11-11,1275.91,Delivered,25
10823,23,129,2024-11-07,289.97,Pending,
10824,1966,203,2024-11-07,787.68,Pending,
10825,727,183,2024-07-05,595.49,Delivered,21
10826,1282,240,2024-12-15,1405.33,Cancelled,
10827,,274,2024-02-16,521.21,Delivered,65
10828,859,136,2024-11-14,676.66,Cancelled,
10829,1561,281,2024-11-16,981.2,Delivered,20
10830,33,229,2024-12-10,1342.19,Delivered,32
10831,1266,127,2024-11-20,1018.93,Cancelled,
10832,530,235,2024-07-26,472.28,Delivered,24
10833,1007,187,2024-02-16,720.41,Delivered,15
10834,743,299,2024-11-11,1488.04,Delivered,37
10835,789,158,2024-09-11,377.07,Delivered,27
10836,1737,179,2024-11-07,203.86,Delivered,16
10837,1557,293,2024-11-01,335.9,Delivered,16
10838,1872,119,2024-08-18,747.06,Delivered,39
10839,1970,202,2024-03-09,622.53,Delivered,63
10840,965,240,2024-06-01,255.65,Delivered,61
10841,1031,180,2024-03-30,230.85,Delivered,65
10842,996,165,2024-11-19,307.98,Delivered,18
10843,1351,290,2024-08-30,879.84,Delivered,27
10844,886,223,2024-11-04,982.82,Pending,
10845,1994,176,2024-12-08,1288.78,Delivered,55
10846,313,199,2024-12-19,843.55,Delivered,43
10847,1802,253,2024-11-19,590.56,Delivered,15
10848,1210,220,2024-12-18,395.41,Delivered,53
10849,1889,234,2024-04-23,1296.84,Pending,
10850,331,281,2024-11-10,1374.59,Pending,
10851,738,292,2024-11-03,509.04,Cancelled,
10852,1285,271,2024-11-19,1373.41,Delivered,28
10853,1651,269,2024-11-16,773.34,Delivered,69
10854,693,246,2024-11-06,216.3,Delivered,64
10855,763,133,2024-02-07,1470.13,Pending,
10856,192,190,2024-10-26,597.56,Pending,
10857,1091,119,2024-11-27,1216.96,Pending,
10858,1079,206,2024-09-17,1020.04,Delivered,29
10859,304,161,2024-02-21,200.1,Delivered,60
10860,339,145,2024-11-16,905.53,Delivered,38
10861,921,105,2024-11-30,662.98,Delivered,18
10862,1677,123,2024-11-30,400.43,Delivered,32
10863,963,114,2024-04-06,179.31,Delivered,33
10864,162,172,2024-11-14,714.51,Cancelled,
10865,1946,171,2024-12-14,483.44,Delivered,70
10866,1332,132,2024-08-14,1163.55,Delivered,63
10867,1314,150,2024-11-26,574.17,Delivered,68
10868,1040,217,2024-08-17,842.96,Delivered,62
10869,1154,119,2024-06-29,570.07,Delivered,65
10870,899,138,2024-07-17,450.77,Delivered,64
10871,444,212,2024-11-07,772.24,Delivered,34
10872,1922,224,2024-03-22,1331.92,Delivered,67
10873,1383,133,2024-12-19,1218.83,Delivered,27
10874,1938,126,2024-12-27,1228.19,Delivered,39
10875,578,175,2024-02-20,866.13,Delivered,65
10876,683,169,2024-01-15,826.63,Delivered,48
10877,1507,104,2024-11-05,482.49,Delivered,16
10878,1600,220,2024-07-22,1070.52,Delivered,70
10879,1290,258,2024-10-04,1211.03,Delivered,36
10880,1513,248,2024-04-25,240.98,Pending,
10881,1812,228,2024-12-24,1028.96,Pending,
10882,941,233,2024-06-19,726.72,Delivered,59
10883,1198,275,2024-12-24,780.4,Delivered,35
10884,888,221,2024-12-06,836.35,Delivered,42
10885,1009,240,2024-03-01,1124.06,Pending,
10886,365,106,2024-12-05,1491.05,Delivered,24
10887,1341,233,2024-11-09,518.48,Delivered,19
10888,1782,187,2024-05-27,1407.01,Delivered,57
10889,754,105,2024-10-26,880.58,Delivered,21
10890,1113,242,2024-02-11,632.73,Cancelled,
10891,1729,237,2024-05-19,815.85,Delivered,50
10892,1587,183,2024-11-16,960.74,Delivered,70
10893,843,216,2024-12-03,240.18,Delivered,51
10894,649,175,2024-11-12,231.4,Delivered,63
10895,1500,174,2024-12-17,638.97,Delivered,54
10896,1340,300,2024-10-27,966.08,Cancelled,
10897,195,157,2024-11-21,987.96,Delivered,44
10898,45,112,2024-12-05,1470.51,Delivered,19
10899,1282,138,2024-11-17,1338.34,Delivered,26
10900,453,233,2024-10-01,959.82,Delivered,17
10901,416,238,2024-11-18,1122.67,Delivered,67
10902,106,171,2024-11-25,1324.17,Delivered,62
10903,1872,209,2024-12-06,1445.82,Delivered,37
10904,1599,246,2024-12-30,599.73,Cancelled,
10905,873,144,2024-10-31,1113.97,Pending,
10906,1755,193,2024-12-15,722.84,Cancelled,
10907,1643,135,2024-01-21,705.49,Cancelled,
10908,755,171,2024-11-27,120.86,Cancelled,
10909,439,105,2024-11-20,1032.59,Cancelled,
10910,1588,166,2024-12-18,1357.44,Pending,
10911,1573,281,2024-01-03,1105.23,Pending,
10912,1681,136,2024-09-21,272.22,Cancelled,
10913,1891,114,2024-12-07,1064.74,Cancelled,
10914,306,250,2024-11-28,1108.18,Delivered,0
10915,1919,118,2024-04-18,732.77,Pending,
10916,1599,108,2024-12-18,1374.46,Delivered,15
10917,342,278,2024-10-02,879.36,Delivered,28
10918,1185,214,2024-09-06,103.79,Pending,
10919,1928,213,2024-02-05,542.41,Delivered,62
10920,615,276,2024-11-17,497.1,Delivered,17
10921,1892,133,2024-04-21,1235.75,Delivered,16
10922,1834,155,2024-08-29,1014.38,Delivered,67
10923,73,110,2024-06-23,1252.14,Delivered,24
10924,1018,107,2024-09-20,401.34,Pending,
10925,1750,132,2024-02-01,432.05,Delivered,27
10926,61,217,2024-12-22,857.72,Pending,
10927,1316,156,2024-06-18,1145.42,Delivered,37
10928,52,241,2024-12-01,991.72,Pending,
10929,1658,282,2024-07-07,1498.97,Delivered,53
10930,1966,227,2024-12-05,1051.74,Delivered,41
10931,1343,213,2024-12-26,318.75,Delivered,25
10932,1620,238,2024-05-10,331.12,Delivered,15
10933,621,205,2024-11-29,231.03,Cancelled,
10934,600,136,2024-10-05,862.79,Delivered,18
10935,1982,205,2024-02-13,1377.22,Delivered,37
10936,53,122,2024-12-12,152.92,Delivered,25
10937,1640,264,2024-12-24,1487.97,Pending,
10938,216,126,2024-01-28,738.82,Delivered,62
10939,208,106,2024-07-23,954.59,Delivered,41
10940,1503,147,2024-12-05,479.74,Delivered,61
10941,39,141,2024-11-12,197.21,Delivered,19
10942,1650,109,2024-03-07,493.73,Delivered,26
10943,1199,192,2024-06-01,105.92,Delivered,66
10944,893,236,2024-05-26,307.3,Delivered,62
10945,253,282,2024-03-29,1173.78,Cancelled,
10946,1859,136,2024-12-11,392.12,Pending,
10947,1765,243,2024-01-19,707.76,Delivered,34
10948,548,200,2024-11-13,720.08,Delivered,61
10949,725,222,2024-12-09,206.64,Delivered,58
10950,977,152,2024-11-09,1294.17,Delivered,31
10951,297,124,2024-11-01,748.97,Pending,
10952,1584,120,2024-08-11,1028.98,Delivered,53
10953,271,252,2024-11-03,368.32,Delivered,69
10954,1155,175,2024-11-07,1290.76,Delivered,61
10955,543,137,2024-11-03,682.52,Delivered,57
10956,1369,246,2024-12-23,278.94,Cancelled,
10957,1636,295,2024-12-16,1337.01,Delivered,65
10958,58,172,2024-12-27,899.94,Delivered,31
10959,241,169,2024-11-17,1201.38,Delivered,42
10960,631,205,2024-04-21,944.92,Delivered,67
10961,1026,111,2024-03-12,1124.94,Delivered,39
10962,425,162,2024-09-09,599.37,Cancelled,
10963,1269,170,2024-06-10,1352.49,Cancelled,
10964,730,208,2024-12-12,690.91,Delivered,40
10965,1916,213,2024-10-21,1100.19,Delivered,34
10966,1439,231,2024-12-28,917.9,Delivered,15
10967,436,143,2024-11-09,325.97,Delivered,59
10968,524,291,2024-12-25,290.12,Delivered,61
10969,588,277,2024-03-02,528.63,Delivered,15
10970,34,173,2024-04-08,541.54,Delivered,68
10971,109,186,2024-02-21,1170.15,Pending,
10972,394,209,2024-05-29,660.45,Delivered,35
10973,1220,271,2024-12-28,417.66,Delivered,37
10974,419,259,2024-01-17,150.91,Cancelled,
10975,1104,156,2024-02-16,123.84,Delivered,46
10976,734,110,2024-10-29,564.66,Delivered,35
10977,558,196,2024-12-28,701.73,Delivered,17
10978,258,286,2024-06-01,345.36,Delivered,59
10979,1676,112,2024-10-14,565.65,Delivered,15
10980,1932,149,2024-02-21,302.87,Delivered,38
10981,690,247,2024-11-10,1283.15,Delivered,51
10982,1588,145,2024-02-05,950.62,Cancelled,
10983,228,211,2024-06-14,1372.98,Delivered,39
10984,1660,112,2024-11-05,252.84,Cancelled,
10985,1572,101,2024-12-05,161.92,Delivered,24
10986,1422,191,2024-11-12,655.68,Delivered,32
10987,1998,279,2024-03-03,757.64,Delivered,67
10988,145,268,2024-02-07,536.17,Pending,
10989,248,117,2024-12-30,1303.42,Delivered,50
10990,1022,146,2024-03-01,791.07,Cancelled,
10991,30,145,2024-11-13,863.08,Delivered,37
10992,86,153,2024-11-17,917.65,Delivered,44
10993,459,123,2024-11-06,312.54,Delivered,66
10994,1766,300,2024-12-16,1356.57,Delivered,34
10995,406,166,2024-07-14,631.4,Delivered,23
10996,1697,255,2024-11-12,1390.91,Delivered,26
10997,161,186,2024-11-17,1436.1,Delivered,15
10998,1563,199,2024-12-23,1425.92,Delivered,61
10999,232,279,2024-11-21,1106.11,Pending,
11000,564,253,2024-05-11,1407.61,Delivered,29
11001,1268,152,2024-02-01,138.98,Delivered,48
11002,224,152,2024-04-06,617.26,Delivered,59
11003,501,210,2024-05-20,188.21,Cancelled,
11004,718,129,2024-12-10,104.5,Delivered,39
11005,753,238,2024-12-31,559.08,Pending,
11006,1512,162,2024-10-12,1144.46,Delivered,20
11007,289,151,2024-12-14,576.51,Pending,
11008,997,257,2024-11-21,106.34,Delivered,17
11009,1439,289,2024-09-03,1312.02,Delivered,58
11010,1378,236,2024-12-20,447.65,Delivered,40
11011,906,150,2024-12-29,399.2,Delivered,62
11012,366,277,2024-05-06,385.96,Cancelled,
11013,685,179,2024-03-01,1036.05,Delivered,20
11014,589,151,2024-07-02,951.05,Delivered,54
11015,466,246,2024-12-27,722.91,Delivered,47
11016,1693,291,2024-09-29,1341.64,Delivered,64
11017,720,207,2024-11-15,1163.41,Delivered,15
11018,602,114,2024-12-12,750.52,Delivered,44
11019,952,105,2024-10-04,210.13,Delivered,36
11020,1024,234,2024-03-22,965.06,Delivered,32
11021,1772,291,2024-11-08,424.5,Delivered,64
11022,91,204,2024-06-08,401.39,Delivered,52
11023,1638,158,2024-11-14,645.13,Delivered,59
11024,297,209,2024-12-15,306.66,Delivered,53
11025,282,250,2024-12-29,1077.63,Pending,
11026,1408,269,2024-06-30,1206.44,Delivered,41
11027,1468,275,2024-01-08,1303.93,Delivered,56
11028,1302,239,2024-07-16,604.83,Delivered,45
11029,1224,253,2024-09-21,259.55,Delivered,53
11030,1313,206,2024-12-28,498.46,Delivered,44
11031,1015,132,2024-06-26,946.0,Delivered,54
11032,1535,251,2024-12-23,1113.01,Delivered,34
11033,636,274,2024-03-23,909.83,Delivered,49
11034,1030,173,2024-01-23,1127.43,Delivered,66
11035,524,215,2024-01-01,879.23,Delivered,20
11036,1401,252,2024-02-26,760.49,Delivered,37
11037,1049,240,2024-12-12,822.6,Delivered,61
11038,350,214,2024-11-23,1229.26,Delivered,31
11039,740,184,2024-02-16,1466.9,Pending,
11040,1776,256,2024-02-29,325.65,Cancelled,
11041,1849,179,2024-11-22,1376.37,Cancelled,
11042,1905,196,2024-04-27,648.15,Delivered,69
11043,1032,156,2024-08-28,133.04,Cancelled,
11044,87,282,2024-12-25,734.41,Delivered,56
11045,1410,142,2024-07-11,1200.57,Delivered,22
11046,1501,136,2024-12-29,406.59,Delivered,47
11047,246,300,2024-12-19,1398.13,Cancelled,
11048,1269,270,2024-12-09,1211.02,Delivered,55
11049,373,280,2024-11-09,470.49,Delivered,38
11050,1038,245,2024-04-29,1248.8,Delivered,53
11051,130,246,2024-11-15,817.96,Pending,
11052,1982,181,2024-07-02,319.18,Delivered,53
11053,320,257,2024-01-18,354.86,Pending,
11054,581,191,2024-06-12,1378.56,Delivered,23
11055,324,110,2024-12-16,1468.17,Cancelled,
11056,1912,146,2024-10-22,254.89,Pending,
11057,1346,277,2024-10-15,662.99,Delivered,30
11058,1336,194,2024-12-17,429.98,Delivered,69
11059,1295,210,2024-03-15,388.54,Delivered,55
11060,153,213,2024-12-25,1128.66,Delivered,68
11061,977,211,2024-12-08,1337.43,Delivered,40
11062,1749,206,2024-12-26,587.11,Delivered,55
11063,1736,222,2024-12-05,1134.66,Delivered,46
11064,579,226,2024-12-11,122.83,Delivered,40
11065,499,233,2024-12-27,175.46,Delivered,55
11066,1048,217,2024-12-14,738.93,Pending,
11067,529,106,2024-12-31,1170.88,Pending,
11068,1284,242,2024-10-06,556.07,Delivered,47
11069,1054,264,2024-03-04,724.57,Cancelled,
11070,559,207,2024-11-15,1328.64,Delivered,15
11071,1562,196,2024-10-12,341.61,Pending,
11072,924,108,2024-07-09,224.24,Delivered,52
11073,1205,169,2024-12-20,892.06,Delivered,36
11074,31,106,2024-01-26,698.14,Delivered,18
11075,1643,278,2024-02-06,996.19,Delivered,29
11076,1639,174,2024-02-24,235.75,Delivered,55
11077,685,147,2024-05-13,981.26,Delivered,43
11078,1148,274,2024-01-28,258.97,Pending,
11079,131,130,2024-11-01,1351.32,Delivered,53
11080,719,149,2024-12-19,707.05,Delivered,55
11081,1408,132,2024-03-06,305.64,Delivered,31
11082,671,298,2024-12-22,870.72,Delivered,16
11083,1408,223,2024-04-21,783.53,Delivered,39
11084,1655,220,2024-12-25,884.94,Delivered,39
11085,1562,103,2024-06-24,1103.66,Delivered,60
11086,860,175,2024-11-06,223.35,Delivered,26
11087,1130,287,2024-12-22,1076.84,Delivered,57
11088,602,286,2024-11-29,968.42,Delivered,27
11089,1869,233,2024-04-08,549.79,Delivered,44
11090,390,290,2024-11-18,706.55,Delivered,57
11091,734,141,2024-12-11,1093.12,Delivered,30
11092,1908,167,2024-12-26,873.09,Delivered,23
11093,850,288,2024-03-09,1322.32,Delivered,38
11094,1105,279,2024-12-30,990.46,Cancelled,
11095,492,238,2024-12-31,1116.54,Delivered,65
11096,1026,240,2024-11-01,1102.22,Delivered,54
11097,550,184,2024-09-18,981.07,Delivered,43
11098,106,256,2024-02-11,967.31,Cancelled,
11099,1163,271,2024-06-18,891.27,Delivered,55
11100,500,253,2024-05-11,1246.2,Delivered,54
11101,446,102,2024-12-21,874.19,Delivered,44
11102,1757,229,2024-12-08,1011.43,Delivered,62
11103,1650,144,2024-04-29,181.69,Cancelled,
11104,235,180,2024-06-17,1388.93,Delivered,56
11105,1383,139,2024-01-07,1275.34,Delivered,47
11106,512,214,2024-11-11,1499.61,Delivered,47
11107,149,240,2024-10-03,236.22,Delivered,45
11108,1082,115,2024-11-02,498.84,Delivered,47
11109,1341,265,2024-12-14,1202.35,Delivered,35
11110,1756,159,2024-12-10,287.8,Delivered,45
11111,275,123,2024-12-21,190.02,Delivered,19
11112,1963,123,2024-11-17,607.17,Delivered,40
11113,725,294,2024-03-08,199.2,Delivered,37
11114,182,177,2024-03-29,1052.61,Delivered,69
11115,1,102,2024-09-19,859.03,Pending,
11116,1337,221,2024-06-01,1142.64,Delivered,34
11117,492,218,2024-03-25,324.14,Pending,
11118,756,184,2024-08-07,1204.65,Delivered,20
11119,1722,294,2024-11-14,597.02,Pending,
11120,1144,119,2024-09-09,381.15,Cancelled,
11121,853,283,2024-10-29,1045.37,Delivered,30
11122,917,221,2024-02-15,236.37,Delivered,67
11123,1707,182,2024-04-08,1195.57,Delivered,69
11124,1870,249,2024-11-21,1415.1,Delivered,22
11125,1423,189,2024-11-16,513.91,Delivered,17
11126,1361,106,2024-08-08,1319.35,Cancelled,
11127,276,159,2024-11-14,1237.54,Pending,
11128,1099,121,2024-12-31,806.82,Delivered,63
11129,1909,292,2024-08-12,628.89,Delivered,35
11130,1365,297,2024-07-05,1348.83,Pending,
11131,1349,263,2024-08-25,1491.75,Delivered,31
11132,296,195,2024-11-28,1372.51,Delivered,52
11133,1467,205,2024-05-07,283.37,Delivered,32
11134,1204,201,2024-09-05,1198.71,Delivered,50
11135,1299,221,2024-12-18,1213.91,Delivered,28
11136,1127,108,2024-02-29,1466.16,Delivered,40
11137,1746,290,2024-08-11,351.84,Delivered,58
11138,1837,199,2024-12-18,353.84,Delivered,31
11139,347,235,2024-01-31,1015.21,Delivered,25
11140,814,239,2024-12-13,507.73,Delivered,67
11141,7,262,2024-12-04,664.51,Pending,
11142,1080,248,2024-12-02,1460.32,Delivered,24
11143,145,260,2024-12-22,1237.79,Delivered,27
11144,1503,109,2024-06-01,277.07,Cancelled,
11145,1240,184,2024-06-02,1440.57,Pending,
11146,1596,189,2024-06-28,1147.3,Delivered,34
11147,850,144,2024-12-24,1185.57,Delivered,21
11148,829,156,2024-12-16,1024.21,Delivered,64
11149,1544,174,2024-09-06,176.96,Delivered,29
11150,449,213,2024-05-11,1467.04,Cancelled,
11151,545,133,2024-12-17,1373.64,Delivered,66
11152,1790,273,2024-07-10,1320.98,Pending,
11153,54,278,2024-06-15,686.29,Delivered,63
11154,270,286,2024-10-24,235.51,Cancelled,
11155,107,229,2024-09-14,116.34,Delivered,32
11156,308,116,2024-04-30,124.96,Pending,
11157,1927,278,2024-08-24,304.24,Delivered,68
11158,1226,209,2024-07-19,1402.99,Delivered,32
11159,1269,181,2024-09-24,1074.99,Delivered,18
11160,183,289,2024-11-02,162.73,Delivered,65
11161,1138,183,2024-10-21,194.37,Delivered,59
11162,797,190,2024-12-27,794.88,Delivered,22
11163,293,213,2024-12-08,1437.02,Delivered,24
11164,832,124,2024-09-19,686.53,Delivered,57
11165,1199,211,2024-12-23,1098.7,Cancelled,
11166,288,107,2024-08-11,457.38,Delivered,31
11167,948,121,2024-11-08,1032.27,Pending,
11168,188,280,2024-07-27,392.31,Pending,
11169,1805,124,2024-12-23,149.7,Delivered,39
11170,1800,137,2024-11-24,1388.15,Delivered,57
11171,683,163,2024-11-25,1118.5,Delivered,15
11172,704,243,2024-02-11,1409.87,Cancelled,
11173,1420,198,2024-11-18,104.64,Delivered,39
11174,190,108,2024-01-18,708.66,Delivered,51
11175,712,291,2024-02-04,1210.15,Delivered,48
11176,1255,152,2024-10-20,1074.68,Delivered,35
11177,396,210,2024-02-27,518.52,Delivered,57
11178,158,242,2024-11-30,882.72,Delivered,29
11179,1669,219,2024-12-15,383.92,Delivered,26
11180,696,117,2024-12-18,1024.88,Delivered,21
11181,1975,235,2024-12-12,211.35,Delivered,19
11182,672,283,2024-11-09,213.01,Delivered,65
11183,1649,155,2024-04-15,124.06,Delivered,17
11184,1632,161,2024-09-15,925.14,Delivered,44
11185,466,220,2024-08-24,614.5,Delivered,56
11186,211,106,2024-06-06,617.92,Delivered,45
11187,259,298,2024-11-17,1141.97,Delivered,46
11188,790,168,2024-12-21,211.46,Delivered,16
11189,1915,252,2024-05-10,1124.73,Delivered,24
11190,1463,135,2024-06-14,506.49,Delivered,66
11191,257,144,2024-02-06,462.96,Delivered,63
11192,803,289,2024-11-22,1333.38,Pending,
11193,1586,211,2024-04-30,395.51,Delivered,56
11194,438,103,2024-11-06,1229.98,Delivered,21
11195,160,132,2024-12-24,441.78,Delivered,28
11196,1427,208,2024-12-18,968.65,Pending,
11197,370,291,2024-04-18,1137.78,Delivered,61
11198,1295,146,2024-03-18,206.97,Delivered,19
11199,213,233,2024-10-20,868.98,Delivered,47
11200,988,250,2024-04-22,389.25,Delivered,27
11201,1058,267,2024-11-18,1002.77,Pending,
11202,1929,209,2024-01-11,326.41,Pending,
11203,314,244,2024-12-02,1387.85,Pending,
11204,1303,131,2024-05-16,430.71,Delivered,56
11205,1654,233,2024-10-04,447.4,Delivered,47
11206,1471,244,2024-12-04,834.52,Cancelled,
11207,996,269,2024-10-30,709.89,Delivered,44
11208,836,243,2024-01-27,349.75,Delivered,41
11209,536,170,2024-11-12,1018.52,Pending,
11210,1480,263,2024-05-19,819.98,Delivered,59
11211,1486,300,2024-12-17,1181.5,Delivered,24
11212,1182,111,2024-07-09,457.91,Delivered,65
11213,1697,140,2024-11-23,469.06,Pending,
11214,76,124,2024-11-24,857.24,Pending,
11215,1589,154,2024-04-07,1006.43,Delivered,36
11216,1835,260,2024-09-17,625.26,Pending,
11217,1476,128,2024-12-19,445.06,Delivered,49
11218,1742,165,2024-05-21,554.11,Delivered,44
11219,1161,149,2024-03-29,1369.93,Delivered,28
11220,534,189,2024-01-30,809.52,Delivered,19
11221,1888,222,2024-10-30,628.92,Delivered,60
11222,597,179,2024-07-18,622.42,Delivered,52
11223,121,235,2024-12-30,590.53,Delivered,18
11224,990,112,2024-02-19,459.57,Delivered,26
11225,342,269,2024-12-10,575.15,Delivered,15
11226,773,190,2024-06-29,343.07,Delivered,16
11227,1220,272,2024-11-13,708.87,Delivered,49
11228,1053,174,2024-12-25,1098.43,Delivered,61
11229,1562,117,2024-09-10,497.91,Cancelled,
11230,1532,181,2024-09-24,1433.47,Delivered,56
11231,438,212,2024-12-13,116.64,Delivered,47
11232,1190,269,2024-04-29,1007.68,Delivered,29
11233,869,191,2024-12-24,1304.75,Delivered,44
11234,960,171,2024-05-08,401.05,Delivered,15
11235,1161,281,2024-01-28,548.66,Delivered,65
11236,61,129,2024-12-10,1250.46,Delivered,27
11237,1671,299,2024-12-26,1498.88,Delivered,64
11238,963,286,2024-12-13,781.55,Delivered,54
11239,1929,209,2024-02-19,801.38,Pending,
11240,730,161,2024-01-11,1168.47,Delivered,22
11241,1693,274,2024-11-21,1143.44,Delivered,70
11242,312,198,2024-11-10,391.24,Delivered,17
11243,912,280,2024-09-23,1287.44,Delivered,45
11244,,232,2024-05-24,686.32,Delivered,38
11245,1719,175,2024-12-17,1075.8,Delivered,48
11246,860,201,2024-03-29,757.87,Delivered,29
11247,1522,178,2024-12-19,813.07,Delivered,33
11248,1158,213,2024-08-13,1112.13,Delivered,50
11249,1866,120,2024-12-18,1312.68,Cancelled,
11250,163,266,2024-02-22,1184.44,Delivered,52
11251,555,235,2024-12-04,884.5,Delivered,44
11252,850,279,2024-11-13,1213.55,Delivered,42
11253,478,196,2024-02-23,844.79,Pending,
11254,824,264,2024-04-10,544.28,Delivered,45
11255,1977,160,2024-05-26,566.04,Delivered,34
11256,1709,278,2024-08-16,359.07,Delivered,58
11257,1524,217,2024-04-13,273.5,Pending,
11258,53,214,2024-11-15,366.22,Cancelled,
11259,1051,127,2024-02-25,564.17,Delivered,66
11260,1563,141,2024-08-12,443.25,Cancelled,
11261,926,270,2024-01-11,479.54,Delivered,31
11262,1705,280,2024-12-31,856.72,Delivered,20
11263,444,202,2024-11-09,440.97,Delivered,40
11264,497,133,2024-08-22,732.46,Delivered,31
11265,1474,229,2024-12-23,121.79,Delivered,19
11266,1650,101,2024-12-16,935.67,Cancelled,
11267,1210,279,2024-06-19,742.75,Delivered,19
11268,1391,247,2024-08-01,1379.37,Delivered,58
11269,906,247,2024-12-07,892.69,Delivered,46
11270,1892,238,2024-04-09,644.06,Delivered,70
11271,1594,281,2024-09-09,914.2,Delivered,60
11272,1742,246,2024-12-14,1410.07,Delivered,67
11273,34,228,2024-10-22,816.18,Delivered,59
11274,499,234,2024-10-31,251.38,Delivered,40
11275,1801,134,2024-12-02,1140.54,Delivered,54
11276,685,275,2024-12-31,1089.59,Delivered,64
11277,810,224,2024-11-16,1396.65,Delivered,59
11278,1813,150,2024-04-01,302.37,Delivered,16
11279,749,179,2024-08-26,1131.22,Pending,
11280,1700,270,2024-12-25,878.09,Delivered,63
11281,1700,196,2024-05-14,770.81,Delivered,15
11282,59,133,2024-10-18,1129.88,Delivered,34
11283,1635,157,2024-02-18,1456.15,Delivered,69
11284,1450,173,2024-12-02,1023.2,Delivered,65
11285,252,163,2024-08-24,1312.42,Delivered,57
11286,559,256,2024-12-05,-1313.13,Delivered,65
11287,1512,247,2024-08-02,543.12,Delivered,48
11288,1408,187,2024-11-29,540.77,Delivered,26
11289,1916,139,2024-11-08,220.22,Delivered,65
11290,1169,274,2024-01-25,561.95,Delivered,26
11291,1873,148,2024-12-01,1012.7,Delivered,25
11292,1313,277,2024-12-20,1283.35,Delivered,44
11293,1095,105,2024-12-04,532.31,Delivered,32
11294,304,247,2024-10-13,1436.88,Delivered,35
11295,751,111,2024-10-27,364.4,Delivered,17
11296,1411,282,2024-03-09,1021.3,Delivered,32
11297,1396,284,2024-04-22,155.32,Delivered,68
11298,207,101,2024-06-11,1019.05,Cancelled,
11299,113,172,2024-11-12,670.57,Delivered,66
11300,1543,198,2024-11-06,624.48,Delivered,22
11301,1043,135,2024-11-18,257.77,Delivered,62
11302,1502,248,2024-02-09,135.71,Delivered,26
11303,399,290,2024-12-18,1236.05,Delivered,51
11304,1184,264,2024-10-03,540.57,Pending,
11305,1831,131,2024-11-11,792.87,Delivered,17
11306,353,136,2024-11-17,1194.18,Delivered,40
11307,1737,124,2024-12-18,218.15,Delivered,29
11308,1398,137,2024-01-01,560.07,Cancelled,
11309,1029,265,2024-12-12,1206.63,Pending,
11310,182,176,2024-05-06,990.31,Delivered,60
11311,1337,259,2024-12-18,1088.91,Cancelled,
11312,1934,256,2024-02-14,779.72,Delivered,16
11313,1362,128,2024-12-01,1146.21,Delivered,21
11314,713,171,2024-04-17,1124.26,Delivered,59
11315,914,114,2024-11-18,253.56,Delivered,34
11316,1381,244,2024-01-15,669.0,Delivered,0
11317,1951,138,2024-01-16,981.68,Pending,
11318,386,262,2024-12-01,366.65,Delivered,24
11319,1328,277,2024-04-14,953.86,Delivered,38
11320,1307,287,2024-01-27,1140.59,Delivered,39
11321,719,206,2024-08-25,966.4,Delivered,63
11322,872,214,2024-02-06,1350.97,Delivered,44
11323,1675,258,2024-11-17,1087.15,Delivered,29
11324,45,190,2024-08-18,282.84,Delivered,30
11325,1329,292,2024-12-19,982.18,Cancelled,
11326,1651,112,2024-04-11,122.88,Pending,
11327,872,241,2024-10-09,1275.82,Delivered,51
11328,375,116,2024-03-10,1246.93,Delivered,49
11329,1437,189,2024-11-17,119.59,Delivered,63
11330,190,210,2024-09-23,1019.22,Delivered,58
11331,125,126,2024-11-27,1147.86,Delivered,25
11332,702,239,2024-11-07,972.07,Delivered,41
11333,27,175,2024-12-11,1147.81,Pending,
11334,381,281,2024-02-03,496.48,Cancelled,
11335,1999,110,2024-12-17,708.31,Cancelled,
11336,1387,125,2024-03-15,914.29,Delivered,40
11337,1154,232,2024-12-22,441.36,Delivered,37
11338,462,150,2024-04-16,129.28,Delivered,41
11339,1232,217,2024-11-29,376.11,Delivered,18
11340,1459,146,2024-01-26,804.73,Delivered,17
11341,1317,193,2024-06-22,960.11,Delivered,27
11342,529,166,2024-12-04,1230.73,Delivered,37
11343,1504,258,2024-02-10,917.5,Cancelled,
11344,1530,166,2024-11-06,1178.75,Delivered,31
11345,1794,176,2024-12-08,991.04,Delivered,70
11346,1783,281,2024-10-15,1124.8,Delivered,63
11347,1406,105,2024-05-23,548.25,Delivered,53
11348,178,147,2024-04-17,201.3,Delivered,66
11349,928,279,2024-05-25,1400.71,Delivered,32
11350,1863,134,2024-12-02,431.23,Delivered,57
11351,1026,218,2024-05-31,317.4,Delivered,62
11352,450,101,2024-11-10,1301.21,Delivered,16
11353,1163,178,2024-09-29,1013.16,Delivered,60
11354,584,118,2024-04-10,864.86,Delivered,47
11355,1373,117,2024-12-16,1484.68,Delivered,37
11356,210,143,2024-12-25,1373.87,Delivered,39
11357,327,163,2024-02-12,707.69,Delivered,38
11358,1698,195,2024-11-18,696.38,Delivered,15
11359,100,275,2024-12-13,1237.54,Delivered,35
11360,1190,111,2024-11-25,1250.79,Delivered,44
11361,1365,262,2024-06-17,1105.52,Delivered,69
11362,188,168,2024-08-14,1496.55,Delivered,54
11363,1956,138,2024-04-09,1110.66,Delivered,66
11364,305,195,2024-08-22,466.87,Delivered,57
11365,805,132,2024-08-04,1388.47,Delivered,41
11366,1408,201,2024-08-25,662.79,Delivered,40
11367,436,163,2024-06-23,812.25,Delivered,43
11368,238,122,2024-12-06,1253.04,Cancelled,
11369,1169,200,2024-11-11,1339.52,Delivered,32
11370,1826,250,2024-03-20,417.24,Delivered,27
11371,867,254,2024-09-14,1371.96,Delivered,37
11372,852,148,2024-04-15,1498.93,Delivered,43
11373,917,262,2024-12-01,1131.61,Delivered,59
11374,507,207,2024-01-29,262.08,Cancelled,
11375,1943,238,2024-09-01,636.34,Delivered,38
11376,440,173,2024-06-20,151.16,Delivered,50
11377,1720,277,2024-02-21,699.49,Delivered,34
11378,1252,285,2024-11-17,1375.07,Delivered,55
11379,1389,201,2024-12-24,536.44,Delivered,50
11380,1615,227,2024-09-24,1035.89,Delivered,69
11381,926,201,2024-12-21,1271.4,Delivered,69
11382,770,152,2024-05-24,282.39,Delivered,40
11383,366,137,2024-11-14,1455.13,Delivered,20
11384,936,158,2024-06-21,1471.84,Delivered,44
11385,475,256,2024-12-28,1052.36,Delivered,46
11386,1850,141,2024-09-10,1160.87,Delivered,41
11387,765,283,2024-02-08,1419.59,Cancelled,
11388,1431,211,2024-12-20,1222.46,Cancelled,
11389,1288,131,2024-01-15,1357.07,Delivered,40
11390,226,283,2024-03-06,1244.76,Delivered,70
11391,1874,250,2024-06-22,1117.8,Delivered,32
11392,1412,168,2024-02-14,737.56,Delivered,49
11393,1471,148,2024-06-03,1219.83,Delivered,16
11394,1185,253,2024-06-23,1385.61,Cancelled,
11395,1051,119,2024-05-05,385.1,Delivered,46
11396,26,157,2024-02-29,591.0,Delivered,45
11397,20,188,2024-11-15,1006.32,Delivered,49
11398,1600,185,2024-12-04,378.95,Delivered,18
11399,814,246,2024-04-03,530.62,Pending,
11400,1947,255,2024-10-19,221.04,Delivered,68
11401,398,104,2024-10-28,717.24,Delivered,48
11402,789,155,2024-12-01,1169.55,Delivered,18
11403,1653,176,2024-02-20,1404.46,Delivered,40
11404,832,263,2024-12-11,236.78,Delivered,40
11405,412,184,2024-11-22,371.35,Delivered,20
11406,1290,293,2024-01-07,507.04,Pending,
11407,1611,106,2024-01-04,540.28,Cancelled,
11408,1833,168,2024-12-14,915.74,Cancelled,
11409,738,236,2024-05-09,1194.83,Delivered,25
11410,615,296,2024-09-13,743.72,Delivered,49
11411,1229,254,2024-08-22,895.31,Delivered,36
11412,1371,173,2024-05-14,1060.78,Delivered,65
11413,1878,239,2024-11-12,132.58,Cancelled,
11414,1858,152,2024-03-04,928.03,Delivered,23
11415,811,120,2024-12-24,593.59,Cancelled,
11416,1311,233,2024-11-18,614.87,Delivered,42
11417,468,212,2024-11-22,254.71,Pending,
11418,1878,122,2024-08-12,964.22,Delivered,29
11419,1801,123,2024-05-04,375.5,Delivered,70
11420,1147,191,2024-11-18,449.85,Delivered,43
11421,82,288,2024-01-31,1210.66,Delivered,58
11422,70,281,2024-11-13,267.26,Delivered,24
11423,1249,146,2024-11-20,667.16,Delivered,69
11424,489,168,2024-05-02,617.49,Cancelled,
11425,182,299,2024-01-09,1345.34,Delivered,46
11426,636,258,2024-11-04,406.88,Pending,
11427,871,101,2024-04-05,843.06,Cancelled,
11428,1570,135,2024-12-05,815.61,Delivered,24
11429,517,195,2024-12-18,558.28,Delivered,22
11430,1384,113,2024-11-23,918.37,Delivered,45
11431,61,104,2025-06-15,908.01,Delivered,50
11432,1176,212,2024-05-15,418.95,Delivered,66
11433,1201,297,2024-11-23,1434.31,Cancelled,
11434,1885,119,2024-12-10,258.2,Delivered,56
11435,1318,209,2024-11-24,126.44,Delivered,16
11436,1537,279,2024-05-04,1059.26,Delivered,19
11437,369,149,2024-12-26,658.71,Delivered,42
11438,1032,173,2024-01-21,859.48,Delivered,0
11439,87,151,2024-11-13,1114.38,Delivered,23
11440,90,203,2024-12-16,954.27,Pending,
11441,1528,103,2024-11-18,1349.76,Pending,
11442,677,126,2024-12-03,703.12,Pending,
11443,1505,158,2024-02-07,1238.65,Delivered,65
11444,505,263,2024-10-08,584.64,Cancelled,
11445,479,150,2024-12-14,1466.15,Delivered,39
11446,1919,224,2024-07-23,843.35,Delivered,18
11447,54,290,2024-08-29,120.47,Pending,
11448,1961,216,2024-05-28,1286.08,Delivered,29
11449,1040,270,2024-12-03,825.5,Delivered,38
11450,1378,216,2024-11-17,1359.58,Delivered,64
11451,714,165,2024-11-15,614.11,Pending,
11452,1105,223,2024-03-29,236.47,Delivered,29
11453,1756,240,2024-12-19,494.1,Cancelled,
11454,1725,252,2024-05-15,1142.89,Pending,
11455,476,102,2024-09-23,1164.99,Delivered,67
11456,102,238,2024-12-15,756.23,Delivered,51
11457,470,269,2024-10-29,873.44,Delivered,64
11458,770,216,2024-08-04,1196.9,Delivered,70
11459,1551,281,2024-11-30,155.75,Pending,
11460,491,255,2024-06-20,508.36,Pending,
11461,1798,261,2024-06-02,984.69,Delivered,65
11462,1565,232,2024-01-05,1380.92,Delivered,28
11463,1905,206,2024-11-28,1206.14,Delivered,59
11464,794,227,2024-05-11,1192.97,Cancelled,
11465,1336,271,2024-10-10,186.55,Delivered,31
11466,713,134,2024-07-08,820.54,Delivered,52
11467,221,174,2024-10-12,727.39,Delivered,51
11468,355,125,2024-10-20,383.42,Delivered,37
11469,1068,224,2024-09-23,659.72,Delivered,66
11470,779,117,2024-05-23,1283.85,Delivered,35
11471,1502,228,2024-11-06,1026.67,Pending,
11472,1384,216,2024-12-09,1103.52,Delivered,35
11473,822,206,2024-11-08,676.19,Delivered,69
11474,567,209,2024-12-29,144.63,Delivered,63
11475,1505,275,2024-09-09,859.97,Delivered,36
11476,1736,160,2024-12-05,636.97,Delivered,44
11477,1847,155,2024-01-15,406.49,Delivered,70
11478,198,129,2024-03-26,488.19,Pending,
11479,880,122,2024-05-20,775.49,Pending,
11480,1757,177,2024-12-18,1094.68,Pending,
11481,1390,190,2024-12-08,675.51,Delivered,59
11482,325,224,2024-03-13,1205.42,Pending,
11483,1206,262,2024-11-09,1382.31,Cancelled,
11484,225,108,2024-08-02,115.76,Delivered,27
11485,463,277,2024-01-11,487.01,Delivered,24
11486,1893,226,2024-04-03,-280.45,Delivered,59
11487,1864,294,2024-06-10,1444.08,Delivered,21
11488,873,135,2024-11-24,1386.58,Cancelled,
11489,1928,117,2024-02-06,266.62,Cancelled,
11490,905,220,2024-07-15,383.58,Delivered,54
11491,1990,151,2024-10-31,1211.73,Delivered,56
11492,1507,219,2024-07-20,1332.68,Delivered,20
11493,1062,292,2024-10-16,330.63,Delivered,58
11494,1465,172,2024-12-30,1057.98,Delivered,68
11495,268,212,2024-01-24,1035.41,Delivered,36
11496,1356,243,2024-10-04,1145.1,Cancelled,
11497,578,263,2024-07-10,1003.79,Delivered,69
11498,1899,298,2024-06-10,1184.95,Pending,
11499,595,141,2024-06-02,955.37,Delivered,55
11500,515,258,2024-12-01,644.09,Cancelled,
11501,1372,187,2024-06-10,418.51,Pending,
11502,839,205,2024-02-09,536.63,Delivered,56
11503,436,294,2024-03-07,1041.43,Delivered,70
11504,1630,152,2024-04-13,783.8,Delivered,0
11505,355,202,2024-01-27,828.63,Delivered,34
11506,587,244,2024-01-31,1175.11,Delivered,16
11507,1067,176,2024-11-29,427.09,Delivered,51
11508,1955,133,2024-11-30,-1485.11,Pending,
11509,877,166,2024-12-30,843.09,Delivered,51
11510,1936,211,2024-11-10,117.64,Delivered,24
11511,1383,231,2024-01-19,268.29,Delivered,39
11512,324,174,2024-07-09,313.07,Delivered,55
11513,1361,133,2024-06-29,667.69,Delivered,33
11514,449,219,2024-03-19,1273.71,Delivered,61
11515,1880,110,2024-06-28,464.55,Delivered,56
11516,1905,264,2024-09-10,175.42,Delivered,43
11517,1990,113,2024-02-04,1255.24,Delivered,60
11518,1801,194,2024-06-29,427.1,Pending,
11519,1804,236,2024-03-07,1476.67,Cancelled,
11520,1138,166,2024-08-22,230.21,Delivered,45
11521,1326,298,2024-12-13,1064.12,Pending,
11522,718,279,2024-11-12,249.66,Delivered,60
11523,1474,221,2024-10-06,213.23,Pending,
11524,999,185,2024-09-15,1165.82,Delivered,50
11525,1208,131,2024-08-07,294.61,Delivered,44
11526,1062,169,2024-12-11,748.1,Delivered,45
11527,162,189,2024-03-31,1166.2,Delivered,18
11528,1697,105,2024-12-01,1089.65,Delivered,65
11529,1170,294,2024-11-27,1017.92,Delivered,48
11530,695,252,2024-11-03,371.17,Cancelled,
11531,1888,102,2024-08-01,1491.82,Delivered,34
11532,867,153,2024-01-28,298.42,Cancelled,
11533,1298,176,2024-11-30,1214.59,Pending,
11534,398,215,2024-08-04,293.02,Delivered,22
11535,1483,171,2024-02-17,1460.19,Delivered,58
11536,37,292,2024-07-27,1365.5,Delivered,54
11537,264,204,2024-03-24,1352.56,Delivered,23
11538,107,125,2024-04-28,504.75,Delivered,31
11539,1466,231,2024-08-11,420.88,Delivered,60
11540,1213,229,2024-03-08,1492.47,Delivered,20
11541,1129,105,2024-12-07,646.88,Pending,
11542,1113,185,2024-12-07,196.61,Delivered,47
11543,383,273,2024-09-11,1371.89,Delivered,43
11544,1076,234,2024-09-28,1361.78,Delivered,36
11545,1404,259,2024-11-07,829.01,Pending,
11546,232,286,2024-12-06,268.62,Cancelled,
11547,305,151,2024-10-10,826.31,Delivered,54
11548,375,281,2024-08-22,547.49,Delivered,64
11549,417,236,2024-07-09,1391.85,Delivered,66
11550,577,107,2024-06-20,1064.87,Cancelled,
11551,662,191,2024-11-18,1472.24,Delivered,41
11552,1709,259,2024-11-30,147.9,Delivered,61
11553,1313,177,2024-03-01,488.39,Delivered,15
11554,1414,221,2024-08-29,1245.66,Cancelled,
11555,1054,245,2024-07-01,1135.5,Delivered,15
11556,2,171,2024-06-09,1151.21,Delivered,36
11557,1021,256,2024-12-01,1306.16,Delivered,44
11558,440,217,2024-12-27,655.09,Delivered,27
11559,924,138,2024-11-17,897.18,Cancelled,
11560,1482,131,2024-11-10,628.74,Delivered,19
11561,595,267,2024-05-03,682.87,Delivered,17
11562,124,249,2024-11-09,1487.75,Pending,
11563,766,161,2024-01-27,288.19,Cancelled,
11564,1867,105,2024-10-21,596.49,Pending,
11565,1607,281,2024-01-12,1414.53,Delivered,17
11566,157,153,2024-09-09,477.32,Delivered,68
11567,1024,243,2024-08-07,1271.28,Cancelled,
11568,779,256,2024-11-25,196.94,Delivered,61
11569,1877,247,2024-11-26,441.12,Pending,
11570,1860,106,2024-11-19,1187.52,Delivered,16
11571,671,110,2024-12-18,559.35,Delivered,36
11572,1199,170,2024-07-28,1165.89,Delivered,36
11573,860,263,2024-03-23,745.82,Delivered,39
11574,155,105,2024-01-21,181.48,Delivered,46
11575,1651,127,2024-11-13,980.23,Delivered,43
11576,306,243,2024-08-24,776.1,Delivered,15
11577,1143,258,2024-06-08,762.81,Cancelled,
11578,745,269,2024-12-20,1052.75,Delivered,38
11579,1511,175,2024-12-17,189.72,Delivered,28
11580,1527,163,2024-10-28,840.21,Pending,
11581,1095,161,2024-08-24,1453.5,Delivered,52
11582,933,165,2024-10-09,867.47,Pending,
11583,1608,136,2024-12-17,1342.89,Cancelled,
11584,1496,191,2024-02-19,922.63,Pending,
11585,1120,218,2024-11-20,1183.58,Delivered,18
11586,1407,213,2024-12-29,585.84,Cancelled,
11587,1698,241,2024-11-28,231.78,Delivered,70
11588,1136,165,2024-12-21,375.15,Delivered,17
11589,1500,259,2024-11-10,329.74,Delivered,33
11590,823,146,2024-12-11,699.45,Delivered,54
11591,1993,229,2024-12-19,218.86,Delivered,60
11592,169,286,2024-04-02,1300.16,Delivered,53
11593,826,152,2024-09-18,1062.02,Delivered,42
11594,640,294,2024-12-01,1131.32,Pending,
11595,112,160,2024-11-06,979.54,Delivered,25
11596,1523,211,2024-12-20,836.67,Cancelled,
11597,948,145,2024-11-26,1004.37,Delivered,44
11598,1088,151,2024-07-31,843.7,Delivered,29
11599,36,184,2024-03-17,1278.73,Delivered,42
11600,100,111,2024-11-05,855.22,Delivered,26
11601,1880,163,2024-09-02,397.43,Pending,
11602,1922,244,2024-02-09,981.52,Delivered,20
11603,279,168,2024-12-15,1208.27,Delivered,37
11604,1934,133,2024-02-18,184.25,Delivered,43
11605,1644,264,2024-11-11,1371.08,Delivered,61
11606,713,281,2024-12-07,1385.85,Delivered,19
11607,1245,261,2024-02-29,550.18,Delivered,47
11608,1646,196,2024-02-12,1460.33,Delivered,68
11609,1797,183,2024-12-14,523.89,Delivered,67
11610,331,286,2024-01-31,1274.83,Delivered,25
11611,1855,229,2024-06-18,183.96,Pending,
11612,373,202,2024-01-22,373.16,Delivered,52
11613,994,164,2024-08-12,963.06,Delivered,33
11614,1240,162,2024-02-25,940.45,Delivered,32
11615,758,129,2024-11-16,634.01,Pending,
11616,1028,131,2024-06-11,1152.59,Delivered,17
11617,1160,190,2024-05-31,855.23,Delivered,36
11618,1907,253,2024-11-10,754.6,Delivered,41
11619,1526,148,2024-12-25,762.21,Delivered,37
11620,376,296,2024-11-12,1417.83,Delivered,45
11621,692,104,2024-10-22,1290.85,Cancelled,
11622,1128,150,2024-08-03,368.03,Delivered,68
11623,554,109,2024-11-19,1037.26,Pending,
11624,1925,185,2024-02-07,240.5,Delivered,37
11625,923,222,2024-11-01,719.51,Cancelled,
11626,740,221,2024-08-09,1373.15,Cancelled,
11627,147,115,2024-12-29,645.92,Delivered,33
11628,354,300,2024-05-07,129.35,Delivered,60
11629,1503,190,2024-11-24,840.5,Pending,
11630,135,183,2024-08-27,850.91,Delivered,61
11631,957,267,2024-07-15,1345.94,Delivered,53
11632,2,116,2024-06-11,443.52,Cancelled,
11633,671,181,2024-11-28,516.57,Pending,
11634,204,167,2024-11-19,431.77,Delivered,32
11635,842,291,2024-07-23,658.4,Delivered,64
11636,444,253,2024-02-19,919.17,Pending,
11637,221,283,2024-09-30,1332.25,Delivered,27
11638,573,280,2024-11-26,525.95,Delivered,35
11639,1876,187,2024-10-20,1137.25,Delivered,44
11640,945,221,2024-08-20,224.62,Delivered,49
11641,1265,255,2024-11-27,676.23,Delivered,16
11642,120,121,2024-11-07,439.5,Cancelled,
11643,1028,214,2024-12-30,857.34,Cancelled,
11644,1364,282,2024-10-23,331.92,Delivered,18
11645,1177,115,2024-08-18,1432.44,Delivered,67
11646,655,242,2024-12-22,-1207.89,Delivered,69
11647,850,148,2024-01-14,919.89,Delivered,41
11648,1444,199,2024-01-02,567.99,Delivered,41
11649,1059,246,2024-12-21,1357.41,Delivered,62
11650,758,288,2024-12-02,829.24,Cancelled,
11651,405,218,2024-05-14,135.78,Delivered,31
11652,1810,130,2024-03-29,1499.64,Delivered,41
11653,1983,274,2024-02-23,794.14,Delivered,27
11654,1936,228,2024-08-13,1165.72,Delivered,51
11655,1733,104,2024-11-14,1233.82,Delivered,63
11656,115,130,2024-03-23,561.59,Pending,
11657,876,173,2024-05-12,839.53,Delivered,17
11658,350,153,2024-12-19,729.72,Delivered,60
11659,555,226,2024-11-22,1378.08,Delivered,18
11660,447,222,2024-12-31,1131.42,Delivered,15
11661,992,166,2024-04-23,1347.53,Delivered,42
11662,1102,138,2024-02-11,300.31,Delivered,60
11663,1616,128,2024-03-14,666.34,Delivered,18
11664,991,269,2024-08-05,1059.35,Delivered,60
11665,1661,227,2024-11-29,245.57,Pending,
11666,888,254,2024-08-17,296.96,Delivered,66
11667,56,212,2024-08-26,442.57,Delivered,65
11668,1055,215,2024-11-25,1091.29,Delivered,52
11669,1427,138,2024-12-03,394.77,Delivered,21
11670,226,103,2024-11-20,880.84,Cancelled,
11671,1050,151,2024-11-14,561.96,Cancelled,
11672,146,259,2024-12-14,375.95,Delivered,42
11673,1473,129,2024-07-28,604.7,Pending,
11674,176,235,2024-05-02,1224.85,Delivered,16
11675,863,118,2024-08-18,208.32,Delivered,36
11676,1411,115,2024-06-25,857.18,Delivered,54
11677,239,272,2024-10-01,323.39,Delivered,32
11678,1947,115,2024-04-10,477.6,Delivered,34
11679,425,171,2024-12-26,824.46,Delivered,59
11680,1743,181,2024-02-13,179.05,Cancelled,
11681,927,128,2024-08-11,629.07,Delivered,35
11682,1004,249,2024-11-12,1259.4,Pending,
11683,141,238,2024-09-23,382.64,Delivered,15
11684,958,288,2024-12-16,1058.87,Delivered,33
11685,478,214,2024-11-07,285.07,Delivered,66
11686,1219,250,2024-12-08,742.64,Delivered,23
11687,537,247,2024-07-27,226.12,Delivered,34
11688,1671,237,2024-11-25,1053.34,Delivered,21
11689,455,127,2024-12-09,846.53,Delivered,23
11690,535,194,2024-12-28,272.61,Delivered,63
11691,1009,128,2024-03-12,1180.87,Delivered,23
11692,370,217,2024-10-31,663.44,Delivered,41
11693,867,212,2024-08-01,612.65,Delivered,17
11694,581,148,2024-10-23,217.43,Delivered,28
11695,1691,214,2024-12-30,731.73,Delivered,34
11696,744,207,2024-02-07,323.42,Delivered,59
11697,332,177,2024-08-16,705.62,Delivered,19
11698,659,191,2024-12-08,290.65,Delivered,19
11699,1425,260,2024-12-07,1474.95,Pending,
11700,1880,162,2024-12-25,1340.9,Delivered,65
11701,1638,229,2024-11-28,706.23,Delivered,26
11702,1586,105,2024-02-13,1178.16,Delivered,28
11703,1939,194,2024-12-11,1096.5,Delivered,41
11704,846,233,2024-10-29,502.32,Delivered,53
11705,289,227,2024-08-06,765.88,Delivered,33
11706,1005,149,2024-11-18,564.45,Delivered,51
11707,1860,185,2024-07-06,479.81,Delivered,49
11708,519,222,2024-11-29,1061.7,Delivered,31
11709,142,288,2024-12-04,229.88,Cancelled,
11710,227,225,2024-12-07,926.0,Delivered,32
11711,635,148,2024-10-14,363.42,Delivered,28
11712,1926,145,2024-11-02,1364.21,Delivered,25
11713,1198,275,2024-07-09,1456.09,Delivered,45
11714,1946,130,2024-11-02,717.39,Delivered,39
11715,1138,111,2024-07-13,1208.61,Delivered,32
11716,289,163,2024-11-03,763.59,Cancelled,
11717,803,278,2024-06-12,377.25,Pending,
11718,455,248,2024-11-30,1081.76,Delivered,53
11719,1175,114,2024-09-28,520.87,Delivered,52
11720,1560,266,2024-06-07,817.83,Delivered,41
11721,1692,176,2024-02-29,193.44,Pending,
11722,1069,102,2024-05-18,661.89,Delivered,59
11723,37,209,2024-11-27,942.73,Pending,
11724,1626,168,2024-09-18,202.11,Delivered,30
11725,1021,102,2024-08-12,335.29,Pending,
11726,763,110,2024-03-11,650.62,Delivered,30
11727,629,112,2024-11-24,499.94,Pending,
11728,1994,184,2024-11-10,128.4,Delivered,45
11729,712,144,2024-02-01,1077.69,Delivered,19
11730,931,194,2024-05-29,928.89,Delivered,35
11731,922,241,2024-11-05,311.83,Cancelled,
11732,1930,225,2024-12-23,1212.57,Delivered,30
11733,397,234,2024-03-10,1026.63,Delivered,68
11734,1201,144,2024-03-19,1252.98,Pending,
11735,1377,132,2024-02-11,1018.27,Cancelled,
11736,570,268,2024-01-29,1195.86,Delivered,29
11737,1544,137,2024-10-01,1362.9,Delivered,28
11738,343,158,2024-07-15,158.06,Delivered,35
11739,773,222,2024-10-30,490.94,Delivered,33
11740,1678,224,2024-11-08,320.13,Delivered,33
11741,1910,223,2024-12-25,446.41,Delivered,29
11742,625,292,2024-12-10,630.28,Delivered,26
11743,279,139,2024-06-18,625.66,Cancelled,
11744,1333,191,2024-06-05,1054.5,Delivered,67
11745,935,157,2024-12-22,1227.17,Delivered,61
11746,1624,232,2024-10-21,1093.54,Delivered,33
11747,1499,269,2024-11-07,1237.49,Delivered,53
11748,896,158,2024-11-04,789.19,Delivered,23
11749,1051,279,2024-03-17,143.61,Delivered,52
11750,1004,297,2024-12-05,150.52,Delivered,67
11751,1616,256,2024-11-14,670.51,Cancelled,
11752,1093,195,2024-05-21,1415.2,Delivered,32
11753,1578,289,2024-05-25,482.72,Delivered,24
11754,1608,254,2024-08-25,1389.98,Cancelled,
11755,301,210,2024-03-24,1208.99,Delivered,66
11756,520,237,2024-12-01,1042.78,Delivered,59
11757,917,264,2024-04-22,789.62,Delivered,20
11758,475,253,2024-12-27,206.88,Delivered,36
11759,442,130,2024-12-28,688.16,Delivered,39
11760,1423,291,2024-08-15,1374.55,Cancelled,
11761,72,191,2024-09-02,231.05,Delivered,56
11762,1106,158,2024-04-25,425.23,Delivered,25
11763,1582,262,2024-07-09,571.47,Delivered,28
11764,687,296,2024-02-27,1165.19,Delivered,60
11765,1496,163,2024-02-12,209.26,Delivered,43
11766,395,270,2024-12-29,1026.59,Delivered,23
11767,66,122,2024-08-21,419.92,Pending,
11768,359,133,2024-01-21,1446.39,Delivered,49
11769,807,262,2024-10-11,1074.0,Delivered,41
11770,472,101,2024-01-09,974.5,Delivered,66
11771,582,240,2024-07-27,1223.36,Pending,
11772,1752,216,2024-11-27,884.99,Delivered,51
11773,347,260,2024-06-18,903.82,Delivered,20
11774,1987,105,2024-12-29,835.68,Delivered,48
11775,1763,149,2024-12-22,896.02,Delivered,43
11776,756,149,2024-12-16,643.99,Delivered,69
11777,1026,291,2024-12-17,1024.57,Delivered,59
11778,1897,121,2024-01-07,1286.52,Delivered,64
11779,404,152,2024-12-08,1067.55,Delivered,68
11780,1979,256,2024-11-06,1025.91,Delivered,39
11781,634,275,2024-02-07,574.54,Delivered,33
11782,1698,280,2024-05-09,1394.12,Delivered,53
11783,1792,138,2024-11-26,1187.77,Cancelled,
11784,1150,139,2024-01-10,172.49,Delivered,15
11785,578,217,2024-11-11,324.37,Delivered,62
11786,27,236,2024-09-29,528.46,Delivered,51
11787,166,152,2024-05-16,967.48,Delivered,22
11788,1805,106,2024-04-18,887.05,Pending,
11789,1322,269,2024-02-21,1167.56,Delivered,34
11790,1789,289,2024-12-02,1328.1,Delivered,30
11791,1511,208,2024-11-02,1169.7,Delivered,57
11792,1986,260,2024-03-16,1144.54,Pending,
11793,1278,262,2024-12-30,844.29,Delivered,23
11794,1734,292,2024-02-18,154.9,Delivered,63
11795,204,102,2024-01-25,1291.89,Cancelled,
11796,1655,232,2024-11-30,1046.82,Delivered,58
11797,1311,140,2024-10-24,712.64,Cancelled,
11798,1707,273,2024-08-06,1038.98,Delivered,21
11799,1991,109,2024-12-31,533.94,Delivered,19
11800,1223,287,2024-12-28,985.1,Delivered,23
11801,1874,155,2024-05-02,330.21,Delivered,31
11802,1821,224,2024-04-01,1001.15,Delivered,15
11803,987,197,2024-04-10,419.46,Delivered,64
11804,939,196,2024-12-12,482.54,Delivered,67
11805,1808,167,2024-02-12,793.8,Delivered,62
11806,1191,155,2024-01-05,1217.99,Delivered,40
11807,168,212,2024-08-30,1424.55,Delivered,29
11808,1508,108,2024-04-12,751.21,Delivered,68
11809,1817,269,2024-11-23,863.35,Pending,
11810,494,204,2024-11-07,721.48,Delivered,21
11811,1685,155,2024-11-10,880.3,Delivered,15
11812,295,246,2024-11-28,877.26,Delivered,26
11813,1378,154,2024-04-28,1048.61,Delivered,48
11814,880,135,2024-12-25,298.26,Delivered,29
11815,1689,175,2024-03-08,301.83,Delivered,19
11816,35,132,2024-11-17,1434.24,Delivered,27
11817,1832,102,2024-07-18,1197.73,Cancelled,
11818,926,208,2024-12-18,665.37,Delivered,37
11819,255,225,2024-11-19,341.47,Delivered,49
11820,638,161,2024-10-01,1265.78,Delivered,59
11821,1967,246,2024-12-15,240.39,Delivered,31
11822,799,211,2024-01-06,1171.89,Delivered,67
11823,1701,201,2024-10-11,765.65,Pending,
11824,708,129,2024-02-22,723.57,Delivered,57
11825,1951,283,2024-02-28,306.31,Cancelled,
11826,1960,276,2024-11-24,1478.98,Delivered,65
11827,1415,250,2024-08-05,522.96,Delivered,51
11828,323,211,2024-12-12,1348.07,Delivered,26
11829,1127,141,2024-08-20,1077.6,Delivered,54
11830,1998,293,2024-12-15,862.69,Delivered,60
11831,596,181,2024-05-04,512.22,Cancelled,
11832,1369,243,2024-01-21,166.94,Delivered,46
11833,1358,199,2024-07-04,1396.17,Delivered,61
11834,1518,273,2024-04-30,779.09,Delivered,26
11835,,293,2024-11-18,687.35,Delivered,29
11836,1956,181,2024-12-11,789.5,Delivered,36
11837,1659,222,2024-12-20,792.95,Pending,
11838,396,112,2024-01-25,303.03,Delivered,27
11839,79,169,2024-11-03,1388.59,Cancelled,
11840,950,245,2024-01-15,991.44,Delivered,20
11841,1721,193,2024-04-02,444.58,Pending,
11842,633,116,2024-11-09,574.37,Delivered,15
11843,1903,210,2024-09-05,271.84,Delivered,18
11844,787,152,2024-12-04,612.78,Delivered,62
11845,1113,114,2024-08-18,1349.42,Delivered,32
11846,1446,211,2024-12-09,1213.65,Delivered,57
11847,1782,299,2024-06-14,187.93,Delivered,20
11848,272,203,2024-12-25,450.1,Cancelled,
11849,1723,151,2024-05-19,330.0,Delivered,65
11850,622,131,2024-04-30,876.89,Cancelled,
11851,1930,293,2024-01-31,1174.07,Delivered,51
11852,1085,188,2024-11-22,178.41,Delivered,66
11853,698,261,2024-05-02,1035.6,Pending,
11854,1767,268,2024-11-12,1342.43,Delivered,56
11855,1940,150,2024-11-30,399.83,Delivered,40
11856,317,102,2024-11-26,178.55,Delivered,55
11857,1021,109,2024-08-28,432.24,Delivered,41
11858,1695,238,2024-11-05,708.12,Cancelled,
11859,892,105,2024-11-06,119.76,Delivered,56
11860,884,106,2024-11-21,928.42,Delivered,62
11861,133,250,2024-10-20,1472.59,Delivered,32
11862,1256,282,2024-11-30,1011.21,Delivered,38
11863,1265,112,2024-12-05,714.16,Pending,
11864,1806,139,2024-03-29,295.16,Delivered,36
11865,1882,186,2024-06-04,1333.58,Delivered,54
11866,1868,167,2024-11-20,1440.28,Delivered,48
11867,1298,257,2024-11-24,135.05,Delivered,29
11868,545,104,2024-02-15,1093.35,Delivered,0
11869,1866,207,2024-03-04,443.52,Delivered,30
11870,774,152,2024-12-20,1214.72,Pending,
11871,64,169,2024-04-06,349.07,Delivered,31
11872,569,169,2024-09-18,233.45,Delivered,52
11873,1994,170,2024-02-19,1206.93,Delivered,55
11874,1033,205,2024-06-16,1466.92,Delivered,38
11875,846,220,2024-12-18,125.5,Cancelled,
11876,1416,251,2024-11-06,714.42,Delivered,42
11877,34,272,2024-10-04,1468.35,Delivered,23
11878,705,213,2024-07-20,142.91,Pending,
11879,1479,143,2024-05-15,1378.09,Cancelled,
11880,138,180,2024-07-28,783.47,Delivered,67
11881,675,109,2024-01-10,1185.37,Delivered,26
11882,1725,129,2024-08-18,968.72,Delivered,34
11883,1631,266,2024-11-29,534.39,Pending,
11884,839,270,2024-11-25,577.8,Delivered,24
11885,636,212,2024-06-19,677.11,Delivered,19
11886,289,196,2024-12-20,1221.81,Delivered,47
11887,1485,262,2024-11-24,1369.98,Delivered,26
11888,1881,139,2024-12-05,509.36,Delivered,39
11889,1201,225,2024-03-03,394.64,Pending,
11890,151,256,2024-12-19,855.47,Delivered,32
11891,1503,197,2024-11-21,1060.07,Delivered,67
11892,88,291,2024-03-09,1405.4,Cancelled,
11893,1956,136,2024-08-16,242.52,Delivered,21
11894,275,128,2024-11-08,156.94,Delivered,48
11895,1029,287,2024-02-04,916.88,Delivered,40
11896,1297,262,2024-03-27,625.1,Delivered,20
11897,1585,157,2024-06-03,919.19,Delivered,16
11898,955,232,2024-12-02,324.15,Delivered,23
11899,223,251,2024-10-05,1437.01,Delivered,23
11900,341,258,2024-12-30,191.72,Delivered,69
11901,461,121,2024-12-25,1475.87,Cancelled,
11902,1675,249,2024-11-18,1120.68,Delivered,31
11903,1785,260,2024-12-17,900.09,Pending,
11904,1357,231,2024-04-26,209.42,Delivered,16
11905,776,270,2024-12-22,421.99,Delivered,70
11906,1626,180,2024-12-15,333.69,Pending,
11907,568,189,2024-02-09,1401.02,Delivered,49
11908,939,279,2024-09-18,478.49,Delivered,15
11909,898,175,2024-02-11,467.87,Pending,
11910,924,207,2024-04-01,718.58,Delivered,15
11911,1198,143,2024-12-18,241.92,Pending,
11912,1798,225,2024-12-19,685.57,Pending,
11913,404,138,2024-03-16,1239.28,Delivered,20
11914,236,197,2024-12-02,1403.36,Delivered,64
11915,851,239,2024-08-25,438.67,Delivered,48
11916,215,248,2024-07-06,976.26,Delivered,44
11917,1006,139,2024-12-29,1262.58,Delivered,42
11918,859,190,2024-12-05,567.92,Delivered,38
11919,478,172,2024-01-12,170.25,Delivered,42
11920,1399,227,2024-11-04,736.44,Cancelled,
11921,912,182,2024-12-09,1297.61,Delivered,31
11922,1798,154,2024-12-23,978.38,Delivered,21
11923,1713,119,2024-10-29,824.05,Delivered,64
11924,1464,145,2024-02-29,809.86,Delivered,51
11925,1904,162,2024-11-01,1330.48,Delivered,53
11926,297,141,2024-05-16,677.78,Pending,
11927,1280,220,2024-02-22,670.74,Delivered,64
11928,256,130,2024-08-25,150.83,Delivered,20
11929,1702,106,2024-03-21,183.83,Cancelled,
11930,473,214,2024-12-23,711.33,Delivered,37
11931,1369,222,2024-11-07,570.35,Delivered,45
11932,339,246,2024-11-16,196.87,Delivered,49
11933,857,181,2024-11-24,1464.42,Delivered,56
11934,978,139,2024-03-28,582.35,Delivered,40
11935,1931,149,2024-12-14,406.65,Delivered,64
11936,241,279,2024-12-05,1400.99,Delivered,53
11937,1226,255,2024-12-09,1306.07,Pending,
11938,373,287,2024-09-24,1397.35,Delivered,21
11939,447,276,2024-10-31,366.08,Delivered,48
11940,54,217,2024-12-18,219.72,Delivered,25
11941,119,276,2025-06-15,1277.94,Delivered,47
11942,975,256,2024-07-11,416.08,Delivered,35
11943,512,184,2024-07-19,865.57,Delivered,54
11944,855,199,2024-11-12,1348.2,Delivered,15
11945,391,214,2024-11-12,751.77,Delivered,45
11946,1910,293,2024-09-22,197.67,Delivered,59
11947,1103,282,2024-12-16,1204.32,Cancelled,
11948,1799,239,2024-12-19,697.48,Delivered,41
11949,131,175,2024-12-31,524.0,Delivered,64
11950,1710,191,2024-08-17,590.75,Delivered,19
11951,127,112,2024-07-29,1312.61,Pending,
11952,1248,281,2024-04-03,764.16,Cancelled,
11953,1915,119,2024-12-08,1447.56,Delivered,38
11954,717,134,2024-12-13,667.62,Delivered,65
11955,1248,227,2024-05-21,732.06,Delivered,19
11956,1366,285,2024-10-09,1005.28,Delivered,48
11957,1766,173,2024-03-28,722.46,Delivered,38
11958,525,185,2024-03-27,1320.75,Delivered,68
11959,1664,286,2024-03-17,484.13,Delivered,27
11960,67,234,2024-02-07,290.9,Delivered,27
11961,1261,213,2024-12-17,1490.38,Delivered,21
11962,98,139,2024-12-09,445.58,Delivered,22
11963,633,270,2024-12-14,925.11,Delivered,51
11964,620,111,2024-12-22,775.99,Delivered,54
11965,1299,125,2024-09-17,383.67,Delivered,51
11966,758,125,2024-12-07,1102.03,Cancelled,
11967,64,275,2024-05-31,972.07,Delivered,63
11968,849,248,2024-04-24,1212.55,Cancelled,
11969,1319,243,2024-08-25,679.9,Cancelled,
11970,559,291,2024-08-13,949.52,Delivered,59
11971,1825,219,2024-12-29,1172.33,Cancelled,
11972,1727,242,2024-12-11,920.29,Delivered,45
11973,1237,108,2024-01-29,666.13,Pending,
11974,1333,165,2024-07-20,506.82,Pending,
11975,1024,164,2024-12-12,718.83,Delivered,27
11976,1385,194,2024-08-23,370.04,Delivered,20
11977,1784,156,2024-11-09,352.48,Pending,
11978,784,221,2024-11-26,1210.68,Delivered,34
11979,460,131,2024-12-28,851.0,Delivered,39
11980,160,152,2024-04-05,407.0,Delivered,57
11981,1485,138,2024-01-18,1091.86,Delivered,15
11982,1751,233,2024-07-16,1056.01,Cancelled,
11983,1997,177,2024-11-08,502.89,Pending,
11984,1905,112,2024-02-25,819.26,Cancelled,
11985,210,225,2024-01-12,857.0,Delivered,50
11986,167,182,2024-03-22,786.32,Delivered,19
11987,736,289,2024-09-09,550.16,Delivered,44
11988,1299,288,2024-08-05,215.95,Delivered,26
11989,73,178,2024-12-25,1274.59,Delivered,64
11990,334,144,2024-11-11,999.78,Delivered,56
11991,1725,283,2024-10-24,1229.19,Cancelled,
11992,1154,260,2024-02-10,1219.51,Delivered,28
11993,54,222,2024-11-26,642.56,Delivered,44
11994,1839,129,2024-10-28,1438.47,Delivered,65
11995,1990,253,2024-02-04,633.07,Delivered,39
11996,1003,125,2024-02-02,706.99,Pending,
11997,356,205,2024-07-05,912.81,Delivered,18
11998,912,156,2024-02-26,1498.01,Delivered,43
11999,150,271,2024-03-12,219.27,Delivered,22
12000,1584,259,2024-11-29,1441.05,Delivered,63
12001,315,218,2024-12-20,700.32,Delivered,68
12002,518,246,2024-10-10,1274.35,Delivered,42
12003,1000,234,2024-02-17,1254.4,Pending,
12004,1729,172,2024-11-19,858.64,Delivered,23
12005,36,205,2024-12-17,628.57,Cancelled,
12006,1795,164,2024-02-24,478.71,Pending,
12007,935,224,2024-12-14,1066.71,Pending,
12008,1328,256,2024-03-05,1163.1,Cancelled,
12009,1137,126,2024-03-15,1062.36,Pending,
12010,479,156,2024-10-15,1058.76,Delivered,52
12011,1007,286,2024-04-19,687.67,Delivered,67
12012,545,141,2024-11-04,212.96,Delivered,60
12013,1651,201,2024-10-31,922.8,Delivered,61
12014,277,236,2024-09-02,782.04,Delivered,57
12015,1867,190,2024-12-06,1216.01,Delivered,46
12016,877,284,2024-08-27,419.61,Delivered,41
12017,1545,179,2024-03-23,709.92,Delivered,64
12018,922,214,2024-11-05,466.96,Delivered,67
12019,414,188,2024-09-05,1045.15,Delivered,30
12020,579,110,2024-08-22,201.36,Delivered,24
12021,1572,286,2024-08-11,463.18,Pending,
12022,1462,279,2024-11-27,139.41,Delivered,39
12023,514,131,2024-12-15,132.65,Delivered,40
12024,1867,300,2024-11-09,958.09,Cancelled,
12025,294,258,2024-11-07,383.22,Delivered,70
12026,842,102,2024-01-27,206.63,Delivered,65
12027,1066,104,2024-02-06,181.97,Delivered,55
12028,694,252,2024-07-05,1061.25,Delivered,56
12029,818,156,2024-03-16,701.95,Delivered,45
12030,661,106,2024-12-17,1274.68,Delivered,28
12031,316,148,2024-01-06,1462.35,Cancelled,
12032,1148,171,2024-12-25,1390.55,Delivered,69
12033,114,197,2024-09-21,386.5,Cancelled,
12034,1668,186,2024-05-12,1103.58,Pending,
12035,990,279,2024-11-09,399.11,Delivered,45
12036,1308,117,2024-11-21,627.73,Delivered,62
12037,46,206,2024-06-05,248.36,Pending,
12038,789,227,2024-12-10,283.55,Delivered,55
12039,1100,227,2024-02-20,542.49,Delivered,16
12040,930,185,2024-07-31,462.18,Delivered,55
12041,508,299,2024-02-19,525.85,Delivered,51
12042,808,180,2024-11-17,1102.2,Delivered,69
12043,579,297,2024-11-23,507.18,Delivered,20
12044,1210,120,2024-08-06,170.43,Delivered,60
12045,283,139,2024-06-18,1372.5,Delivered,46
12046,1795,253,2024-08-03,625.61,Delivered,29
12047,1754,172,2024-02-19,1346.01,Pending,
12048,1347,117,2024-09-24,1048.26,Delivered,49
12049,1250,281,2024-07-03,1446.47,Pending,
12050,783,127,2024-12-09,312.84,Delivered,59
12051,158,250,2024-12-13,634.04,Cancelled,
12052,1538,193,2024-02-16,338.59,Delivered,60
12053,1041,222,2024-01-07,1049.61,Delivered,34
12054,1899,222,2024-10-02,641.86,Delivered,57
12055,131,159,2024-01-27,455.53,Pending,
12056,108,230,2024-03-12,1098.28,Pending,
12057,1557,283,2024-12-16,1080.75,Cancelled,
12058,207,173,2024-11-02,921.36,Delivered,53
12059,171,287,2024-12-15,189.41,Delivered,65
12060,1344,250,2024-04-27,1429.54,Delivered,55
12061,276,285,2025-06-15,330.38,Delivered,41
12062,826,279,2024-12-12,163.42,Pending,
12063,1830,184,2024-01-23,1279.65,Delivered,60
12064,312,232,2024-06-04,196.07,Delivered,60
12065,244,263,2024-11-05,602.26,Delivered,65
12066,770,124,2024-06-20,617.24,Delivered,61
12067,310,219,2024-12-19,724.44,Delivered,56
12068,560,117,2024-06-08,1384.35,Delivered,70
12069,1068,238,2024-05-28,1123.57,Pending,
12070,1928,231,2024-12-30,1306.89,Delivered,60
12071,1398,165,2024-12-21,548.44,Delivered,16
12072,687,281,2024-09-13,1442.07,Delivered,61
12073,1515,199,2024-11-06,1313.44,Cancelled,
12074,298,297,2024-02-24,278.67,Delivered,19
12075,621,168,2024-07-26,1423.93,Delivered,42
12076,1033,109,2024-11-20,614.61,Pending,
12077,704,294,2024-10-15,1085.39,Cancelled,
12078,675,148,2024-06-26,1324.43,Cancelled,
12079,78,115,2024-11-08,833.3,Delivered,33
12080,1766,150,2024-03-15,970.41,Delivered,60
12081,1908,239,2024-11-05,696.53,Delivered,26
12082,1260,276,2024-12-16,557.14,Delivered,20
12083,399,198,2024-12-20,243.18,Delivered,28
12084,1016,167,2024-10-19,1060.42,Delivered,66
12085,308,103,2024-11-10,1395.39,Delivered,17
12086,101,278,2024-08-26,1281.65,Delivered,43
12087,1896,124,2024-06-18,640.03,Delivered,51
12088,1401,173,2024-06-07,1351.34,Delivered,62
12089,578,187,2024-07-10,967.14,Delivered,52
12090,689,131,2024-10-08,1392.78,Delivered,52
12091,641,253,2024-02-01,601.57,Delivered,69
12092,441,133,2024-07-26,1169.88,Delivered,61
12093,1423,188,2024-01-29,425.97,Delivered,69
12094,509,107,2024-01-18,434.31,Delivered,69
12095,1944,142,2024-11-30,1394.74,Delivered,57
12096,1279,291,2024-11-30,876.93,Cancelled,
12097,1499,102,2024-05-30,225.68,Pending,
12098,110,260,2024-02-03,110.75,Delivered,51
12099,1258,288,2024-03-28,346.35,Pending,
12100,694,190,2024-12-24,984.11,Delivered,27
12101,529,152,2024-10-20,229.87,Delivered,57
12102,103,114,2024-12-10,1431.02,Cancelled,
12103,1976,261,2024-12-26,847.51,Delivered,56
12104,1630,179,2024-05-23,442.05,Cancelled,
12105,583,226,2024-08-07,391.38,Pending,
12106,1962,187,2024-12-09,1303.14,Delivered,47
12107,818,285,2024-12-29,915.28,Delivered,31
12108,1381,121,2024-07-05,291.69,Delivered,32
12109,1620,126,2024-06-30,1413.41,Delivered,68
12110,608,155,2024-01-14,583.37,Delivered,63
12111,1484,204,2024-07-08,239.87,Pending,
12112,289,199,2024-10-12,347.02,Delivered,36
12113,833,296,2024-05-06,1383.54,Delivered,17
12114,128,249,2024-03-16,-1348.24,Delivered,32
12115,1765,299,2024-11-30,763.17,Delivered,37
12116,1441,150,2024-09-08,438.99,Cancelled,
12117,1626,175,2024-02-03,245.87,Delivered,21
12118,1569,278,2024-10-24,1390.63,Delivered,67
12119,888,291,2024-05-01,687.76,Cancelled,
12120,81,221,2024-12-09,968.12,Delivered,21
12121,477,124,2024-11-15,982.16,Pending,
12122,878,298,2024-08-07,372.29,Delivered,21
12123,289,158,2024-12-20,761.3,Delivered,39
12124,1554,216,2024-11-15,751.7,Cancelled,
12125,74,256,2024-03-20,291.38,Delivered,28
12126,1041,299,2024-08-10,139.97,Delivered,22
12127,317,117,2024-02-11,519.87,Delivered,62
12128,393,239,2024-06-08,564.06,Delivered,18
12129,502,136,2024-05-19,243.7,Delivered,42
12130,515,147,2024-11-23,895.41,Delivered,46
12131,152,260,2024-12-10,113.21,Delivered,32
12132,161,272,2024-12-13,825.28,Delivered,53
12133,1690,272,2024-09-17,1271.12,Delivered,55
12134,1033,174,2024-12-03,261.58,Delivered,63
12135,1172,290,2024-12-10,707.64,Delivered,69
12136,552,279,2024-12-14,1315.5,Delivered,62
12137,1187,243,2024-04-25,1128.63,Pending,
12138,1504,215,2024-11-30,302.79,Delivered,59
12139,178,237,2024-11-26,1213.37,Cancelled,
12140,1972,294,2024-12-20,158.38,Delivered,35
12141,520,276,2024-11-24,226.19,Delivered,23
12142,335,283,2024-06-02,916.35,Delivered,29
12143,319,214,2024-12-10,531.44,Delivered,70
12144,71,157,2024-04-16,526.47,Delivered,56
12145,574,260,2024-04-03,1094.14,Delivered,24
12146,1738,182,2024-11-30,765.51,Delivered,64
12147,370,141,2024-08-14,188.38,Delivered,50
12148,524,162,2024-03-03,501.34,Delivered,61
12149,1379,204,2024-11-02,552.0,Delivered,47
12150,1946,193,2024-06-28,858.04,Delivered,51
12151,1208,126,2024-11-21,841.17,Delivered,29
12152,1907,169,2024-12-16,1406.1,Delivered,62
12153,1264,248,2024-12-25,1456.68,Delivered,28
12154,1443,256,2024-02-23,273.14,Delivered,29
12155,1796,114,2024-04-16,302.85,Delivered,26
12156,215,298,2024-11-27,1348.37,Delivered,23
12157,731,124,2024-10-21,737.83,Delivered,55
12158,62,138,2024-12-05,941.55,Delivered,28
12159,193,137,2024-03-13,1014.22,Delivered,15
12160,114,214,2024-12-24,1161.73,Pending,
12161,1124,270,2024-09-02,205.74,Delivered,37
12162,524,234,2024-11-17,1196.61,Pending,
12163,1801,114,2024-12-29,632.74,Delivered,36
12164,1064,268,2024-12-24,392.39,Delivered,39
12165,319,138,2024-05-03,1178.83,Delivered,39
12166,566,299,2024-06-27,474.51,Delivered,42
12167,1898,193,2024-10-15,1366.88,Delivered,15
12168,743,177,2024-09-25,607.08,Cancelled,
12169,1847,155,2024-11-29,941.67,Delivered,26
12170,1355,265,2024-01-30,1316.35,Cancelled,
12171,340,207,2024-07-05,360.97,Delivered,17
12172,1233,257,2024-08-01,304.9,Delivered,36
12173,1617,109,2024-02-05,289.41,Delivered,15
12174,1748,241,2024-11-30,611.48,Pending,
12175,1049,142,2024-11-30,277.83,Delivered,47
12176,658,252,2024-02-02,792.93,Delivered,47
12177,965,230,2024-09-04,387.35,Delivered,37
12178,477,239,2024-09-02,1486.16,Delivered,43
12179,934,104,2024-09-03,1345.11,Delivered,43
12180,1159,204,2024-03-13,877.64,Delivered,27
12181,838,214,2024-12-29,1413.05,Delivered,58
12182,828,290,2024-01-17,223.5,Delivered,36
12183,990,235,2024-11-11,375.76,Delivered,54
12184,1515,219,2024-10-04,408.23,Delivered,42
12185,311,197,2024-11-23,1046.4,Delivered,34
12186,633,119,2024-12-24,763.15,Cancelled,
12187,902,263,2024-12-06,1125.33,Delivered,22
12188,1027,238,2024-12-02,1160.49,Delivered,49
12189,1189,235,2024-09-25,1380.22,Delivered,52
12190,1558,150,2024-11-28,937.78,Delivered,33
12191,1484,235,2024-02-03,766.14,Delivered,67
12192,727,134,2024-12-29,422.2,Delivered,55
12193,374,296,2024-06-28,550.15,Delivered,16
12194,1846,108,2024-04-08,171.1,Cancelled,
12195,1890,152,2024-08-31,1316.78,Delivered,57
12196,358,221,2024-08-30,178.55,Delivered,70
12197,512,135,2024-02-28,1273.52,Delivered,70
12198,1884,229,2024-11-18,665.85,Delivered,27
12199,1447,260,2024-12-22,582.82,Delivered,44
12200,556,158,2024-07-15,131.58,Pending,
12201,1403,259,2024-04-30,437.85,Delivered,62
12202,1124,276,2024-08-12,1125.21,Delivered,15
12203,888,111,2024-05-30,1099.96,Cancelled,
12204,1948,117,2024-09-18,823.89,Delivered,58
12205,1280,265,2024-02-06,1284.66,Delivered,20
12206,1199,132,2024-05-21,328.71,Delivered,43
12207,411,300,2024-11-16,647.48,Pending,
12208,1490,200,2024-10-02,1464.55,Delivered,39
12209,1716,120,2024-12-17,738.05,Delivered,25
12210,925,217,2024-05-11,967.58,Cancelled,
12211,870,184,2024-06-12,1436.51,Pending,
12212,1043,134,2024-12-08,191.12,Delivered,45
12213,71,176,2024-05-25,1437.45,Delivered,0
12214,1914,295,2024-08-01,1285.48,Delivered,30
12215,1849,153,2024-12-11,431.31,Delivered,46
12216,368,249,2024-11-15,733.21,Delivered,56
12217,1007,116,2024-10-26,1028.17,Delivered,61
12218,1253,192,2024-04-10,173.36,Delivered,35
12219,752,138,2024-01-18,988.74,Delivered,37
12220,1258,144,2024-07-06,1372.15,Delivered,69
12221,1134,151,2024-03-08,1256.89,Delivered,41
12222,496,286,2024-12-31,388.09,Cancelled,
12223,1034,293,2024-12-01,192.79,Delivered,65
12224,533,138,2024-05-21,1191.07,Delivered,21
12225,301,262,2024-11-26,1227.69,Pending,
12226,1360,270,2024-12-14,332.29,Delivered,65
12227,1693,131,2024-01-15,1256.39,Delivered,49
12228,1461,257,2024-12-13,1155.97,Delivered,40
12229,493,274,2024-11-05,508.67,Delivered,69
12230,349,287,2024-11-13,1490.57,Pending,
12231,1651,104,2024-01-29,324.75,Delivered,19
12232,956,226,2024-02-21,336.21,Pending,
12233,1208,164,2024-11-14,485.9,Delivered,31
12234,282,270,2024-12-16,387.77,Delivered,62
12235,978,275,2024-02-26,1396.07,Delivered,66
12236,229,287,2024-11-10,765.17,Delivered,56
12237,885,187,2024-01-12,768.85,Delivered,19
12238,1412,166,2024-07-28,406.01,Delivered,18
12239,1390,136,2024-11-11,215.39,Delivered,39
12240,1334,131,2024-11-16,1325.82,Delivered,62
12241,799,173,2024-12-30,804.72,Delivered,16
12242,1399,247,2024-11-04,1069.48,Delivered,31
12243,736,132,2024-11-01,530.17,Delivered,36
12244,507,219,2024-11-09,404.91,Pending,
12245,1370,221,2024-09-22,1250.81,Delivered,55
12246,457,144,2024-05-04,1096.52,Cancelled,
12247,901,107,2024-10-17,1247.71,Delivered,70
12248,611,138,2024-02-03,794.75,Delivered,27
12249,1660,282,2024-12-04,1295.36,Delivered,22
12250,765,196,2024-06-28,1494.85,Delivered,50
12251,1181,259,2024-10-31,1325.17,Pending,
12252,968,132,2024-12-18,242.98,Delivered,70
12253,1139,234,2024-06-07,1178.16,Delivered,21
12254,1440,147,2024-02-03,1024.81,Delivered,22
12255,103,252,2024-11-23,106.34,Delivered,18
12256,1449,136,2024-07-18,760.27,Delivered,70
12257,1443,253,2024-09-18,135.33,Delivered,51
12258,1603,150,2024-12-21,426.0,Delivered,59
12259,1719,178,2024-07-06,608.58,Delivered,51
12260,61,239,2024-11-19,1481.15,Cancelled,
12261,171,226,2024-06-12,568.1,Delivered,48
12262,1179,277,2024-04-30,313.62,Delivered,64
12263,804,251,2024-02-24,1233.98,Delivered,35
12264,1885,237,2024-08-03,102.73,Delivered,60
12265,1995,266,2024-07-17,383.09,Delivered,18
12266,1227,139,2024-01-10,1238.06,Pending,
12267,277,165,2024-12-21,1374.86,Delivered,19
12268,923,297,2024-11-07,171.02,Pending,
12269,1680,258,2024-05-02,1138.69,Delivered,33
12270,1617,223,2024-12-12,327.38,Pending,
12271,1943,250,2024-11-06,1080.66,Delivered,64
12272,974,160,2024-04-07,244.41,Delivered,51
12273,913,300,2024-12-03,243.09,Pending,
12274,1586,299,2024-11-25,1311.1,Delivered,17
12275,937,162,2024-05-28,420.41,Delivered,65
12276,1396,241,2024-08-17,1080.59,Delivered,40
12277,1268,294,2024-09-21,1330.32,Delivered,60
12278,945,187,2024-10-31,763.25,Delivered,36
12279,1466,278,2024-03-18,1345.28,Delivered,57
12280,1287,227,2024-12-31,1369.79,Delivered,38
12281,975,217,2024-03-21,148.7,Delivered,61
12282,658,278,2024-12-19,868.4,Pending,
12283,1476,300,2024-10-10,906.76,Delivered,29
12284,642,283,2024-05-05,1278.66,Delivered,17
12285,210,239,2024-07-30,732.56,Delivered,25
12286,1792,247,2024-12-11,1471.81,Delivered,19
12287,759,157,2024-11-11,250.76,Cancelled,
12288,1485,115,2024-04-09,1353.38,Delivered,26
12289,106,205,2024-03-18,795.34,Delivered,32
12290,931,104,2024-10-24,1436.9,Delivered,45
12291,533,194,2024-11-04,704.46,Delivered,52
12292,318,192,2024-12-13,586.19,Delivered,36
12293,1417,262,2024-06-22,1405.33,Delivered,57
12294,1053,132,2024-12-23,1293.75,Delivered,17
12295,1783,192,2024-06-13,1060.95,Delivered,30
12296,100,292,2024-01-11,775.04,Delivered,27
12297,1285,253,2024-11-29,321.02,Cancelled,
12298,1758,103,2024-07-04,948.39,Delivered,29
12299,721,259,2024-03-31,500.42,Delivered,50
12300,614,165,2024-03-07,445.67,Delivered,49
12301,1208,104,2024-11-30,187.51,Delivered,27
12302,997,235,2024-12-18,1227.05,Delivered,49
12303,884,234,2024-05-04,860.99,Delivered,64
12304,534,149,2024-11-21,1417.8,Cancelled,
12305,1424,277,2024-12-23,882.16,Delivered,66
12306,447,295,2024-02-01,1316.07,Pending,
12307,1798,236,2024-01-04,452.33,Delivered,51
12308,407,130,2024-08-24,406.83,Delivered,62
12309,394,184,2024-12-28,560.07,Delivered,23
12310,388,164,2024-11-01,1045.07,Delivered,70
12311,1133,288,2024-04-30,440.28,Delivered,28
12312,913,274,2024-04-14,1035.98,Delivered,35
12313,1527,235,2024-12-23,1364.22,Delivered,54
12314,1289,250,2024-11-04,1067.06,Pending,
12315,139,173,2024-10-01,116.88,Delivered,19
12316,717,188,2024-05-20,664.71,Delivered,69
12317,1800,147,2024-01-27,152.08,Delivered,40
12318,601,219,2024-12-21,833.52,Delivered,33
12319,1710,136,2024-11-16,162.79,Delivered,57
12320,1108,257,2024-11-09,968.75,Delivered,43
12321,865,155,2024-12-12,737.45,Delivered,47
12322,39,166,2024-01-21,258.86,Delivered,27
12323,930,211,2024-05-18,928.97,Delivered,62
12324,1010,253,2024-01-11,1200.28,Cancelled,
12325,1187,273,2024-02-21,128.64,Delivered,61
12326,355,225,2024-04-26,1431.79,Delivered,67
12327,1773,147,2024-07-07,780.63,Delivered,19
12328,1155,103,2024-11-08,287.36,Delivered,29
12329,1689,279,2024-08-06,962.72,Delivered,50
12330,830,211,2024-08-29,120.3,Delivered,20
12331,1416,293,2024-09-10,323.26,Delivered,20
12332,1893,206,2024-09-16,1437.97,Delivered,37
12333,1430,154,2024-10-17,1451.57,Delivered,55
12334,80,190,2024-12-25,532.78,Delivered,29
12335,602,228,2024-10-18,355.77,Delivered,17
12336,1408,239,2024-11-03,759.56,Delivered,32
12337,726,204,2024-04-24,925.67,Delivered,68
12338,962,271,2024-11-29,1262.29,Delivered,69
12339,511,288,2024-11-24,284.57,Delivered,43
12340,1785,241,2024-11-30,1099.93,Delivered,45
12341,202,182,2024-11-08,733.6,Cancelled,
12342,1752,280,2024-11-08,1375.06,Delivered,63
12343,1931,236,2024-02-27,1408.92,Cancelled,
12344,226,198,2024-04-08,1159.46,Pending,
12345,1709,149,2024-11-06,1201.07,Pending,
12346,195,108,2024-03-19,517.32,Delivered,15
12347,385,181,2024-11-25,849.27,Delivered,34
12348,365,119,2024-12-26,1324.43,Delivered,45
12349,1267,202,2024-12-31,466.57,Delivered,18
12350,674,218,2024-09-06,946.36,Delivered,29
12351,170,188,2024-12-01,1095.19,Delivered,22
12352,27,274,2024-08-10,591.4,Delivered,40
12353,757,296,2024-01-05,351.3,Delivered,16
12354,868,238,2024-06-26,1012.29,Delivered,25
12355,104,178,2024-11-01,998.5,Delivered,24
12356,1814,172,2024-01-05,466.25,Pending,
12357,1922,176,2024-06-10,168.01,Delivered,27
12358,827,224,2024-11-21,128.02,Delivered,24
12359,1480,114,2024-09-27,544.13,Pending,
12360,1393,214,2024-11-04,1332.75,Delivered,25
12361,785,256,2024-12-12,625.0,Delivered,21
12362,41,133,2024-03-09,137.75,Cancelled,
12363,893,268,2024-12-03,399.67,Delivered,46
12364,234,265,2024-08-28,1345.76,Delivered,23
12365,27,234,2024-03-29,739.89,Cancelled,
12366,1262,150,2024-11-13,344.01,Delivered,48
12367,34,227,2024-11-25,803.91,Delivered,22
12368,917,191,2024-11-29,768.98,Delivered,43
12369,1734,190,2024-12-11,206.63,Delivered,55
12370,1649,278,2024-09-20,271.58,Cancelled,
12371,392,210,2024-01-08,1037.22,Delivered,50
12372,14,130,2024-11-01,394.42,Delivered,70
12373,1086,267,2024-12-25,933.95,Delivered,57
12374,630,214,2024-11-14,565.16,Delivered,17
12375,1145,239,2024-06-20,1337.25,Delivered,66
12376,1005,142,2024-12-21,902.66,Delivered,34
12377,1768,124,2024-01-09,827.98,Delivered,50
12378,272,251,2024-01-09,1098.41,Delivered,41
12379,322,115,2024-10-08,799.07,Pending,
12380,625,157,2024-11-06,612.75,Delivered,0
12381,1617,176,2024-11-05,1333.8,Cancelled,
12382,862,229,2024-11-22,279.73,Delivered,47
12383,196,188,2024-08-30,529.92,Delivered,60
12384,351,266,2024-07-01,1441.24,Cancelled,
12385,725,181,2024-12-23,840.92,Delivered,16
12386,893,189,2024-05-09,200.68,Delivered,45
12387,1311,171,2024-05-07,278.51,Cancelled,
12388,1165,134,2024-01-02,360.07,Delivered,26
12389,253,298,2024-12-13,1142.51,Delivered,57
12390,471,140,2024-11-29,1070.97,Pending,
12391,1028,237,2024-08-30,1213.58,Delivered,58
12392,1510,212,2024-12-10,592.96,Delivered,42
12393,1734,295,2024-12-18,1271.35,Delivered,21
12394,1800,107,2024-07-16,1165.44,Cancelled,
12395,971,276,2024-06-21,363.38,Delivered,30
12396,1126,201,2024-12-10,778.09,Delivered,40
12397,1498,176,2024-11-28,864.99,Cancelled,
12398,329,144,2024-12-06,1417.44,Delivered,60
12399,1426,158,2024-02-15,714.61,Delivered,68
12400,384,289,2024-12-28,174.22,Pending,
12401,893,255,2024-10-24,1485.04,Pending,
12402,110,247,2024-02-23,1373.14,Delivered,35
12403,675,280,2024-11-28,1180.93,Delivered,46
12404,1762,103,2024-05-08,1401.05,Delivered,26
12405,1505,152,2024-11-24,1182.34,Pending,
12406,775,174,2024-02-05,648.96,Delivered,46
12407,966,267,2024-12-30,872.56,Delivered,58
12408,1477,119,2024-12-22,1024.38,Delivered,56
12409,529,249,2024-11-15,704.55,Delivered,43
12410,155,209,2024-11-01,785.14,Delivered,19
12411,1231,108,2024-12-28,216.64,Delivered,37
12412,557,103,2024-09-05,1155.07,Delivered,48
12413,996,106,2024-10-11,220.17,Cancelled,
12414,200,224,2024-09-04,507.23,Delivered,65
12415,1712,298,2024-04-03,441.21,Pending,
12416,758,152,2024-11-30,447.81,Delivered,27
12417,51,278,2024-11-28,661.81,Delivered,59
12418,1734,219,2024-12-28,668.81,Delivered,22
12419,1804,237,2024-09-13,1183.45,Delivered,60
12420,1333,126,2024-08-10,298.83,Delivered,53
12421,734,200,2024-11-16,1418.26,Pending,
12422,1008,173,2024-11-16,385.39,Delivered,52
12423,118,252,2024-04-12,1218.16,Delivered,39
12424,1547,297,2024-03-21,672.96,Delivered,31
12425,614,244,2024-11-16,256.1,Delivered,69
12426,759,179,2024-12-25,1437.25,Pending,
12427,1252,200,2024-12-08,415.63,Cancelled,
12428,1005,144,2024-09-12,543.75,Delivered,40
12429,1515,238,2024-09-08,372.51,Delivered,59
12430,1411,291,2024-03-04,132.64,Delivered,44
12431,1051,106,2024-06-29,553.19,Delivered,26
12432,876,178,2024-03-09,382.35,Delivered,41
12433,1395,176,2024-01-24,312.36,Cancelled,
12434,809,192,2024-10-20,702.83,Delivered,63
12435,933,190,2024-12-19,389.3,Delivered,64
12436,607,278,2024-12-30,1299.96,Delivered,62
12437,345,160,2024-12-23,896.43,Delivered,58
12438,508,215,2024-08-06,267.57,Delivered,68
12439,535,191,2024-09-09,795.88,Delivered,45
12440,1738,285,2024-05-09,179.83,Delivered,66
12441,63,202,2024-11-25,937.59,Delivered,68
12442,175,292,2024-12-07,1404.6,Delivered,37
12443,1353,196,2024-03-31,962.95,Delivered,44
12444,1370,243,2024-11-12,667.37,Delivered,58
12445,1125,103,2024-05-16,706.85,Cancelled,
12446,1883,256,2024-11-12,878.61,Delivered,65
12447,1496,114,2024-12-30,749.31,Delivered,57
12448,1953,141,2024-07-16,382.45,Delivered,31
12449,1872,123,2024-12-17,1456.43,Delivered,59
12450,1720,256,2024-06-09,213.93,Delivered,26
12451,33,118,2024-12-07,134.17,Cancelled,
12452,1944,225,2024-11-26,862.32,Delivered,58
12453,483,217,2024-11-24,1431.35,Cancelled,
12454,852,132,2024-11-21,844.03,Delivered,52
12455,1960,271,2024-04-07,810.15,Delivered,15
12456,7,233,2024-12-23,186.98,Delivered,20
12457,344,168,2024-12-27,769.95,Delivered,45
12458,1071,197,2024-02-21,959.45,Delivered,63
12459,781,175,2024-05-04,823.65,Cancelled,
12460,465,153,2024-12-21,714.55,Delivered,43
12461,820,107,2024-02-14,156.0,Cancelled,
12462,938,149,2024-05-06,430.15,Delivered,31
12463,163,170,2024-02-16,330.63,Delivered,45
12464,1672,246,2024-01-08,345.55,Delivered,18
12465,1258,256,2024-04-10,563.5,Delivered,19
12466,317,101,2024-09-28,735.25,Delivered,36
12467,640,292,2024-01-29,114.68,Cancelled,
12468,725,275,2024-01-23,1247.99,Delivered,23
12469,1613,291,2024-10-14,742.37,Delivered,32
12470,205,131,2024-10-02,686.34,Delivered,20
12471,19,236,2024-11-06,620.07,Delivered,63
12472,1909,273,2024-08-17,1464.57,Delivered,17
12473,1652,287,2024-12-27,152.43,Pending,
12474,836,150,2024-12-03,1220.71,Delivered,53
12475,1964,199,2024-12-04,536.54,Delivered,66
12476,1227,167,2024-11-18,644.69,Delivered,61
12477,737,227,2024-05-07,335.22,Delivered,64
12478,1111,151,2024-09-03,681.45,Pending,
12479,1820,189,2024-12-08,424.74,Delivered,39
12480,259,280,2024-12-08,585.59,Cancelled,
12481,1851,296,2024-04-30,238.84,Delivered,44
12482,1062,198,2024-10-13,1003.41,Delivered,47
12483,961,285,2024-07-15,1341.32,Cancelled,
12484,1438,152,2024-11-01,1119.75,Delivered,39
12485,1095,234,2024-09-22,551.3,Delivered,42
12486,715,137,2024-11-24,1295.87,Delivered,59
12487,1311,262,2024-11-30,873.49,Delivered,62
12488,551,234,2024-11-03,561.7,Delivered,56
12489,191,230,2024-12-29,294.21,Delivered,34
12490,254,290,2024-11-09,1235.6,Delivered,38
12491,1095,162,2024-12-23,1478.25,Cancelled,
12492,1581,242,2024-12-22,846.06,Delivered,23
12493,771,145,2024-08-17,442.02,Pending,
12494,370,214,2024-01-09,710.84,Cancelled,
12495,74,202,2024-10-31,1402.0,Delivered,70
12496,1373,221,2024-11-11,334.86,Delivered,21
12497,193,259,2024-10-02,1091.91,Delivered,53
12498,1631,184,2024-12-25,184.12,Delivered,56
12499,1174,257,2024-11-11,443.12,Delivered,42
12500,1005,278,2024-07-23,1074.43,Delivered,61
12501,1950,113,2024-12-06,1487.87,Cancelled,
12502,439,131,2024-12-19,338.2,Delivered,70
12503,951,144,2024-11-25,438.9,Delivered,46
12504,605,272,2024-02-18,965.71,Delivered,50
12505,1165,133,2024-05-04,413.5,Delivered,67
12506,33,256,2024-10-02,653.04,Delivered,33
12507,895,250,2024-12-20,295.1,Delivered,23
12508,528,139,2024-10-30,1486.51,Delivered,39
12509,1679,158,2024-08-17,488.11,Delivered,42
12510,418,154,2024-11-17,973.78,Delivered,24
12511,1081,107,2024-12-22,411.51,Cancelled,
12512,113,262,2024-12-13,1121.46,Delivered,16
12513,1279,300,2024-02-06,500.15,Cancelled,
12514,1371,163,2024-05-07,645.39,Delivered,29
12515,1206,156,2024-11-05,867.18,Delivered,36
12516,1294,172,2024-10-25,1401.85,Delivered,67
12517,167,277,2024-06-21,320.87,Pending,
12518,1396,188,2024-08-12,311.36,Delivered,65
12519,1584,198,2024-02-08,414.51,Delivered,70
12520,1397,295,2024-12-22,1397.49,Delivered,52
12521,34,161,2024-11-19,1400.51,Delivered,33
12522,1873,159,2024-12-25,217.0,Delivered,29
12523,1184,186,2024-04-06,1069.06,Delivered,38
12524,81,258,2024-11-11,1499.51,Delivered,47
12525,632,267,2024-11-09,410.78,Delivered,34
12526,684,254,2024-02-01,445.62,Delivered,63
12527,118,200,2024-10-21,929.61,Delivered,33
12528,837,244,2024-07-14,979.06,Delivered,39
12529,711,202,2024-11-07,1041.72,Cancelled,
12530,1724,180,2024-07-30,779.01,Delivered,34
12531,1739,110,2024-10-03,865.06,Cancelled,
12532,1017,139,2024-06-22,1389.94,Delivered,50
12533,856,200,2024-12-19,780.7,Delivered,43
12534,427,287,2024-11-08,243.1,Delivered,61
12535,1551,231,2024-04-14,252.12,Pending,
12536,277,152,2024-10-22,1424.74,Delivered,30
12537,1985,283,2024-12-13,988.98,Delivered,36
12538,842,204,2024-08-21,413.89,Delivered,66
12539,1694,144,2024-06-11,1445.68,Delivered,26
12540,1273,294,2024-10-03,1403.84,Delivered,30
12541,,110,2024-07-22,265.85,Delivered,32
12542,1284,212,2024-01-11,1256.15,Delivered,21
12543,5,106,2024-12-06,1105.94,Delivered,15
12544,96,260,2024-10-12,1144.42,Delivered,40
12545,556,208,2024-11-06,684.73,Cancelled,
12546,719,134,2024-07-03,903.05,Delivered,68
12547,539,121,2024-09-11,1123.62,Delivered,52
12548,1016,167,2024-12-20,748.7,Delivered,24
12549,1332,184,2024-02-19,974.01,Delivered,54
12550,1824,226,2024-08-07,1488.16,Delivered,51
12551,1091,176,2024-07-10,630.13,Delivered,65
12552,811,108,2024-04-04,1000.13,Pending,
12553,1048,251,2024-12-09,848.79,Cancelled,
12554,1143,257,2024-12-14,1322.45,Cancelled,
12555,259,211,2024-12-20,1087.75,Delivered,48
12556,1129,136,2024-09-14,114.57,Pending,
12557,330,155,2024-11-12,1489.56,Delivered,57
12558,1978,139,2024-11-02,116.22,Delivered,64
12559,1955,248,2024-09-21,973.3,Delivered,25
12560,1373,207,2024-10-07,163.53,Cancelled,
12561,1113,145,2024-05-01,466.06,Cancelled,
12562,1346,101,2024-08-15,1333.55,Pending,
12563,1534,185,2024-08-10,198.99,Delivered,30
12564,242,267,2024-11-07,743.06,Pending,
12565,1094,270,2024-09-30,1105.42,Delivered,42
12566,1323,148,2024-07-25,955.95,Cancelled,
12567,550,294,2024-03-23,1331.31,Delivered,48
12568,1894,174,2024-11-19,659.65,Delivered,44
12569,1164,287,2024-06-11,522.65,Delivered,62
12570,939,118,2024-02-12,717.53,Delivered,33
12571,1262,166,2024-06-07,1010.11,Delivered,38
12572,1910,150,2024-03-03,460.74,Delivered,58
12573,1362,265,2024-10-04,1333.76,Delivered,19
12574,1873,159,2024-12-23,1059.06,Delivered,59
12575,773,222,2024-06-03,1256.15,Delivered,38
12576,806,128,2024-11-03,1394.08,Delivered,42
12577,127,220,2024-09-19,1055.17,Delivered,19
12578,863,175,2024-01-30,997.12,Delivered,33
12579,69,114,2024-12-18,1389.43,Delivered,33
12580,711,127,2024-03-09,803.67,Delivered,45
12581,1601,136,2024-03-22,1351.02,Pending,
12582,155,129,2024-08-09,1230.55,Delivered,66
12583,1787,253,2024-12-09,477.74,Delivered,65
12584,318,181,2024-06-13,793.42,Pending,
12585,750,260,2024-12-31,1464.26,Delivered,46
12586,721,249,2024-04-11,413.03,Delivered,65
12587,1131,148,2024-04-16,867.63,Delivered,47
12588,1001,129,2024-05-09,636.53,Cancelled,
12589,1569,189,2024-11-09,1035.02,Delivered,63
12590,1237,261,2024-06-07,1005.28,Cancelled,
12591,833,233,2024-11-08,561.69,Cancelled,
12592,731,262,2024-11-05,553.25,Delivered,41
12593,385,209,2024-08-04,1437.38,Delivered,28
12594,1405,212,2024-08-09,306.57,Delivered,67
12595,1449,252,2024-11-17,751.13,Delivered,65
12596,1022,135,2024-11-20,1033.68,Delivered,53
12597,1203,250,2024-09-12,537.56,Delivered,54
12598,585,236,2024-05-07,1044.28,Delivered,40
12599,1541,154,2024-08-08,1496.12,Delivered,34
12600,1929,170,2024-07-05,1434.52,Cancelled,
12601,1016,269,2024-10-21,461.97,Delivered,36
12602,1276,194,2024-11-11,649.69,Delivered,17
12603,1796,258,2024-08-20,735.18,Delivered,20
12604,1881,231,2024-12-23,1354.96,Delivered,31
12605,1685,108,2024-12-27,445.81,Delivered,23
12606,1225,157,2024-03-10,1491.79,Delivered,52
12607,1434,225,2024-12-12,182.59,Cancelled,
12608,370,131,2024-05-22,572.22,Delivered,23
12609,1347,212,2024-11-25,965.22,Cancelled,
12610,1662,166,2024-04-23,994.94,Delivered,0
12611,1317,142,2024-12-15,1430.6,Delivered,48
12612,1641,103,2024-05-15,1301.57,Delivered,18
12613,1450,207,2024-10-13,840.88,Delivered,66
12614,1472,102,2024-10-15,684.3,Delivered,16
12615,1672,189,2024-11-27,444.8,Delivered,69
12616,531,113,2024-08-19,671.4,Pending,
12617,1782,142,2024-12-04,322.95,Pending,
12618,1126,146,2024-07-29,442.6,Delivered,61
12619,1164,204,2024-08-21,1370.93,Delivered,34
12620,96,213,2024-05-09,854.59,Pending,
12621,1480,294,2024-07-31,1309.54,Delivered,15
12622,572,156,2024-12-03,228.33,Cancelled,
12623,994,156,2024-11-29,1158.09,Delivered,58
12624,1796,144,2024-10-01,946.27,Delivered,27
12625,980,240,2024-08-28,324.06,Delivered,44
12626,716,229,2024-05-19,135.02,Delivered,35
12627,1706,115,2024-10-06,111.27,Delivered,28
12628,221,210,2024-08-13,166.44,Delivered,50
12629,1622,243,2024-08-26,573.73,Delivered,17
12630,990,266,2024-04-20,352.07,Delivered,37
12631,771,240,2024-10-20,429.25,Delivered,68
12632,1075,117,2024-09-02,221.97,Delivered,50
12633,383,137,2024-10-06,267.62,Delivered,18
12634,440,152,2024-12-14,771.99,Delivered,55
12635,1295,258,2024-05-06,395.47,Cancelled,
12636,1595,239,2024-12-02,871.29,Delivered,36
12637,561,249,2024-12-04,674.21,Pending,
12638,194,154,2024-03-13,1150.86,Delivered,70
12639,1443,287,2024-11-26,1232.88,Cancelled,
12640,1592,283,2024-05-23,732.8,Pending,
12641,1518,164,2024-07-01,628.95,Delivered,48
12642,1057,272,2024-03-26,1367.35,Delivered,26
12643,915,103,2024-12-13,1338.34,Cancelled,
12644,1023,217,2024-01-17,845.47,Delivered,26
12645,1186,230,2024-11-03,730.66,Cancelled,
12646,80,263,2024-11-27,854.83,Delivered,61
12647,1361,167,2024-04-28,642.09,Delivered,24
12648,1524,105,2024-12-29,582.26,Delivered,39
12649,146,134,2024-12-16,920.96,Delivered,61
12650,360,264,2024-12-11,989.11,Cancelled,
12651,388,127,2024-05-13,1121.63,Delivered,67
12652,1176,139,2024-12-10,546.59,Delivered,22
12653,1089,185,2024-09-15,177.76,Delivered,15
12654,371,267,2024-11-20,983.21,Delivered,21
12655,1367,280,2024-10-06,118.32,Delivered,19
12656,320,180,2024-03-20,186.46,Delivered,50
12657,1476,177,2024-06-15,1128.05,Cancelled,
12658,1606,158,2024-12-09,829.02,Delivered,35
12659,965,138,2024-04-06,827.57,Delivered,41
12660,1429,187,2024-07-04,685.88,Delivered,58
12661,514,189,2024-10-31,1133.03,Delivered,42
12662,2,203,2024-12-02,240.35,Delivered,31
12663,1282,103,2024-09-23,1458.87,Delivered,58
12664,323,125,2024-08-29,354.69,Delivered,23
12665,1902,139,2024-04-26,1111.51,Delivered,62
12666,1615,206,2024-10-03,521.18,Delivered,19
12667,1347,213,2024-11-28,516.68,Delivered,57
12668,910,201,2024-11-18,1025.58,Delivered,43
12669,1738,268,2024-10-31,1416.51,Delivered,55
12670,1064,285,2024-06-02,749.9,Delivered,39
12671,1200,254,2024-07-06,367.49,Delivered,16
12672,909,123,2024-12-27,1408.71,Delivered,50
12673,515,272,2024-07-02,1080.9,Delivered,64
12674,1384,189,2024-04-04,1060.76,Cancelled,
12675,256,237,2024-12-10,1483.69,Pending,
12676,1082,119,2024-05-28,984.47,Delivered,44
12677,212,116,2024-06-11,999.97,Delivered,39
12678,123,252,2024-01-19,1325.4,Delivered,61
12679,932,181,2024-12-14,1184.62,Cancelled,
12680,689,300,2024-03-15,325.3,Delivered,44
12681,1038,103,2024-09-09,721.45,Delivered,69
12682,1026,118,2024-04-12,115.84,Delivered,40
12683,416,277,2024-08-08,803.23,Delivered,23
12684,1782,209,2024-05-03,1398.12,Delivered,20
12685,1121,251,2024-11-15,543.38,Delivered,38
12686,937,142,2024-10-08,789.42,Pending,
12687,231,269,2024-05-10,1043.7,Delivered,69
12688,951,198,2024-12-20,1044.29,Pending,
12689,76,141,2024-09-07,181.13,Delivered,41
12690,143,243,2024-12-13,777.44,Delivered,63
12691,571,119,2024-05-14,1387.87,Delivered,31
12692,1811,270,2024-10-23,221.87,Delivered,42
12693,1834,152,2024-03-16,826.17,Delivered,53
12694,918,254,2024-01-03,1198.55,Delivered,28
12695,1562,177,2024-01-22,1414.3,Delivered,46
12696,1861,163,2024-08-04,642.26,Delivered,19
12697,1278,211,2024-08-15,1243.72,Cancelled,
12698,52,163,2024-03-29,773.36,Delivered,34
12699,475,240,2024-12-31,719.39,Delivered,67
12700,2,188,2024-01-08,870.6,Delivered,28
12701,1692,197,2024-01-19,1366.89,Delivered,42
12702,1712,226,2024-06-28,206.04,Pending,
12703,1386,244,2024-12-28,357.63,Cancelled,
12704,108,162,2024-12-23,337.62,Pending,
12705,1254,117,2024-11-02,528.0,Delivered,43
12706,549,189,2024-11-26,653.1,Delivered,51
12707,1761,178,2024-11-05,899.45,Delivered,46
12708,680,230,2024-05-20,1092.44,Delivered,46
12709,903,195,2024-08-19,945.02,Delivered,44
12710,1373,114,2024-12-07,311.17,Delivered,44
12711,728,257,2024-12-23,962.34,Delivered,28
12712,504,222,2024-12-29,1425.17,Delivered,53
12713,412,182,2024-11-29,142.98,Pending,
12714,934,129,2024-01-28,839.61,Delivered,44
12715,102,153,2024-08-12,653.61,Delivered,35
12716,334,174,2024-12-31,244.04,Delivered,36
12717,493,280,2024-05-12,540.52,Delivered,25
12718,1302,263,2024-08-25,286.94,Delivered,55
12719,1774,213,2024-11-12,1208.6,Pending,
12720,917,262,2024-12-18,1140.5,Delivered,20
12721,579,233,2024-12-27,956.67,Delivered,45
12722,1251,147,2024-10-20,1123.9,Delivered,49
12723,841,271,2024-11-24,684.47,Delivered,69
12724,1894,122,2024-06-21,836.53,Delivered,37
12725,194,121,2024-12-28,140.77,Delivered,38
12726,758,242,2024-12-24,861.37,Delivered,58
12727,1963,276,2024-01-27,682.4,Delivered,37
12728,868,276,2024-09-04,772.07,Delivered,55
12729,215,149,2024-01-10,156.21,Delivered,61
12730,1476,155,2024-01-13,1366.12,Delivered,30
12731,1476,256,2024-04-29,791.66,Delivered,64
12732,1939,163,2024-12-25,1430.77,Delivered,53
12733,1392,259,2024-09-12,1027.51,Cancelled,
12734,346,117,2024-07-15,377.11,Delivered,59
12735,1353,295,2024-02-26,704.86,Delivered,41
12736,1114,111,2024-12-22,774.06,Delivered,35
12737,408,185,2024-12-06,144.65,Delivered,36
12738,1042,216,2024-09-05,1368.53,Delivered,15
12739,108,270,2024-06-16,1417.47,Delivered,15
12740,1337,128,2024-08-18,1419.8,Delivered,18
12741,1337,184,2024-10-28,948.01,Delivered,24
12742,461,134,2024-12-05,470.7,Delivered,56
12743,404,166,2024-12-17,1183.39,Delivered,56
12744,1604,122,2024-12-12,523.27,Delivered,24
12745,678,232,2024-04-13,444.61,Delivered,28
12746,819,262,2024-11-08,295.52,Cancelled,
12747,1831,209,2024-01-08,-1347.17,Cancelled,
12748,1942,268,2024-12-01,1360.53,Delivered,15
12749,1240,263,2024-02-22,269.42,Delivered,68
12750,1520,214,2024-10-11,118.67,Pending,
12751,1000,208,2024-09-03,838.72,Delivered,28
12752,1900,151,2024-12-11,367.66,Delivered,37
12753,1389,299,2024-06-01,406.75,Delivered,64
12754,143,274,2024-12-18,1428.67,Delivered,27
12755,406,290,2024-02-12,386.45,Delivered,45
12756,1445,184,2024-11-01,538.0,Delivered,30
12757,1961,285,2024-02-19,1357.68,Delivered,40
12758,484,287,2024-09-02,878.93,Delivered,70
12759,725,275,2024-11-16,1437.0,Delivered,66
12760,1782,144,2024-05-03,117.96,Delivered,57
12761,1332,133,2024-01-02,336.35,Delivered,26
12762,1894,133,2024-11-11,952.41,Cancelled,
12763,277,263,2024-01-14,282.08,Delivered,62
12764,29,105,2024-09-07,562.41,Delivered,15
12765,1596,148,2024-11-05,982.54,Delivered,15
12766,1178,300,2024-07-30,592.76,Cancelled,
12767,1749,243,2024-07-02,984.29,Delivered,62
12768,727,256,2024-09-25,1023.06,Cancelled,
12769,132,154,2024-01-20,411.09,Delivered,65
12770,1149,175,2024-12-16,333.35,Delivered,49
12771,599,289,2024-11-08,230.69,Delivered,68
12772,472,296,2024-11-03,1005.12,Delivered,61
12773,1883,143,2024-07-11,102.05,Delivered,63
12774,265,253,2024-10-31,913.87,Pending,
12775,1005,265,2024-11-10,133.48,Cancelled,
12776,729,140,2024-12-23,1072.89,Delivered,37
12777,805,253,2024-12-02,1482.52,Delivered,42
12778,1447,142,2024-12-10,1203.32,Delivered,30
12779,1079,223,2024-11-14,790.82,Delivered,15
12780,718,159,2024-11-11,687.64,Cancelled,
12781,848,161,2024-12-17,921.38,Cancelled,
12782,783,296,2024-12-19,988.41,Delivered,23
12783,938,269,2024-11-28,1365.56,Cancelled,
12784,1997,298,2024-12-05,224.15,Delivered,32
12785,300,103,2024-12-01,607.4,Delivered,54
12786,1937,180,2024-11-19,447.5,Delivered,16
12787,209,161,2024-10-14,760.34,Pending,
12788,633,142,2024-07-07,437.34,Delivered,61
12789,1885,219,2024-12-29,920.65,Delivered,49
12790,1815,173,2024-12-04,1077.16,Pending,
12791,1564,299,2024-09-16,613.55,Delivered,47
12792,17,147,2024-06-20,308.0,Delivered,63
12793,105,113,2024-11-24,226.91,Delivered,50
12794,1822,280,2024-02-17,1305.57,Delivered,37
12795,1163,204,2024-12-28,767.84,Delivered,27
12796,1782,135,2024-09-22,748.51,Delivered,54
12797,752,287,2024-12-12,867.29,Pending,
12798,1122,233,2024-12-20,424.42,Delivered,54
12799,543,103,2024-12-21,196.74,Pending,
12800,1422,112,2024-10-09,197.2,Delivered,55
12801,798,153,2024-07-15,1304.77,Delivered,32
12802,1403,174,2024-04-04,1438.89,Delivered,38
12803,843,132,2024-09-08,1019.52,Delivered,67
12804,1662,159,2024-11-22,1291.12,Cancelled,
12805,271,219,2024-12-14,869.25,Cancelled,
12806,1901,253,2024-08-27,160.05,Delivered,52
12807,1227,168,2024-05-22,629.02,Cancelled,
12808,459,181,2024-11-03,686.57,Pending,
12809,588,175,2024-12-14,103.79,Cancelled,
12810,630,102,2024-02-02,1057.06,Delivered,16
12811,315,263,2024-11-22,176.45,Cancelled,
12812,1550,117,2024-11-27,1419.5,Pending,
12813,109,296,2024-11-12,302.91,Delivered,58
12814,1545,231,2024-11-14,1228.98,Pending,
12815,1919,105,2024-12-04,849.71,Delivered,33
12816,1076,177,2024-11-05,535.17,Delivered,31
12817,151,280,2024-11-17,1493.42,Delivered,24
12818,1226,206,2024-01-31,694.29,Delivered,30
12819,1611,243,2024-12-16,267.77,Delivered,62
12820,1584,260,2024-11-09,-1062.58,Pending,
12821,844,211,2024-03-14,396.64,Delivered,45
12822,662,211,2024-07-29,1091.41,Delivered,58
12823,1821,243,2024-08-18,879.83,Pending,
12824,716,186,2024-08-15,1396.05,Delivered,64
12825,1069,259,2024-12-21,283.31,Pending,
12826,1839,130,2024-08-15,125.32,Delivered,27
12827,446,223,2024-08-21,466.4,Cancelled,
12828,313,282,2024-08-14,1109.89,Delivered,68
12829,790,292,2024-04-29,683.7,Delivered,57
12830,,258,2024-11-19,166.34,Delivered,23
12831,95,279,2024-03-31,1426.48,Pending,
12832,317,283,2024-11-19,980.83,Delivered,60
12833,1264,205,2024-12-24,490.12,Delivered,64
12834,293,172,2024-12-28,1126.05,Delivered,30
12835,1388,119,2024-12-13,217.53,Delivered,20
12836,1663,190,2024-06-24,1290.22,Delivered,64
12837,701,289,2024-03-01,451.45,Delivered,28
12838,1110,138,2024-11-03,838.09,Delivered,58
12839,1238,297,2024-01-19,588.11,Delivered,27
12840,515,278,2024-07-03,929.08,Delivered,60
12841,1113,149,2024-11-18,313.27,Delivered,37
12842,1704,135,2024-08-02,115.15,Cancelled,
12843,1326,287,2024-05-20,940.58,Cancelled,
12844,812,175,2024-11-25,1497.12,Delivered,46
12845,1811,265,2024-12-19,1318.95,Delivered,26
12846,374,159,2024-11-29,1432.37,Cancelled,
12847,1203,283,2024-03-18,1168.09,Delivered,58
12848,216,218,2024-11-23,327.65,Delivered,70
12849,1274,201,2024-11-01,232.42,Cancelled,
12850,1742,131,2024-01-20,888.24,Pending,
12851,591,105,2024-12-19,148.42,Delivered,27
12852,187,190,2024-11-05,1160.36,Cancelled,
12853,252,221,2024-08-01,1109.56,Delivered,56
12854,1991,203,2024-02-16,615.39,Delivered,42
12855,1138,239,2024-05-19,1482.79,Delivered,55
12856,1361,187,2024-05-25,1163.13,Delivered,51
12857,793,102,2024-07-31,1402.82,Delivered,48
12858,718,159,2024-11-19,1023.62,Cancelled,
12859,1680,180,2024-10-13,981.05,Delivered,48
12860,1964,221,2024-02-07,1241.45,Delivered,60
12861,842,160,2024-05-27,367.57,Delivered,29
12862,499,131,2024-11-09,1061.51,Cancelled,
12863,1527,114,2024-05-26,548.03,Cancelled,
12864,1810,236,2024-04-14,1355.82,Delivered,32
12865,1738,249,2024-12-31,225.21,Delivered,17
12866,1498,154,2024-11-30,923.03,Delivered,40
12867,146,232,2024-10-31,325.16,Cancelled,
12868,817,213,2024-11-27,460.33,Delivered,53
12869,430,295,2024-12-18,548.4,Cancelled,
12870,872,284,2024-05-28,1447.16,Delivered,52
12871,1518,140,2024-01-23,581.93,Delivered,50
12872,849,156,2024-12-01,493.11,Pending,
12873,1032,270,2024-11-28,530.11,Delivered,33
12874,1969,120,2024-12-18,837.88,Pending,
12875,1718,134,2024-12-11,353.39,Delivered,64
12876,1354,190,2024-11-25,419.3,Delivered,30
12877,1097,297,2024-12-24,636.67,Delivered,46
12878,981,259,2024-10-15,162.73,Delivered,49
12879,1421,123,2024-01-06,655.31,Delivered,15
12880,646,253,2024-06-29,139.12,Delivered,22
12881,523,102,2024-09-20,700.59,Cancelled,
12882,232,269,2024-01-31,773.7,Delivered,69
12883,462,243,2024-11-06,179.64,Delivered,18
12884,95,260,2024-11-17,944.09,Pending,
12885,1233,136,2024-11-24,876.68,Delivered,51
12886,1984,231,2024-05-23,747.96,Delivered,54
12887,1067,265,2024-11-24,1383.74,Delivered,40
12888,1233,103,2024-08-03,988.08,Delivered,54
12889,876,110,2024-11-14,827.76,Delivered,64
12890,1561,138,2024-04-17,873.75,Delivered,26
12891,491,196,2024-11-20,556.2,Cancelled,
12892,279,220,2024-06-19,957.06,Delivered,16
12893,1333,117,2024-11-18,1273.62,Cancelled,
12894,311,112,2024-07-24,603.93,Cancelled,
12895,1017,204,2024-08-26,865.48,Pending,
12896,966,132,2024-10-31,817.34,Delivered,67
12897,1951,229,2024-12-01,283.5,Delivered,40
12898,1441,209,2024-12-09,568.45,Pending,
12899,1154,239,2024-06-30,715.06,Pending,
12900,1930,298,2024-05-04,660.99,Delivered,42
12901,1535,117,2024-09-10,1385.14,Delivered,15
12902,446,235,2024-12-16,1333.99,Delivered,31
12903,420,243,2024-02-15,594.96,Delivered,19
12904,724,102,2024-11-23,1071.06,Delivered,38
12905,1373,149,2024-12-04,549.14,Pending,
12906,601,148,2024-11-25,196.29,Delivered,62
12907,905,234,2024-12-26,1442.42,Cancelled,
12908,799,108,2024-12-03,1142.26,Delivered,26
12909,1596,192,2024-10-19,816.09,Delivered,59
12910,788,253,2024-12-07,1156.21,Delivered,24
12911,535,273,2024-10-30,366.2,Delivered,18
12912,534,295,2024-06-16,901.82,Delivered,31
12913,1518,275,2024-01-04,196.54,Delivered,51
12914,1629,181,2024-10-13,904.31,Delivered,60
12915,1528,231,2024-04-30,1101.28,Delivered,67
12916,630,193,2024-06-08,1257.51,Delivered,56
12917,375,181,2024-11-18,205.65,Delivered,50
12918,826,295,2024-03-13,917.98,Delivered,70
12919,1512,286,2024-11-18,801.74,Delivered,18
12920,892,140,2024-10-09,1209.25,Delivered,21
12921,1400,111,2024-11-29,413.67,Delivered,19
12922,415,147,2024-11-23,593.05,Cancelled,
12923,47,266,2024-05-26,1217.7,Delivered,65
12924,532,231,2024-11-17,1157.78,Delivered,26
12925,1804,187,2024-09-15,831.04,Delivered,67
12926,668,214,2024-12-24,408.18,Cancelled,
12927,548,144,2024-07-23,110.48,Delivered,37
12928,92,135,2024-07-20,320.42,Delivered,65
12929,1739,251,2024-05-16,1162.66,Delivered,68
12930,1584,182,2024-12-06,1245.84,Delivered,41
12931,1234,132,2024-03-23,1427.49,Cancelled,
12932,127,164,2024-09-05,965.61,Pending,
12933,1229,153,2024-07-18,408.14,Delivered,21
12934,707,267,2024-12-28,776.67,Delivered,44
12935,580,284,2024-02-17,272.09,Delivered,32
12936,1119,227,2024-01-09,600.31,Delivered,49
12937,1740,173,2024-12-06,131.68,Delivered,36
12938,1649,183,2024-08-21,814.71,Delivered,70
12939,950,151,2024-04-18,131.11,Delivered,70
12940,1660,108,2024-08-19,1163.55,Delivered,55
12941,709,178,2024-12-20,611.64,Delivered,27
12942,1406,275,2024-12-20,100.24,Delivered,41
12943,570,276,2024-07-03,1030.03,Delivered,17
12944,1279,285,2024-12-01,196.69,Pending,
12945,780,191,2024-06-12,199.33,Delivered,60
12946,1810,279,2024-02-05,1238.69,Delivered,40
12947,661,167,2024-02-23,889.44,Delivered,26
12948,1980,143,2024-01-12,1206.69,Delivered,19
12949,723,144,2024-01-16,211.43,Delivered,43
12950,988,255,2024-12-30,719.21,Delivered,16
12951,1735,177,2024-12-24,144.4,Delivered,26
12952,288,183,2024-01-23,206.37,Cancelled,
12953,1668,227,2024-11-04,750.81,Delivered,66
12954,1120,266,2024-11-03,1400.06,Delivered,69
12955,1153,157,2024-01-09,1080.94,Delivered,46
12956,37,219,2024-11-18,126.64,Delivered,18
12957,1490,192,2024-07-13,1354.22,Delivered,45
12958,422,248,2024-10-12,444.87,Delivered,61
12959,,141,2024-06-15,929.65,Delivered,23
12960,1875,122,2024-11-02,850.26,Delivered,22
12961,885,140,2024-12-16,456.6,Delivered,19
12962,811,256,2024-02-12,401.23,Delivered,30
12963,536,108,2024-12-08,494.22,Cancelled,
12964,1067,183,2024-11-20,1099.25,Delivered,55
12965,933,263,2024-12-06,441.36,Delivered,69
12966,1153,126,2024-07-13,593.35,Delivered,52
12967,576,239,2024-11-08,176.7,Delivered,66
12968,269,289,2024-11-10,568.1,Delivered,18
12969,920,141,2024-10-31,366.03,Delivered,65
12970,1946,106,2024-12-21,684.52,Pending,
12971,381,137,2024-11-13,1200.0,Pending,
12972,579,187,2024-10-11,256.03,Delivered,51
12973,960,232,2024-12-22,725.73,Delivered,70
12974,307,158,2024-11-24,220.15,Delivered,28
12975,1127,140,2024-12-03,678.02,Delivered,63
12976,655,294,2024-11-08,620.89,Delivered,19
12977,497,113,2024-11-18,921.45,Delivered,67
12978,354,256,2024-12-20,1204.08,Delivered,33
12979,1317,257,2024-09-08,123.16,Delivered,28
12980,598,187,2024-02-06,598.35,Delivered,23
12981,994,166,2024-12-24,254.07,Delivered,52
12982,1806,192,2024-06-30,1244.63,Delivered,22
12983,1358,246,2024-05-08,551.85,Delivered,42
12984,660,178,2024-09-11,836.57,Delivered,53
12985,301,177,2024-12-09,802.51,Delivered,66
12986,876,204,2024-12-25,1023.67,Pending,
12987,1779,214,2024-01-07,713.64,Pending,
12988,1244,104,2024-11-05,870.57,Delivered,70
12989,67,149,2024-11-23,704.73,Cancelled,
12990,946,182,2024-12-26,675.24,Delivered,54
12991,1639,141,2024-05-23,521.69,Delivered,16
12992,923,212,2024-06-05,739.08,Pending,
12993,1183,125,2024-07-09,972.9,Pending,
12994,1198,220,2024-07-04,1419.46,Delivered,70
12995,630,135,2024-12-15,800.18,Cancelled,
12996,1524,176,2024-11-07,326.06,Delivered,64
12997,961,291,2024-11-26,117.03,Delivered,34
12998,660,148,2024-03-31,441.95,Delivered,63
12999,591,135,2024-01-18,469.73,Delivered,46
13000,1205,155,2024-06-16,407.46,Delivered,27
13001,31,224,2024-12-02,525.31,Delivered,15
13002,1243,107,2024-11-21,254.12,Delivered,53
13003,105,268,2024-12-29,425.7,Delivered,30
13004,1166,150,2024-01-19,1370.33,Delivered,59
13005,970,138,2024-01-27,1051.55,Delivered,20
13006,146,193,2024-07-30,785.47,Delivered,58
13007,359,161,2024-08-06,602.45,Delivered,40
13008,480,107,2024-12-28,627.25,Delivered,47
13009,116,149,2024-12-20,1040.0,Pending,
13010,897,249,2024-05-20,320.7,Delivered,58
13011,1896,173,2024-11-22,512.8,Cancelled,
13012,733,196,2024-12-23,1160.72,Delivered,54
13013,1066,158,2024-03-21,362.35,Delivered,59
13014,1658,241,2024-03-24,809.66,Delivered,53
13015,1986,118,2024-10-15,1499.2,Cancelled,
13016,963,279,2024-12-06,1280.73,Pending,
13017,383,225,2024-02-29,739.17,Delivered,40
13018,1017,233,2024-12-10,885.38,Delivered,42
13019,252,140,2024-11-28,784.97,Delivered,61
13020,529,180,2024-12-23,628.64,Cancelled,
13021,586,155,2024-09-03,1349.32,Delivered,70
13022,1229,236,2024-12-30,846.1,Delivered,24
13023,1896,238,2024-02-29,808.04,Delivered,65
13024,195,147,2024-07-06,592.47,Delivered,57
13025,563,182,2024-04-06,554.63,Delivered,31
13026,72,215,2024-12-16,1439.21,Delivered,27
13027,221,111,2024-12-29,1114.78,Delivered,46
13028,638,115,2024-05-14,598.16,Delivered,35
13029,574,155,2024-11-11,904.98,Delivered,48
13030,1667,146,2024-02-20,314.33,Delivered,43
13031,380,247,2024-07-26,1179.14,Delivered,43
13032,67,268,2024-01-18,938.68,Delivered,19
13033,448,275,2024-02-12,1050.82,Delivered,68
13034,299,140,2024-08-09,238.38,Pending,
13035,522,300,2024-12-14,218.14,Pending,
13036,1539,222,2024-04-02,320.3,Delivered,0
13037,673,230,2024-11-05,1423.83,Delivered,25
13038,1277,224,2024-01-14,379.75,Delivered,54
13039,907,131,2024-10-01,230.83,Pending,
13040,757,179,2024-11-25,303.22,Cancelled,
13041,1958,268,2024-12-24,1438.17,Delivered,50
13042,952,149,2024-12-16,874.93,Delivered,23
13043,1214,223,2024-03-24,1242.66,Pending,
13044,519,268,2024-07-18,869.92,Delivered,52
13045,314,204,2024-12-14,1400.35,Delivered,58
13046,1106,203,2024-03-17,730.73,Delivered,25
13047,1347,257,2024-12-11,174.31,Delivered,40
13048,249,111,2024-11-05,251.61,Delivered,21
13049,1004,109,2024-11-18,1095.89,Cancelled,
13050,1115,268,2024-08-28,422.24,Delivered,47
13051,101,196,2024-12-16,1061.71,Delivered,23
13052,96,228,2024-10-16,1289.61,Delivered,55
13053,164,207,2024-03-04,692.12,Delivered,47
13054,1936,117,2024-08-19,770.18,Delivered,57
13055,1878,227,2024-05-11,192.82,Delivered,39
13056,1698,114,2024-10-07,573.6,Pending,
13057,1393,292,2024-10-03,1014.6,Delivered,32
13058,1364,135,2024-11-03,1361.99,Pending,
13059,1047,204,2024-11-22,411.0,Delivered,50
13060,1532,175,2024-11-11,683.63,Delivered,46
13061,1827,207,2024-08-15,1416.99,Delivered,21
13062,703,195,2024-12-23,477.82,Cancelled,
13063,1700,239,2024-04-03,224.07,Delivered,39
13064,1951,238,2024-10-10,677.3,Delivered,16
13065,1736,201,2024-11-20,1449.77,Pending,
13066,1384,188,2024-12-18,925.79,Cancelled,
13067,130,101,2024-12-11,1459.21,Pending,
13068,1715,292,2024-04-03,708.02,Delivered,34
13069,362,178,2024-11-23,962.8,Pending,
13070,1792,234,2024-01-06,1375.48,Delivered,23
13071,716,122,2024-07-20,354.79,Delivered,35
13072,1094,204,2024-11-11,237.94,Delivered,15
13073,1453,241,2024-12-30,1118.21,Cancelled,
13074,530,140,2024-06-26,984.94,Delivered,44
13075,240,144,2024-12-16,625.69,Delivered,45
13076,767,217,2024-05-03,1363.24,Delivered,17
13077,51,208,2024-12-25,1003.16,Delivered,42
13078,1134,257,2024-11-09,959.03,Cancelled,
13079,1594,173,2024-10-03,113.72,Delivered,29
13080,1301,192,2024-11-20,1309.8,Delivered,58
13081,766,253,2024-10-12,400.33,Pending,
13082,631,201,2024-11-18,916.5,Delivered,40
13083,1532,257,2024-03-04,543.53,Delivered,42
13084,209,150,2024-08-07,1153.77,Delivered,65
13085,1375,180,2024-06-14,1375.78,Delivered,69
13086,1298,102,2024-11-17,1209.39,Delivered,50
13087,533,201,2024-10-30,913.62,Delivered,30
13088,1623,187,2024-08-17,1395.8,Pending,
13089,1604,283,2024-09-16,1253.57,Delivered,52
13090,1262,170,2024-12-17,1307.04,Cancelled,
13091,952,138,2024-08-19,315.76,Delivered,54
13092,1787,136,2024-08-22,1143.15,Delivered,34
13093,1,107,2024-12-16,498.88,Delivered,31
13094,108,236,2024-10-04,240.2,Cancelled,
13095,484,211,2024-12-03,571.93,Delivered,24
13096,555,194,2024-11-07,646.75,Delivered,56
13097,71,278,2024-02-17,255.23,Pending,
13098,104,235,2024-12-13,1264.42,Delivered,31
13099,1292,244,2024-06-12,287.06,Delivered,56
13100,281,129,2024-12-21,610.55,Delivered,65
13101,866,163,2024-12-05,-250.2,Cancelled,
13102,1984,246,2024-05-09,306.51,Delivered,52
13103,1859,112,2024-11-29,136.39,Delivered,54
13104,1318,114,2024-06-17,1412.08,Delivered,44
13105,126,276,2024-12-10,430.7,Delivered,53
13106,1571,289,2024-12-19,669.16,Delivered,19
13107,1828,167,2024-04-20,671.17,Delivered,26
13108,1165,198,2024-10-19,177.81,Delivered,60
13109,698,147,2024-11-02,1195.3,Delivered,40
13110,972,132,2024-11-20,851.87,Delivered,15
13111,605,227,2024-01-30,810.25,Delivered,66
13112,1509,107,2024-06-17,1364.03,Delivered,18
13113,32,291,2024-08-23,1087.2,Delivered,55
13114,1761,221,2024-08-11,822.51,Delivered,32
13115,529,294,2024-03-18,538.31,Delivered,51
13116,473,164,2024-12-26,805.39,Delivered,34
13117,833,240,2024-11-08,347.95,Delivered,57
13118,1255,214,2024-07-18,608.32,Delivered,60
13119,1489,228,2024-07-10,1063.06,Delivered,51
13120,858,135,2024-11-18,763.01,Delivered,67
13121,443,160,2024-12-12,271.0,Delivered,49
13122,1416,162,2024-12-28,433.56,Cancelled,
13123,48,162,2024-04-05,649.43,Delivered,47
13124,767,223,2024-11-01,190.77,Delivered,27
13125,1274,168,2024-11-07,422.92,Delivered,45
13126,802,202,2024-02-15,626.82,Delivered,54
13127,1028,172,2024-03-02,741.95,Delivered,36
13128,241,145,2024-09-03,526.88,Delivered,70
13129,716,154,2024-11-27,987.47,Delivered,69
13130,465,255,2024-11-16,834.12,Pending,
13131,678,190,2024-11-02,1183.55,Delivered,54
13132,1285,256,2024-11-08,1219.44,Delivered,18
13133,113,281,2024-10-20,1141.9,Delivered,36
13134,1574,102,2024-09-06,734.39,Delivered,47
13135,275,109,2024-02-07,258.39,Delivered,50
13136,1588,211,2024-11-28,927.54,Pending,
13137,231,104,2024-11-03,292.31,Delivered,15
13138,203,225,2024-11-10,882.84,Delivered,54
13139,1409,261,2024-12-22,531.59,Delivered,24
13140,533,263,2024-05-08,113.22,Delivered,70
13141,1266,174,2024-11-19,441.72,Pending,
13142,207,173,2024-12-07,624.16,Cancelled,
13143,1471,158,2024-01-26,1328.25,Delivered,59
13144,1767,160,2024-11-23,1469.14,Delivered,27
13145,75,112,2024-11-11,426.21,Delivered,28
13146,384,216,2024-02-28,810.84,Delivered,29
13147,1678,132,2024-03-01,686.04,Delivered,53
13148,1800,249,2024-12-22,870.73,Cancelled,
13149,1587,186,2024-11-05,502.06,Delivered,56
13150,1466,164,2024-12-22,1359.8,Delivered,57
13151,202,181,2024-03-13,404.03,Delivered,34
13152,1808,227,2024-11-25,1429.59,Pending,
13153,1934,223,2024-03-08,1434.05,Delivered,50
13154,718,191,2024-04-27,753.94,Delivered,59
13155,720,282,2024-10-24,732.49,Cancelled,
13156,1776,239,2024-01-09,882.36,Pending,
13157,1299,175,2024-12-02,1480.71,Cancelled,
13158,1265,267,2024-11-11,1172.39,Delivered,42
13159,1221,157,2024-10-31,920.88,Delivered,66
13160,1008,148,2024-11-03,388.31,Delivered,25
13161,249,116,2024-12-31,1378.54,Delivered,68
13162,1677,167,2024-09-27,985.27,Delivered,49
13163,1737,251,2024-04-26,441.36,Delivered,48
13164,882,151,2024-12-03,1482.65,Delivered,28
13165,1623,183,2024-12-20,1174.01,Delivered,53
13166,404,225,2024-02-27,162.16,Delivered,21
13167,952,202,2024-12-28,878.22,Delivered,68
13168,1438,127,2024-05-07,1009.71,Delivered,41
13169,562,111,2024-01-14,418.93,Cancelled,
13170,1544,269,2024-02-29,254.77,Pending,
13171,42,212,2024-05-21,442.47,Pending,
13172,1205,121,2024-12-11,817.59,Delivered,53
13173,1850,248,2024-03-27,100.11,Delivered,67
13174,1968,165,2024-02-02,839.39,Delivered,19
13175,1369,207,2024-05-29,1467.78,Delivered,36
13176,1684,105,2024-07-07,1420.23,Delivered,39
13177,1080,123,2024-11-14,453.78,Delivered,36
13178,457,148,2024-02-18,462.87,Delivered,53
13179,275,289,2024-03-20,1190.55,Delivered,38
13180,1443,257,2024-05-04,488.26,Cancelled,
13181,1692,143,2024-08-07,332.85,Delivered,68
13182,911,127,2024-04-29,900.46,Delivered,35
13183,1827,143,2024-08-14,1300.06,Delivered,15
13184,1115,222,2024-12-11,452.75,Delivered,29
13185,812,174,2024-01-21,117.36,Delivered,57
13186,1957,191,2024-12-04,502.19,Delivered,60
13187,552,291,2024-12-09,634.47,Cancelled,
13188,866,194,2024-09-08,304.37,Cancelled,
13189,1875,282,2024-11-14,319.86,Delivered,23
13190,417,263,2024-06-19,709.57,Delivered,21
13191,534,251,2024-11-01,201.3,Delivered,54
13192,3,156,2024-04-03,455.57,Delivered,30
13193,97,250,2024-12-31,1042.59,Delivered,65
13194,634,152,2024-06-02,617.31,Delivered,27
13195,48,252,2024-11-28,162.26,Delivered,51
13196,641,241,2024-12-17,501.67,Delivered,16
13197,1892,201,2024-06-03,535.82,Delivered,19
13198,679,219,2024-12-12,908.68,Delivered,18
13199,26,136,2024-04-13,1415.95,Delivered,51
13200,1348,133,2024-05-16,1228.47,Delivered,35
13201,1547,111,2024-11-26,1240.33,Pending,
13202,291,240,2024-12-15,783.02,Delivered,32
13203,62,114,2024-10-31,1337.69,Delivered,42
13204,1087,248,2024-08-30,936.05,Delivered,61
13205,886,166,2024-11-07,627.28,Delivered,23
13206,1996,272,2024-12-30,261.0,Delivered,52
13207,833,275,2024-03-27,1073.12,Delivered,51
13208,997,250,2024-10-24,427.54,Delivered,47
13209,1781,182,2024-04-06,1294.52,Cancelled,
13210,257,133,2024-12-06,379.43,Delivered,35
13211,260,299,2024-07-25,146.67,Cancelled,
13212,1216,174,2024-06-09,740.12,Pending,
13213,245,107,2024-12-17,616.52,Delivered,44
13214,737,117,2024-11-23,786.33,Cancelled,
13215,1390,246,2024-05-17,815.42,Delivered,60
13216,117,138,2024-12-15,411.84,Pending,
13217,1013,265,2024-08-14,1426.18,Delivered,60
13218,139,223,2024-04-30,1216.15,Delivered,38
13219,1363,115,2024-02-23,1201.5,Delivered,43
13220,470,141,2024-11-09,357.94,Delivered,40
13221,1811,110,2024-12-27,602.47,Delivered,40
13222,1277,287,2024-09-23,1191.09,Delivered,25
13223,124,258,2024-11-19,212.02,Delivered,24
13224,427,180,2024-11-30,969.29,Delivered,61
13225,857,121,2024-05-18,1178.0,Delivered,59
13226,1441,224,2024-12-02,590.29,Delivered,16
13227,275,282,2024-04-17,1025.64,Delivered,50
13228,597,223,2024-02-10,476.12,Cancelled,
13229,479,153,2024-01-25,971.88,Delivered,30
13230,1532,214,2024-12-03,397.33,Delivered,46
13231,538,103,2024-04-09,1465.21,Delivered,52
13232,592,264,2024-09-01,1217.64,Delivered,31
13233,176,238,2024-07-03,1315.79,Cancelled,
13234,1335,210,2024-07-09,1465.04,Delivered,18
13235,292,125,2024-05-13,1393.96,Pending,
13236,285,123,2025-06-15,610.92,Cancelled,
13237,837,295,2024-09-18,671.91,Pending,
13238,1340,257,2024-11-22,521.55,Delivered,55
13239,1630,158,2024-04-09,300.87,Delivered,29
13240,758,183,2024-12-08,1113.4,Delivered,53
13241,920,147,2024-12-26,1475.73,Delivered,67
13242,848,105,2024-11-26,1092.02,Delivered,69
13243,287,101,2024-03-13,1287.04,Cancelled,
13244,1657,164,2024-07-31,749.34,Delivered,43
13245,1645,123,2024-12-15,1229.28,Delivered,62
13246,1549,122,2024-11-19,1234.65,Delivered,23
13247,333,155,2024-03-22,449.66,Delivered,29
13248,408,277,2024-05-12,546.08,Delivered,59
13249,1734,186,2024-03-11,646.28,Delivered,21
13250,1749,145,2024-11-25,408.69,Pending,
13251,339,165,2024-12-28,635.85,Delivered,25
13252,1953,159,2024-11-21,782.9,Delivered,59
13253,1940,238,2024-04-21,901.01,Delivered,53
13254,1850,251,2024-01-28,1213.63,Delivered,52
13255,1775,121,2024-12-30,233.94,Delivered,62
13256,942,118,2024-01-31,1411.22,Pending,
13257,1696,120,2024-07-08,380.09,Delivered,51
13258,1446,270,2024-12-04,188.25,Delivered,56
13259,1923,152,2024-03-20,186.75,Delivered,50
13260,468,268,2024-05-19,311.14,Delivered,55
13261,1237,185,2024-11-05,546.94,Delivered,60
13262,1492,275,2024-01-08,173.96,Delivered,31
13263,1714,235,2024-03-03,1431.97,Delivered,43
13264,1348,217,2024-10-24,396.35,Delivered,32
13265,826,282,2024-07-23,1063.28,Delivered,48
13266,1884,251,2024-09-27,965.09,Delivered,47
13267,23,127,2024-11-26,628.07,Delivered,68
13268,111,109,2024-11-28,663.96,Delivered,62
13269,590,259,2024-11-09,1138.75,Delivered,68
13270,1107,124,2024-04-08,316.41,Delivered,20
13271,1684,141,2024-10-31,191.83,Pending,
13272,373,213,2024-11-29,1307.51,Delivered,30
13273,889,258,2024-10-12,651.66,Delivered,25
13274,265,251,2024-02-07,674.6,Delivered,22
13275,1458,147,2024-11-03,514.18,Delivered,62
13276,1389,154,2024-12-27,235.54,Cancelled,
13277,856,102,2024-11-11,783.39,Delivered,46
13278,978,223,2024-04-20,827.67,Delivered,16
13279,537,220,2024-05-19,1253.8,Delivered,17
13280,1353,240,2024-08-04,1221.81,Delivered,46
13281,1522,236,2024-07-05,1078.29,Delivered,30
13282,29,280,2024-03-17,281.23,Delivered,22
13283,665,163,2024-05-08,1237.63,Delivered,47
13284,965,104,2024-11-27,585.36,Delivered,54
13285,1126,142,2024-02-03,1155.69,Delivered,61
13286,768,259,2024-03-29,1307.42,Delivered,15
13287,1447,300,2024-09-23,1275.1,Delivered,55
13288,34,267,2024-10-20,378.63,Delivered,31
13289,1819,121,2024-05-04,1286.45,Delivered,35
13290,1325,294,2024-12-01,486.81,Delivered,23
13291,1167,129,2024-04-17,290.4,Cancelled,
13292,867,106,2024-10-27,1440.01,Delivered,51
13293,212,206,2024-09-13,1155.03,Delivered,31
13294,1924,155,2024-09-19,619.85,Delivered,62
13295,130,136,2024-09-16,693.99,Delivered,69
13296,231,233,2024-06-14,811.89,Delivered,66
13297,1740,103,2024-07-19,918.37,Delivered,39
13298,410,181,2024-11-30,425.66,Delivered,50
13299,1686,238,2024-12-09,430.3,Cancelled,
13300,941,193,2024-11-22,933.08,Delivered,55
13301,92,246,2024-06-10,1494.2,Delivered,67
13302,396,144,2024-12-13,978.17,Delivered,27
13303,1744,285,2024-11-01,650.52,Pending,
13304,1584,175,2024-05-04,405.32,Pending,
13305,1269,106,2024-12-27,472.08,Delivered,57
13306,1870,146,2024-10-05,106.69,Delivered,39
13307,515,293,2024-11-23,1485.89,Delivered,66
13308,989,241,2024-07-11,821.24,Delivered,40
13309,1534,229,2024-06-10,254.21,Cancelled,
13310,1571,114,2024-02-22,838.43,Delivered,41
13311,115,202,2024-04-25,1218.88,Cancelled,
13312,25,279,2024-06-13,571.54,Delivered,41
13313,1456,187,2024-11-17,975.01,Delivered,26
13314,1888,157,2024-10-02,685.29,Delivered,35
13315,44,256,2024-11-14,993.15,Pending,
13316,349,140,2024-09-20,190.01,Delivered,20
13317,1303,103,2024-12-09,269.92,Delivered,37
13318,72,270,2024-11-19,1126.5,Pending,
13319,209,208,2024-11-20,805.65,Delivered,56
13320,1532,236,2024-12-10,1127.82,Delivered,36
13321,731,126,2024-03-14,658.37,Delivered,60
13322,559,192,2024-11-23,1275.0,Delivered,33
13323,1012,207,2024-12-19,1106.5,Delivered,49
13324,1755,165,2024-09-12,286.19,Delivered,38
13325,89,131,2024-07-15,130.34,Delivered,42
13326,1062,178,2024-08-11,766.01,Cancelled,
13327,887,290,2024-11-11,166.69,Cancelled,
13328,823,164,2024-06-23,586.04,Delivered,57
13329,1595,214,2024-06-01,1113.03,Delivered,58
13330,1402,253,2024-11-24,1471.85,Cancelled,
13331,1802,124,2024-11-10,1232.26,Delivered,36
13332,367,135,2024-04-26,1461.15,Pending,
13333,815,143,2024-10-21,1010.51,Pending,
13334,976,264,2024-12-03,1138.68,Cancelled,
13335,697,256,2024-11-16,735.67,Delivered,45
13336,726,126,2024-12-19,1314.06,Delivered,48
13337,1518,198,2024-11-01,760.5,Delivered,69
13338,1074,247,2024-08-31,1032.57,Pending,
13339,689,177,2024-01-27,721.57,Delivered,37
13340,505,258,2024-11-05,244.53,Delivered,41
13341,614,205,2024-11-27,1244.54,Delivered,18
13342,769,247,2024-12-18,318.0,Delivered,40
13343,1958,295,2024-08-23,530.66,Delivered,38
13344,1451,105,2024-11-20,117.36,Delivered,15
13345,662,194,2024-01-23,488.67,Cancelled,
13346,1042,215,2024-03-08,425.03,Delivered,50
13347,961,282,2024-12-01,660.6,Pending,
13348,733,212,2024-12-09,678.58,Delivered,63
13349,1610,259,2024-12-01,927.64,Delivered,33
13350,966,121,2024-08-12,1222.15,Delivered,42
13351,1078,209,2024-12-18,488.86,Delivered,22
13352,1413,187,2024-12-02,1015.21,Delivered,16
13353,1140,104,2024-12-30,385.11,Pending,
13354,468,188,2024-02-24,102.64,Delivered,57
13355,1720,221,2024-12-29,1110.85,Delivered,16
13356,505,284,2024-07-06,410.94,Delivered,56
13357,1657,279,2024-04-06,493.1,Delivered,24
13358,983,171,2024-03-19,1136.57,Delivered,49
13359,249,163,2024-11-03,952.72,Delivered,30
13360,1618,235,2024-12-18,868.1,Delivered,49
13361,1007,281,2024-04-06,735.51,Delivered,21
13362,1802,145,2024-01-10,134.4,Delivered,42
13363,1296,288,2024-06-24,1057.11,Pending,
13364,791,119,2024-10-18,989.36,Delivered,23
13365,1550,108,2024-05-30,850.43,Cancelled,
13366,1029,134,2024-01-16,1275.07,Pending,
13367,294,190,2024-08-07,586.82,Delivered,24
13368,318,106,2024-12-21,853.6,Pending,
13369,128,160,2024-12-31,593.91,Delivered,44
13370,1591,130,2024-02-02,943.33,Delivered,41
13371,937,139,2024-10-31,1165.37,Delivered,34
13372,218,240,2024-01-20,721.9,Delivered,28
13373,1030,152,2024-12-09,582.74,Delivered,42
13374,506,193,2024-11-29,659.59,Pending,
13375,568,238,2024-10-10,1194.4,Delivered,34
13376,1579,282,2024-07-28,349.48,Delivered,51
13377,1692,160,2024-05-25,1191.55,Delivered,46
13378,435,217,2024-12-13,359.04,Cancelled,
13379,803,131,2024-05-12,380.57,Delivered,34
13380,1476,122,2024-12-10,359.39,Delivered,22
13381,600,190,2024-09-17,559.47,Delivered,49
13382,372,250,2024-01-08,956.17,Delivered,21
13383,115,144,2024-10-25,1052.7,Delivered,57
13384,1890,127,2024-01-16,727.49,Delivered,51
13385,1945,170,2024-10-12,445.99,Delivered,70
13386,436,254,2024-12-13,101.21,Cancelled,
13387,1712,117,2024-08-24,346.4,Cancelled,
13388,98,149,2024-11-03,1046.63,Pending,
13389,1938,296,2024-03-27,1031.34,Delivered,31
13390,517,203,2024-10-28,497.97,Delivered,54
13391,1293,295,2024-08-29,506.72,Delivered,35
13392,1005,226,2024-09-18,409.7,Delivered,69
13393,1319,134,2024-11-20,386.84,Delivered,66
13394,404,162,2024-11-13,1105.97,Delivered,19
13395,1729,252,2024-12-19,637.52,Pending,
13396,1588,142,2024-11-29,1451.54,Delivered,36
13397,861,126,2024-12-25,502.84,Delivered,21
13398,580,226,2024-07-17,292.97,Cancelled,
13399,1143,240,2024-11-22,574.87,Delivered,19
13400,1896,237,2024-11-24,1101.31,Delivered,33
13401,1790,179,2024-07-18,939.55,Delivered,47
13402,1077,152,2024-11-12,1427.83,Cancelled,
13403,203,211,2024-09-26,181.81,Cancelled,
13404,938,123,2024-12-04,1131.99,Delivered,38
13405,534,111,2024-01-14,172.45,Delivered,38
13406,825,286,2024-11-05,518.28,Delivered,45
13407,929,129,2024-03-14,213.9,Delivered,35
13408,630,163,2024-12-20,1241.74,Delivered,43
13409,206,230,2024-11-16,1347.81,Cancelled,
13410,1435,249,2024-03-19,955.66,Delivered,60
13411,1821,240,2024-08-13,724.49,Delivered,57
13412,1039,299,2024-11-08,1222.56,Delivered,58
13413,1264,145,2024-12-11,1046.38,Delivered,64
13414,1762,219,2024-10-27,1280.69,Delivered,29
13415,1988,237,2024-05-13,787.4,Pending,
13416,882,139,2024-08-04,1200.33,Delivered,22
13417,680,267,2024-02-04,845.1,Delivered,36
13418,27,161,2024-11-02,1337.36,Delivered,56
13419,1022,237,2024-02-05,1432.89,Delivered,59
13420,1968,166,2024-11-29,703.15,Delivered,29
13421,617,269,2024-01-18,808.3,Delivered,27
13422,990,177,2024-05-24,625.2,Delivered,57
13423,1988,189,2024-11-28,464.6,Delivered,25
13424,192,245,2024-10-20,1132.39,Pending,
13425,1518,156,2024-06-12,898.62,Delivered,19
13426,805,230,2024-10-16,720.27,Cancelled,
13427,136,252,2024-07-04,776.72,Delivered,21
13428,938,120,2024-12-24,1068.95,Delivered,33
13429,365,238,2024-06-12,1285.99,Delivered,43
13430,413,278,2024-11-06,1171.97,Delivered,44
13431,787,199,2024-12-24,355.2,Delivered,58
13432,272,207,2024-11-17,151.42,Pending,
13433,1876,269,2024-11-04,1318.21,Delivered,29
13434,1209,152,2024-11-07,180.95,Delivered,27
13435,640,264,2024-12-19,903.76,Delivered,55
13436,975,180,2024-03-14,230.21,Delivered,52
13437,1027,125,2024-12-17,1135.24,Cancelled,
13438,1590,294,2024-02-16,1413.93,Delivered,68
13439,1382,214,2024-09-24,1015.14,Delivered,30
13440,1695,214,2024-10-03,183.29,Delivered,54
13441,1846,198,2024-03-09,465.5,Delivered,46
13442,1662,294,2024-04-05,958.39,Delivered,28
13443,139,124,2024-09-20,1238.64,Delivered,18
13444,1104,175,2024-05-22,1031.41,Delivered,70
13445,1502,131,2024-02-18,1069.44,Delivered,49
13446,1076,292,2024-10-27,232.31,Delivered,34
13447,1803,220,2024-12-12,548.14,Delivered,30
13448,429,146,2024-11-20,925.09,Delivered,56
13449,1662,176,2024-12-28,1074.58,Delivered,60
13450,441,290,2024-03-30,183.45,Cancelled,
13451,1054,267,2024-01-13,562.46,Delivered,68
13452,1123,250,2024-12-05,935.83,Delivered,61
13453,1508,114,2024-12-18,1135.14,Delivered,55
13454,945,142,2024-12-18,-1470.82,Delivered,52
13455,501,196,2024-12-30,161.26,Delivered,47
13456,766,117,2024-11-13,504.12,Delivered,38
13457,869,223,2024-10-30,499.65,Delivered,33
13458,1830,272,2024-12-09,522.3,Delivered,43
13459,568,195,2024-11-12,1211.47,Pending,
13460,1563,110,2024-12-01,1458.26,Delivered,20
13461,465,103,2024-11-12,515.46,Delivered,66
13462,198,145,2024-10-27,1426.43,Delivered,39
13463,1644,139,2024-04-26,1169.46,Delivered,22
13464,1113,297,2024-11-28,931.07,Cancelled,
13465,833,174,2024-04-13,754.3,Pending,
13466,648,110,2024-10-15,1088.79,Delivered,44
13467,767,190,2024-12-18,1195.41,Delivered,68
13468,427,278,2024-11-19,1331.42,Delivered,26
13469,467,143,2024-01-26,1202.62,Delivered,60
13470,333,169,2024-05-23,248.66,Delivered,58
13471,1038,139,2024-12-25,333.56,Delivered,63
13472,760,120,2024-12-05,856.64,Delivered,59
13473,1238,239,2024-01-26,643.05,Delivered,53
13474,1614,281,2024-06-24,654.01,Delivered,60
13475,554,115,2024-12-16,236.78,Delivered,23
13476,1825,265,2024-10-09,649.32,Delivered,49
13477,1214,140,2024-09-04,1134.35,Delivered,46
13478,1482,105,2024-05-08,940.18,Delivered,26
13479,285,176,2024-11-12,469.57,Pending,
13480,1187,214,2024-04-27,896.7,Delivered,16
13481,97,215,2024-05-27,215.39,Delivered,35
13482,1391,243,2024-02-07,587.59,Delivered,18
13483,1551,207,2024-12-25,570.52,Delivered,55
13484,1993,282,2024-08-15,836.06,Delivered,29
13485,54,171,2024-11-24,751.46,Delivered,56
13486,1186,232,2024-12-14,1403.61,Pending,
13487,1927,261,2024-05-04,1277.5,Delivered,63
13488,1475,154,2024-06-12,112.25,Pending,
13489,1904,268,2024-02-15,1317.6,Delivered,44
13490,533,232,2024-12-30,240.1,Delivered,41
13491,1527,260,2024-03-29,1377.96,Delivered,36
13492,876,271,2024-06-19,1071.58,Delivered,24
13493,1799,265,2024-11-29,1174.69,Delivered,38
13494,808,153,2024-09-28,307.17,Delivered,53
13495,95,141,2024-08-15,992.85,Delivered,66
13496,1432,260,2024-12-31,678.35,Pending,
13497,192,157,2024-02-29,130.11,Delivered,49
13498,1023,284,2024-11-11,1432.21,Delivered,68
13499,860,186,2024-01-10,159.13,Delivered,19
13500,1250,106,2024-08-21,878.98,Pending,
13501,326,182,2024-03-13,357.93,Pending,
13502,1891,264,2024-03-05,1227.99,Cancelled,
13503,1021,175,2024-07-18,167.61,Delivered,63
13504,834,160,2024-09-17,1432.73,Delivered,68
13505,1415,270,2024-10-28,174.35,Cancelled,
13506,305,214,2024-12-11,800.62,Delivered,68
13507,1587,227,2024-10-28,1327.59,Delivered,50
13508,1908,166,2024-01-01,831.17,Delivered,63
13509,1684,147,2024-02-14,1458.58,Pending,
13510,257,213,2024-12-20,1258.62,Delivered,39
13511,695,223,2024-03-22,1175.11,Delivered,45
13512,301,234,2024-12-25,530.34,Cancelled,
13513,1027,287,2024-09-16,1390.94,Delivered,25
13514,1079,238,2024-12-15,934.35,Delivered,66
13515,1168,235,2024-08-13,1067.58,Delivered,22
13516,1847,256,2024-03-04,975.07,Cancelled,
13517,143,222,2024-07-25,897.29,Cancelled,
13518,1717,145,2024-10-16,291.86,Cancelled,
13519,877,296,2024-12-24,570.51,Delivered,31
13520,883,193,2024-09-15,421.15,Delivered,27
13521,117,253,2024-06-25,420.34,Delivered,49
13522,1181,161,2024-12-11,1494.57,Delivered,17
13523,670,271,2024-07-13,-1172.5,Delivered,31
13524,1114,154,2024-12-08,804.46,Delivered,42
13525,1023,128,2024-09-09,498.5,Delivered,20
13526,1052,269,2024-08-26,1143.45,Delivered,39
13527,1369,222,2024-12-26,1187.65,Delivered,70
13528,1501,133,2024-12-22,1042.25,Cancelled,
13529,1433,190,2024-02-25,1439.85,Delivered,56
13530,1599,245,2024-12-29,758.7,Delivered,67
13531,1823,111,2024-06-01,528.16,Delivered,49
13532,1732,192,2024-01-05,1134.82,Delivered,17
13533,397,103,2024-12-01,1095.58,Pending,
13534,630,162,2024-04-29,1275.95,Pending,
13535,819,122,2024-11-27,547.85,Pending,
13536,1972,222,2024-04-08,508.81,Delivered,55
13537,526,242,2024-05-07,859.87,Delivered,19
13538,410,222,2024-12-03,758.88,Delivered,70
13539,1349,149,2024-02-14,491.5,Delivered,47
13540,307,200,2024-08-08,1070.48,Delivered,48
13541,343,283,2024-08-30,966.81,Delivered,32
13542,1708,265,2024-01-11,1183.41,Delivered,46
13543,1634,177,2024-01-01,581.78,Delivered,49
13544,77,103,2024-02-02,839.7,Delivered,41
13545,1925,102,2024-04-04,187.09,Delivered,22
13546,1260,255,2024-11-24,1265.93,Pending,
13547,984,102,2024-11-06,156.18,Delivered,66
13548,631,142,2024-12-30,672.33,Delivered,29
13549,1442,172,2024-11-19,574.38,Delivered,64
13550,69,281,2024-12-14,510.97,Delivered,56
13551,720,254,2024-10-31,333.13,Delivered,54
13552,1317,184,2024-01-14,761.37,Delivered,31
13553,1950,275,2024-06-24,894.99,Delivered,38
13554,861,132,2024-09-17,1193.92,Delivered,59
13555,1692,221,2024-12-20,579.87,Cancelled,
13556,627,180,2024-11-26,1381.12,Delivered,24
13557,240,174,2024-10-15,820.42,Pending,
13558,1681,279,2024-05-17,771.79,Delivered,42
13559,1312,293,2024-12-20,412.79,Delivered,46
13560,1386,183,2024-03-28,1040.67,Delivered,49
13561,1734,297,2024-12-19,461.54,Delivered,38
13562,673,269,2024-11-05,988.85,Delivered,70
13563,933,104,2024-12-13,122.88,Delivered,46
13564,389,265,2024-11-21,920.23,Delivered,21
13565,1305,144,2024-08-03,1079.23,Delivered,22
13566,1561,234,2024-11-08,574.79,Cancelled,
13567,74,124,2024-02-19,698.0,Delivered,67
13568,1175,177,2024-06-26,1070.67,Delivered,63
13569,282,193,2024-10-31,958.41,Delivered,16
13570,1705,282,2024-11-15,1259.93,Delivered,56
13571,1351,172,2024-01-02,868.93,Delivered,61
13572,1200,249,2024-12-08,317.93,Pending,
13573,287,130,2024-06-05,1300.37,Delivered,27
13574,24,230,2024-12-14,1073.11,Cancelled,
13575,281,269,2024-02-28,1499.6,Pending,
13576,469,150,2024-11-19,925.93,Delivered,34
13577,1674,251,2024-01-18,349.7,Delivered,29
13578,1224,240,2024-05-27,929.06,Delivered,33
13579,529,252,2024-09-05,117.04,Delivered,70
13580,654,175,2024-09-30,865.2,Delivered,24
13581,494,266,2024-01-16,891.48,Cancelled,
13582,69,299,2024-12-21,892.83,Cancelled,
13583,1756,179,2024-09-26,301.89,Cancelled,
13584,1084,139,2024-08-13,593.84,Pending,
13585,1905,216,2024-01-23,752.07,Pending,
13586,1562,118,2024-11-22,270.68,Delivered,21
13587,629,212,2024-03-21,913.67,Delivered,28
13588,1285,229,2024-12-11,403.5,Delivered,47
13589,995,144,2024-12-20,447.3,Delivered,24
13590,1076,185,2024-09-14,502.5,Pending,
13591,152,128,2024-05-12,1280.6,Cancelled,
13592,740,236,2024-04-24,1353.41,Delivered,49
13593,1078,108,2024-12-20,741.85,Delivered,21
13594,253,186,2024-11-29,1242.01,Pending,
13595,1517,213,2024-01-10,1015.08,Delivered,63
13596,407,101,2024-05-05,577.33,Delivered,69
13597,1350,222,2024-11-06,749.32,Delivered,48
13598,805,157,2024-12-09,528.22,Pending,
13599,1009,300,2024-05-02,693.82,Delivered,60
13600,1379,111,2024-11-07,807.31,Delivered,56
13601,735,288,2024-09-15,199.01,Delivered,55
13602,207,220,2024-03-26,1275.23,Cancelled,
13603,64,122,2024-02-29,393.49,Pending,
13604,1014,300,2024-02-28,778.27,Delivered,58
13605,1109,163,2024-08-10,949.84,Delivered,69
13606,1104,230,2024-05-19,1193.23,Pending,
13607,1010,250,2024-11-15,221.81,Delivered,27
13608,1903,135,2024-11-26,1290.68,Delivered,60
13609,1134,108,2024-03-23,1326.01,Delivered,28
13610,688,231,2024-07-15,898.95,Delivered,47
13611,1982,226,2024-05-15,1437.93,Delivered,64
13612,594,136,2024-01-27,1451.51,Delivered,16
13613,334,174,2024-12-07,1263.76,Delivered,17
13614,1146,262,2024-12-24,1432.27,Delivered,37
13615,117,151,2024-08-19,1235.04,Delivered,15
13616,1246,146,2024-11-29,637.59,Delivered,36
13617,1429,276,2024-11-26,326.77,Delivered,45
13618,761,122,2024-05-10,221.61,Pending,
13619,1333,135,2024-04-01,1406.19,Pending,
13620,925,109,2024-11-04,1308.22,Delivered,63
13621,1334,123,2024-12-07,895.28,Delivered,28
13622,318,156,2024-09-15,1099.99,Delivered,58
13623,1320,175,2024-12-29,1302.8,Delivered,24
13624,957,208,2024-12-03,103.7,Cancelled,
13625,1665,237,2024-01-04,1423.48,Delivered,33
13626,592,267,2024-01-02,1378.22,Delivered,46
13627,1002,127,2024-12-11,618.87,Delivered,61
13628,481,164,2024-12-05,968.79,Pending,
13629,648,130,2024-12-17,701.78,Delivered,37
13630,551,133,2024-11-04,1328.74,Delivered,39
13631,1870,136,2024-08-18,478.86,Pending,
13632,1987,253,2024-05-23,653.57,Cancelled,
13633,626,199,2024-06-24,133.75,Cancelled,
13634,642,269,2024-11-17,425.03,Delivered,36
13635,567,229,2024-11-20,1031.66,Pending,
13636,747,290,2024-02-02,211.08,Delivered,65
13637,1170,168,2024-07-10,1305.21,Delivered,58
13638,607,209,2024-07-08,401.8,Delivered,36
13639,616,268,2024-11-09,1164.18,Pending,
13640,48,268,2024-11-09,689.77,Delivered,51
13641,983,266,2024-05-28,1184.72,Delivered,67
13642,661,217,2024-12-20,1253.27,Pending,
13643,921,272,2024-04-16,1162.05,Delivered,17
13644,205,234,2024-08-20,652.45,Delivered,20
13645,107,276,2024-08-16,1270.71,Delivered,17
13646,335,233,2024-08-04,694.47,Delivered,30
13647,747,280,2024-02-09,870.14,Pending,
13648,726,219,2024-02-24,1020.94,Delivered,20
13649,544,234,2024-10-01,330.4,Delivered,50
13650,1450,192,2024-12-12,582.72,Delivered,64
13651,1371,250,2024-11-16,665.81,Cancelled,
13652,484,113,2024-10-03,1417.4,Delivered,49
13653,1360,102,2024-03-29,1123.14,Delivered,69
13654,1010,279,2024-10-31,157.43,Delivered,20
13655,749,212,2024-07-31,429.64,Delivered,62
13656,1633,117,2024-12-28,1384.48,Delivered,49
13657,759,188,2024-11-06,1005.47,Delivered,70
13658,1235,276,2024-04-24,1266.82,Pending,
13659,208,138,2024-11-06,1215.23,Cancelled,
13660,832,199,2024-07-22,486.89,Delivered,42
13661,179,185,2024-01-14,259.64,Delivered,25
13662,1883,247,2024-12-01,1216.12,Cancelled,
13663,1359,152,2024-05-20,362.68,Delivered,64
13664,1798,118,2024-12-24,723.37,Delivered,15
13665,1859,245,2024-12-10,103.86,Delivered,60
13666,1809,127,2024-04-25,577.17,Delivered,57
13667,1869,259,2024-03-03,1333.62,Cancelled,
13668,905,141,2024-08-07,635.03,Delivered,18
13669,1829,121,2024-04-01,548.61,Delivered,27
13670,1965,166,2024-08-20,956.74,Cancelled,
13671,286,237,2024-12-12,143.45,Delivered,46
13672,318,183,2024-08-07,249.45,Pending,
13673,1226,244,2024-12-01,1037.84,Delivered,21
13674,627,242,2024-12-10,164.4,Delivered,46
13675,57,293,2024-07-22,1323.14,Delivered,37
13676,1437,222,2024-11-18,1196.03,Delivered,23
13677,1668,228,2024-12-13,1353.29,Delivered,34
13678,1873,151,2024-06-05,761.1,Pending,
13679,1959,276,2024-11-20,340.94,Delivered,46
13680,608,237,2024-12-31,969.39,Delivered,47
13681,1867,234,2024-12-01,1106.72,Delivered,43
13682,1227,129,2024-12-30,1057.8,Delivered,35
13683,1170,265,2024-11-19,462.42,Delivered,69
13684,1613,158,2024-11-12,272.88,Delivered,55
13685,1045,265,2024-10-16,1477.67,Delivered,67
13686,326,226,2024-12-27,1052.05,Pending,
13687,1156,127,2024-11-03,632.0,Delivered,36
13688,1825,274,2024-09-03,1421.3,Cancelled,
13689,1438,148,2024-11-07,710.53,Delivered,53
13690,1424,169,2024-11-07,833.36,Delivered,16
13691,594,235,2024-01-31,116.0,Delivered,40
13692,1009,104,2024-12-28,792.07,Delivered,23
13693,549,108,2024-03-06,883.38,Delivered,55
13694,1899,114,2024-12-06,355.78,Delivered,29
13695,1067,183,2024-12-27,941.5,Delivered,69
13696,650,227,2024-11-09,1098.46,Delivered,58
13697,1017,141,2024-11-10,593.56,Delivered,66
13698,738,216,2024-03-03,1434.99,Delivered,30
13699,1626,204,2024-11-28,854.63,Delivered,56
13700,1218,111,2024-11-07,1237.52,Pending,
13701,1791,172,2024-12-16,672.47,Delivered,25
13702,1647,250,2024-04-06,1455.63,Delivered,52
13703,152,251,2024-11-06,766.34,Delivered,15
13704,105,278,2024-12-10,615.28,Delivered,31
13705,167,183,2024-07-25,867.74,Cancelled,
13706,1733,179,2024-12-02,1246.57,Cancelled,
13707,650,265,2024-04-16,1381.54,Delivered,63
13708,200,240,2024-12-01,441.57,Delivered,62
13709,1536,134,2024-02-14,557.29,Cancelled,
13710,491,264,2024-01-04,848.14,Delivered,59
13711,841,126,2024-07-12,1083.84,Delivered,47
13712,961,251,2024-11-14,1468.04,Delivered,69
13713,32,252,2024-03-06,182.05,Delivered,48
13714,1701,129,2024-02-02,364.72,Delivered,26
13715,1141,241,2024-07-08,769.91,Delivered,21
13716,764,240,2024-11-05,1486.26,Delivered,45
13717,222,246,2024-03-22,1001.8,Delivered,69
13718,1442,103,2024-12-23,669.05,Delivered,54
13719,1077,112,2024-03-11,999.51,Cancelled,
13720,1475,154,2024-10-16,1161.89,Delivered,39
13721,365,248,2024-11-04,384.69,Delivered,19
13722,1715,141,2024-04-17,1107.87,Delivered,57
13723,906,189,2024-07-12,779.77,Delivered,17
13724,1399,237,2024-12-14,1311.24,Delivered,46
13725,1348,273,2024-04-22,130.91,Delivered,31
13726,1180,273,2024-11-28,491.51,Pending,
13727,2000,236,2024-11-06,1316.1,Delivered,56
13728,1687,156,2024-08-27,305.94,Cancelled,
13729,1392,275,2024-12-11,923.64,Delivered,32
13730,1453,224,2024-11-17,1138.29,Delivered,44
13731,355,145,2024-12-06,1234.88,Pending,
13732,1406,103,2024-12-02,247.44,Delivered,44
13733,1723,173,2024-10-30,806.48,Delivered,23
13734,40,205,2024-08-02,772.84,Delivered,32
13735,489,261,2024-05-16,189.31,Delivered,25
13736,510,192,2024-04-03,1475.44,Delivered,70
13737,277,247,2024-02-05,1488.56,Delivered,38
13738,1817,128,2024-08-25,467.82,Cancelled,
13739,1981,294,2024-05-04,1039.15,Delivered,58
13740,882,201,2024-05-24,713.48,Pending,
13741,1346,269,2024-11-27,1372.54,Delivered,28
13742,493,192,2024-11-24,807.32,Delivered,59
13743,1711,127,2024-11-08,727.45,Delivered,37
13744,78,260,2024-01-18,444.97,Cancelled,
13745,1691,193,2024-09-13,580.26,Delivered,68
13746,1878,293,2024-11-24,680.14,Delivered,23
13747,1674,145,2024-03-03,951.3,Delivered,59
13748,994,197,2024-12-31,457.17,Delivered,53
13749,1192,298,2024-03-30,442.58,Delivered,17
13750,894,131,2024-08-15,1101.3,Cancelled,
13751,1322,116,2024-11-10,806.99,Cancelled,
13752,1782,237,2024-11-24,212.66,Cancelled,
13753,1644,273,2024-12-26,638.43,Delivered,32
13754,1331,123,2024-12-24,1383.38,Delivered,46
13755,1566,274,2024-11-08,1459.68,Delivered,23
13756,72,264,2024-09-19,1362.52,Delivered,55
13757,947,131,2024-12-08,188.76,Cancelled,
13758,1729,188,2024-07-23,1236.11,Pending,
13759,1992,208,2024-02-27,469.11,Delivered,41
13760,567,237,2024-04-28,1281.15,Delivered,44
13761,645,254,2024-09-13,818.14,Cancelled,
13762,1413,104,2024-11-09,616.15,Pending,
13763,1139,144,2024-07-20,163.39,Delivered,30
13764,483,168,2024-12-24,1317.04,Delivered,15
13765,352,145,2024-11-14,887.9,Delivered,41
13766,51,262,2024-03-12,308.28,Pending,
13767,1792,257,2024-08-22,102.45,Cancelled,
13768,1898,145,2024-05-05,437.34,Delivered,29
13769,1362,114,2024-01-07,314.03,Delivered,25
13770,1112,278,2024-11-07,298.04,Delivered,17
13771,798,136,2024-11-06,776.5,Delivered,62
13772,1082,204,2024-11-25,476.39,Pending,
13773,1032,290,2024-11-29,1067.12,Delivered,55
13774,1770,144,2024-03-30,749.04,Delivered,67
13775,1617,169,2024-01-24,1041.38,Pending,
13776,382,105,2024-03-27,1183.25,Delivered,61
13777,1788,260,2024-12-05,331.17,Cancelled,
13778,331,289,2024-04-19,907.37,Delivered,59
13779,1846,226,2024-11-14,721.39,Delivered,19
13780,1530,148,2024-05-16,1154.77,Delivered,69
13781,1863,238,2024-11-18,377.59,Delivered,41
13782,1618,185,2024-04-26,264.74,Delivered,48
13783,490,295,2024-03-31,1460.06,Delivered,39
13784,1292,181,2024-06-04,571.98,Delivered,31
13785,1376,243,2024-05-19,265.33,Delivered,29
13786,893,198,2024-02-06,683.58,Delivered,26
13787,458,109,2024-12-10,872.91,Cancelled,
13788,446,276,2024-12-26,990.52,Delivered,36
13789,297,298,2024-11-22,1188.59,Delivered,24
13790,1344,116,2024-07-30,1055.67,Delivered,48
13791,1328,298,2024-01-07,1002.98,Delivered,61
13792,233,164,2024-12-14,867.59,Cancelled,
13793,1437,199,2024-12-20,1029.66,Delivered,33
13794,1470,111,2024-12-27,339.66,Delivered,15
13795,1448,141,2024-08-10,1177.99,Pending,
13796,1141,208,2024-02-22,320.01,Delivered,69
13797,643,226,2024-11-10,776.1,Delivered,64
13798,1393,160,2024-04-03,1476.98,Delivered,18
13799,18,272,2024-12-07,116.59,Delivered,22
13800,126,244,2024-12-06,1430.34,Pending,
13801,1815,144,2024-12-31,1389.25,Delivered,69
13802,1965,240,2024-09-28,773.48,Delivered,36
13803,235,175,2024-12-02,912.74,Delivered,42
13804,752,174,2024-02-10,1321.91,Delivered,26
13805,1508,173,2024-10-31,597.11,Delivered,38
13806,1877,157,2024-01-26,898.67,Delivered,35
13807,1358,178,2024-12-30,344.96,Delivered,38
13808,1125,270,2024-11-08,1092.16,Delivered,45
13809,129,279,2024-09-28,1381.11,Delivered,34
13810,522,257,2024-04-02,471.82,Delivered,33
13811,1892,201,2024-06-08,779.48,Delivered,47
13812,547,140,2024-11-01,1272.5,Delivered,15
13813,219,291,2024-12-20,1479.82,Delivered,19
13814,889,265,2024-11-28,1118.27,Delivered,44
13815,1330,112,2024-11-15,115.42,Delivered,21
13816,1944,258,2024-11-22,143.83,Delivered,38
13817,547,145,2024-12-19,589.91,Delivered,19
13818,730,131,2024-03-03,1150.2,Delivered,26
13819,1404,239,2024-02-27,607.22,Delivered,43
13820,1503,162,2024-10-21,113.05,Delivered,44
13821,1188,268,2024-10-23,897.0,Delivered,57
13822,1834,186,2024-03-17,873.06,Cancelled,
13823,793,241,2024-12-23,239.24,Delivered,42
13824,261,286,2024-07-17,261.14,Delivered,69
13825,807,137,2024-12-10,508.75,Delivered,51
13826,174,219,2024-12-09,975.17,Delivered,51
13827,470,139,2024-06-05,472.89,Delivered,36
13828,1492,182,2024-12-10,640.21,Delivered,20
13829,1135,147,2024-01-06,1305.16,Delivered,64
13830,1689,291,2024-03-12,700.99,Delivered,21
13831,1719,111,2024-06-02,515.99,Cancelled,
13832,858,110,2024-09-09,941.76,Pending,
13833,1153,199,2024-03-21,828.87,Cancelled,
13834,1925,175,2024-11-12,1258.2,Pending,
13835,1521,255,2024-09-23,1223.07,Delivered,35
13836,1554,243,2024-06-06,898.73,Delivered,59
13837,332,192,2024-12-16,550.49,Pending,
13838,61,164,2024-06-16,409.17,Delivered,66
13839,441,117,2024-04-09,203.34,Delivered,69
13840,266,118,2024-12-02,567.56,Cancelled,
13841,694,120,2024-04-30,1177.95,Delivered,53
13842,1688,148,2024-11-18,674.84,Delivered,52
13843,1928,215,2024-05-06,246.3,Delivered,43
13844,371,210,2024-06-03,360.81,Pending,
13845,1348,209,2024-01-02,1247.3,Delivered,40
13846,1839,278,2024-11-27,100.69,Delivered,67
13847,38,225,2024-11-21,1369.08,Delivered,34
13848,1310,240,2024-07-25,264.83,Delivered,17
13849,1899,236,2024-02-26,229.33,Pending,
13850,1883,105,2024-04-09,120.88,Delivered,37
13851,606,223,2024-11-20,748.1,Cancelled,
13852,1972,116,2024-11-29,246.33,Delivered,20
13853,1863,296,2024-11-23,287.14,Cancelled,
13854,158,112,2024-11-26,1246.57,Delivered,15
13855,890,154,2024-12-14,1147.85,Pending,
13856,1142,117,2024-10-26,482.06,Delivered,42
13857,1986,290,2024-12-06,988.84,Delivered,35
13858,1331,284,2024-02-25,562.51,Delivered,26
13859,971,278,2024-11-03,950.92,Delivered,39
13860,1648,264,2024-11-12,1347.39,Delivered,31
13861,572,299,2024-11-04,633.75,Delivered,15
13862,54,164,2024-11-19,1044.02,Delivered,70
13863,1996,112,2024-03-22,383.87,Delivered,70
13864,1702,259,2024-09-30,1436.89,Pending,
13865,1405,241,2024-04-27,193.37,Delivered,52
13866,832,151,2024-07-29,793.67,Pending,
13867,524,168,2024-12-12,1185.49,Delivered,22
13868,,253,2024-09-04,1170.59,Delivered,24
13869,1784,137,2024-09-12,859.62,Delivered,23
13870,1854,296,2024-01-02,375.17,Delivered,15
13871,1546,285,2024-12-05,898.94,Delivered,54
13872,1788,130,2024-11-08,592.48,Delivered,59
13873,313,230,2024-12-07,1077.56,Delivered,22
13874,292,130,2024-12-07,789.97,Delivered,20
13875,382,276,2024-11-17,1352.91,Delivered,40
13876,15,279,2024-11-26,785.93,Delivered,59
13877,346,253,2024-11-06,329.77,Delivered,18
13878,1802,254,2024-06-14,1258.51,Delivered,15
13879,1272,150,2024-12-27,627.65,Pending,
13880,1312,299,2024-08-01,902.0,Delivered,50
13881,114,156,2024-12-20,673.2,Delivered,58
13882,1184,151,2024-11-01,1114.15,Delivered,30
13883,1041,273,2024-11-24,563.84,Cancelled,
13884,788,121,2024-11-11,879.0,Delivered,27
13885,1983,171,2024-05-18,429.48,Delivered,59
13886,515,222,2024-11-11,779.37,Delivered,37
13887,166,289,2024-11-04,1475.8,Delivered,65
13888,201,175,2024-02-26,1159.63,Delivered,56
13889,1498,123,2024-12-03,457.52,Delivered,69
13890,1638,206,2024-11-01,652.74,Delivered,30
13891,1570,135,2024-09-29,685.64,Delivered,20
13892,1719,150,2024-03-14,763.54,Delivered,37
13893,741,192,2024-09-19,494.57,Pending,
13894,423,128,2024-12-24,472.38,Delivered,53
13895,547,156,2024-11-28,494.96,Pending,
13896,1713,268,2024-01-25,947.93,Cancelled,
13897,1586,266,2024-02-08,1491.47,Cancelled,
13898,1050,229,2024-11-12,1269.81,Delivered,63
13899,139,265,2024-11-25,1333.9,Delivered,20
13900,1935,256,2024-12-22,687.61,Delivered,34
13901,292,107,2024-01-12,1247.52,Delivered,42
13902,1507,187,2024-02-22,1207.99,Pending,
13903,1022,191,2024-04-21,1474.44,Delivered,47
13904,41,267,2024-10-13,1180.8,Delivered,27
13905,896,115,2024-06-06,1244.94,Delivered,46
13906,530,284,2024-03-07,268.13,Delivered,36
13907,538,290,2024-10-01,354.2,Delivered,50
13908,1601,251,2024-05-30,547.28,Delivered,52
13909,367,144,2024-03-21,598.8,Pending,
13910,1434,177,2024-11-22,1469.91,Cancelled,
13911,1404,140,2024-12-25,698.39,Delivered,54
13912,116,191,2024-11-16,475.2,Delivered,64
13913,1716,123,2024-11-08,755.34,Delivered,40
13914,507,266,2024-07-03,969.29,Delivered,45
13915,4,111,2024-05-26,186.4,Delivered,30
13916,1165,225,2024-11-07,1188.13,Delivered,68
13917,1189,152,2024-02-15,829.1,Pending,
13918,1726,162,2024-09-25,1059.44,Delivered,70
13919,523,277,2024-05-04,1311.3,Delivered,61
13920,1463,200,2024-11-04,1048.77,Delivered,17
13921,1194,131,2024-01-01,1343.6,Delivered,55
13922,329,297,2024-12-07,1454.79,Delivered,22
13923,558,265,2024-11-10,785.3,Delivered,32
13924,1841,235,2024-08-19,1056.8,Delivered,44
13925,1547,288,2024-05-28,612.36,Delivered,46
13926,,287,2024-12-29,653.73,Delivered,50
13927,55,176,2024-09-11,1407.25,Delivered,64
13928,1463,115,2024-12-31,982.03,Pending,
13929,1620,278,2024-10-22,722.38,Pending,
13930,944,119,2024-02-16,449.94,Delivered,19
13931,241,225,2024-11-20,913.29,Delivered,39
13932,771,251,2024-05-12,1430.73,Cancelled,
13933,1186,217,2024-04-11,1329.73,Delivered,40
13934,1221,169,2024-04-25,1033.62,Delivered,23
13935,1208,271,2024-05-22,983.95,Delivered,37
13936,1529,175,2024-11-01,532.85,Delivered,33
13937,1476,286,2024-11-05,1063.96,Delivered,62
13938,840,190,2024-12-26,931.08,Delivered,16
13939,406,202,2024-05-13,163.02,Pending,
13940,1696,124,2024-09-06,1373.49,Pending,
13941,1308,156,2024-11-24,321.18,Delivered,16
13942,462,272,2024-06-21,811.54,Delivered,45
13943,266,245,2024-11-21,619.31,Delivered,57
13944,355,127,2024-04-09,671.36,Delivered,28
13945,1871,281,2024-11-05,1173.75,Cancelled,
13946,290,282,2024-09-03,702.06,Delivered,32
13947,264,113,2024-11-04,565.84,Pending,
13948,1408,135,2024-11-28,1252.16,Cancelled,
13949,317,224,2024-10-31,896.5,Delivered,51
13950,1417,258,2024-12-20,981.25,Delivered,60
13951,1057,259,2024-10-22,1293.48,Delivered,42
13952,372,297,2024-10-21,419.69,Delivered,43
13953,516,115,2024-07-31,614.88,Delivered,16
13954,1627,143,2024-04-01,915.66,Cancelled,
13955,51,158,2024-12-27,1434.43,Delivered,62
13956,768,155,2024-11-30,644.36,Cancelled,
13957,1227,277,2024-07-20,765.79,Delivered,41
13958,1489,242,2024-03-04,1397.24,Delivered,26
13959,91,251,2024-06-06,626.71,Delivered,33
13960,1008,214,2024-02-23,585.57,Delivered,63
13961,1629,210,2024-11-16,1236.44,Delivered,58
13962,610,284,2024-11-02,222.98,Pending,
13963,58,146,2024-06-04,381.37,Delivered,24
13964,1572,114,2024-05-12,801.4,Delivered,36
13965,737,255,2024-01-30,585.97,Delivered,23
13966,351,217,2024-11-05,293.5,Delivered,55
13967,1125,105,2024-01-19,1015.62,Delivered,44
13968,9,232,2024-11-13,1346.49,Pending,
13969,1950,282,2024-01-05,700.31,Cancelled,
13970,1902,161,2025-06-15,841.32,Pending,
13971,990,231,2024-11-22,1117.03,Delivered,58
13972,1983,214,2024-12-30,1481.54,Delivered,26
13973,1144,291,2024-07-01,1349.53,Delivered,27
13974,887,253,2024-03-27,808.19,Delivered,60
13975,51,107,2024-12-24,1202.36,Cancelled,
13976,1753,216,2024-05-17,409.48,Delivered,33
13977,727,299,2024-02-02,670.62,Pending,
13978,1051,230,2024-04-01,805.59,Cancelled,
13979,1391,286,2024-11-23,748.94,Delivered,59
13980,1258,240,2024-02-29,205.82,Pending,
13981,29,258,2024-07-28,711.09,Delivered,61
13982,1589,240,2024-12-01,1450.21,Delivered,60
13983,241,140,2024-06-02,1449.98,Delivered,32
13984,487,242,2024-01-17,250.25,Delivered,36
13985,1671,262,2024-12-28,1060.29,Delivered,27
13986,1913,188,2024-08-05,1275.71,Delivered,18
13987,1802,218,2024-11-20,385.04,Delivered,23
13988,1496,226,2024-02-12,873.82,Pending,
13989,841,238,2024-01-31,255.72,Cancelled,
13990,865,146,2024-11-09,1042.18,Delivered,60
13991,1866,223,2024-07-08,444.2,Delivered,63
13992,1323,203,2024-08-01,869.97,Delivered,66
13993,1896,277,2024-11-25,945.26,Pending,
13994,1683,298,2024-11-07,729.55,Delivered,50
13995,1099,273,2024-04-21,158.47,Delivered,36
13996,105,107,2024-08-15,637.89,Delivered,17
13997,369,233,2024-06-16,184.55,Pending,
13998,1787,172,2024-02-11,109.15,Delivered,48
13999,1332,259,2024-04-09,1188.49,Cancelled,
14000,508,211,2024-03-17,448.68,Delivered,18
14001,1905,273,2024-11-01,972.43,Delivered,68
14002,1927,248,2024-12-05,245.48,Delivered,21
14003,340,103,2024-04-24,131.53,Pending,
14004,160,197,2024-11-18,801.11,Delivered,16
14005,1563,187,2024-12-19,747.53,Delivered,67
14006,1644,185,2024-08-21,1449.7,Delivered,42
14007,171,255,2024-12-15,533.07,Delivered,39
14008,231,280,2024-12-01,366.19,Delivered,50
14009,734,240,2024-05-28,372.75,Pending,
14010,1783,140,2024-12-28,1253.5,Pending,
14011,680,215,2024-03-27,1026.35,Delivered,39
14012,350,161,2024-07-28,1102.42,Delivered,62
14013,695,101,2024-12-04,1307.04,Delivered,70
14014,1823,182,2024-03-31,571.29,Delivered,47
14015,1937,215,2024-11-17,172.23,Pending,
14016,83,201,2024-04-15,589.92,Cancelled,
14017,1607,137,2024-09-14,1249.98,Pending,
14018,302,112,2024-06-05,230.88,Cancelled,
14019,1908,289,2024-10-06,349.12,Delivered,26
14020,899,122,2024-05-25,424.7,Delivered,54
14021,685,265,2024-01-31,184.53,Delivered,48
14022,543,120,2024-02-09,1226.89,Delivered,17
14023,1788,143,2024-02-02,336.39,Delivered,63
14024,281,191,2024-06-06,1200.58,Cancelled,
14025,1572,140,2024-11-29,1236.99,Pending,
14026,1769,174,2024-12-21,1340.61,Delivered,51
14027,1888,230,2024-11-08,333.71,Delivered,51
14028,216,156,2024-08-27,1088.8,Pending,
14029,1597,124,2024-12-14,474.23,Delivered,34
14030,1613,121,2024-11-30,131.83,Delivered,23
14031,1767,132,2024-11-17,664.91,Delivered,36
14032,1273,238,2024-03-24,666.08,Delivered,16
14033,1379,177,2024-09-05,1141.56,Delivered,57
14034,1435,128,2024-05-26,901.2,Delivered,27
14035,605,104,2024-11-05,423.36,Delivered,47
14036,207,255,2024-12-13,1174.43,Delivered,44
14037,1647,181,2024-12-25,1073.69,Delivered,29
14038,648,195,2024-11-04,753.79,Delivered,38
14039,7,190,2024-03-16,492.47,Delivered,15
14040,1064,225,2024-02-14,554.15,Delivered,65
14041,1704,257,2024-03-29,964.46,Delivered,33
14042,839,203,2024-11-28,323.42,Delivered,50
14043,459,191,2024-11-23,1102.58,Delivered,44
14044,383,211,2024-12-03,1141.09,Delivered,57
14045,17,113,2024-12-13,1199.73,Cancelled,
14046,1929,141,2024-07-12,1057.75,Pending,
14047,1796,141,2024-07-12,211.05,Pending,
14048,281,232,2024-11-01,476.54,Delivered,23
14049,,246,2024-04-22,1217.61,Delivered,15
14050,1872,139,2024-01-09,248.29,Delivered,18
14051,1520,129,2024-05-05,294.17,Delivered,30
14052,1225,238,2024-09-20,517.93,Delivered,42
14053,854,236,2024-04-12,1453.0,Delivered,62
14054,1049,132,2024-12-16,435.61,Delivered,26
14055,345,121,2024-05-10,369.67,Delivered,17
14056,1866,182,2024-01-29,474.8,Delivered,41
14057,1616,280,2024-12-16,456.35,Delivered,63
14058,1263,167,2024-12-11,192.57,Delivered,15
14059,841,214,2024-12-09,991.86,Delivered,28
14060,1297,110,2024-11-26,1184.18,Delivered,70
14061,694,125,2024-10-11,745.53,Delivered,31
14062,41,274,2024-05-21,1401.83,Delivered,63
14063,1554,203,2024-12-06,883.1,Delivered,24
14064,1060,180,2024-11-04,1430.1,Delivered,62
14065,1290,258,2024-09-05,899.95,Delivered,55
14066,1012,265,2024-12-02,186.63,Delivered,22
14067,884,163,2024-12-08,1102.33,Cancelled,
14068,1893,192,2024-10-31,678.72,Delivered,21
14069,686,149,2024-01-13,1055.58,Delivered,35
14070,1883,107,2024-12-29,776.99,Delivered,64
14071,1032,261,2024-03-04,1184.23,Cancelled,
14072,1258,294,2024-10-17,177.03,Delivered,17
14073,1801,162,2024-04-30,775.67,Pending,
14074,216,299,2024-10-31,1066.3,Delivered,20
14075,941,106,2024-12-26,498.34,Delivered,44
14076,144,238,2024-11-16,259.69,Delivered,70
14077,1221,107,2024-07-17,894.2,Pending,
14078,1565,186,2024-11-04,179.89,Cancelled,
14079,58,220,2024-10-28,628.68,Delivered,26
14080,665,282,2024-03-03,1286.35,Cancelled,
14081,1651,127,2024-05-04,1434.95,Delivered,40
14082,1104,268,2024-12-30,1329.0,Cancelled,
14083,1095,296,2024-01-31,1200.17,Delivered,47
14084,1216,175,2024-12-22,1026.05,Pending,
14085,1643,209,2024-02-07,1497.99,Delivered,38
14086,260,270,2024-11-29,630.33,Cancelled,
14087,1106,213,2024-01-02,549.81,Delivered,22
14088,1865,121,2024-07-13,934.63,Delivered,20
14089,1867,192,2024-11-01,1448.5,Delivered,24
14090,1572,178,2024-12-31,1280.4,Delivered,57
14091,1934,250,2024-10-18,1424.19,Cancelled,
14092,843,233,2024-10-19,1242.14,Delivered,44
14093,1143,145,2024-03-01,660.37,Delivered,31
14094,235,296,2024-12-07,1311.62,Delivered,32
14095,1374,111,2024-12-06,1450.02,Cancelled,
14096,88,154,2024-06-05,232.93,Delivered,19
14097,1794,126,2024-11-22,778.58,Cancelled,
14098,112,118,2024-01-07,1403.31,Cancelled,
14099,1040,179,2024-01-11,805.59,Delivered,37
14100,773,104,2024-12-27,969.5,Delivered,24
14101,51,131,2024-01-23,311.47,Delivered,27
14102,1168,297,2024-11-28,586.51,Delivered,30
14103,766,216,2024-12-24,377.69,Pending,
14104,534,165,2024-11-16,753.62,Delivered,23
14105,1632,129,2024-11-28,1096.37,Delivered,55
14106,1703,280,2024-07-08,1379.8,Delivered,57
14107,1924,174,2024-07-13,167.36,Delivered,42
14108,127,215,2024-08-10,674.13,Cancelled,
14109,185,138,2024-11-18,1123.27,Delivered,56
14110,1678,244,2024-12-03,557.77,Cancelled,
14111,699,128,2024-09-07,934.55,Delivered,16
14112,643,231,2024-11-27,997.84,Cancelled,
14113,1303,161,2024-08-10,1438.25,Delivered,62
14114,1846,116,2024-12-23,1355.37,Pending,
14115,1294,140,2024-02-16,1148.81,Delivered,54
14116,364,228,2024-05-04,1342.12,Delivered,26
14117,1093,186,2024-12-24,625.48,Pending,
14118,471,168,2024-11-04,697.47,Delivered,59
14119,114,199,2024-11-20,1015.68,Delivered,47
14120,307,296,2024-11-26,315.1,Delivered,39
14121,1564,187,2024-04-27,1243.27,Delivered,69
14122,98,185,2024-11-02,1111.25,Delivered,49
14123,1116,137,2024-03-15,632.07,Cancelled,
14124,1396,254,2024-11-12,1222.78,Pending,
14125,767,124,2024-07-24,907.54,Delivered,54
14126,612,232,2024-08-26,1337.46,Pending,
14127,1088,136,2024-02-11,988.85,Pending,
14128,13,297,2024-07-19,687.07,Delivered,31
14129,733,281,2024-01-05,1479.21,Delivered,21
14130,1882,234,2024-01-14,1475.5,Delivered,41
14131,643,118,2024-10-31,188.78,Delivered,38
14132,913,201,2024-05-02,666.82,Cancelled,
14133,374,276,2024-10-30,866.94,Delivered,39
14134,1114,170,2024-11-06,1106.02,Delivered,47
14135,1845,255,2024-04-16,1172.45,Delivered,67
14136,210,167,2024-11-06,993.86,Delivered,26
14137,811,219,2024-07-23,369.93,Delivered,35
14138,1840,128,2024-02-16,161.4,Delivered,56
14139,459,106,2024-05-29,548.67,Delivered,17
14140,1582,110,2024-12-09,163.25,Cancelled,
14141,762,176,2024-09-03,710.72,Delivered,44
14142,224,157,2024-11-20,194.47,Pending,
14143,1987,172,2024-10-24,1072.26,Cancelled,
14144,308,231,2024-12-22,219.68,Cancelled,
14145,229,257,2024-03-18,784.79,Delivered,20
14146,1239,239,2024-10-02,1280.41,Delivered,29
14147,433,115,2024-06-25,1451.16,Cancelled,
14148,1580,202,2024-11-22,579.96,Delivered,15
14149,1430,140,2024-08-15,968.58,Delivered,57
14150,1004,217,2024-01-15,147.49,Delivered,49
14151,94,242,2024-12-16,1249.0,Delivered,59
14152,140,216,2024-12-07,479.2,Pending,
14153,1458,253,2024-04-23,1086.14,Delivered,20
14154,1154,231,2024-10-08,444.24,Delivered,17
14155,755,136,2024-11-24,655.25,Delivered,16
14156,1519,199,2024-11-21,654.91,Delivered,23
14157,1798,256,2024-12-02,869.32,Delivered,15
14158,1646,248,2024-12-01,1057.48,Cancelled,
14159,1913,184,2024-12-19,703.03,Delivered,57
14160,846,144,2024-12-04,1362.15,Delivered,36
14161,25,189,2024-11-25,547.74,Delivered,20
14162,265,151,2024-11-17,826.54,Delivered,24
14163,125,247,2024-12-03,481.61,Delivered,42
14164,1458,294,2024-12-19,161.88,Delivered,34
14165,691,288,2024-10-26,755.64,Cancelled,
14166,394,297,2024-11-15,1363.36,Delivered,67
14167,1456,123,2024-12-02,146.99,Delivered,57
14168,1211,157,2024-10-04,150.52,Delivered,28
14169,1083,188,2024-11-26,741.74,Delivered,53
14170,93,160,2024-02-13,1022.38,Delivered,22
14171,1940,182,2024-08-06,996.62,Cancelled,
14172,486,290,2024-11-24,202.14,Cancelled,
14173,283,213,2024-10-12,1324.23,Cancelled,
14174,1492,207,2024-11-24,1129.79,Cancelled,
14175,482,139,2024-11-01,615.16,Cancelled,
14176,1540,295,2024-11-01,1340.87,Delivered,21
14177,1226,136,2024-12-16,1190.09,Pending,
14178,1695,270,2024-04-21,654.92,Pending,
14179,1773,144,2024-11-04,741.96,Delivered,55
14180,304,172,2024-06-29,1018.27,Delivered,56
14181,1718,138,2024-08-20,1378.91,Delivered,51
14182,1393,161,2024-06-04,365.53,Delivered,25
14183,1129,150,2024-03-28,1259.2,Delivered,15
14184,380,273,2024-04-05,275.75,Delivered,34
14185,621,241,2024-12-11,134.76,Delivered,37
14186,444,177,2024-11-25,1238.78,Delivered,67
14187,347,228,2024-11-05,1280.94,Pending,
14188,147,227,2024-11-11,486.46,Delivered,27
14189,538,220,2024-12-15,129.54,Pending,
14190,1624,281,2024-11-15,1434.42,Cancelled,
14191,786,138,2024-03-18,571.07,Delivered,51
14192,1238,179,2024-05-27,882.43,Cancelled,
14193,716,248,2024-07-07,933.51,Cancelled,
14194,889,298,2024-11-19,1146.37,Delivered,21
14195,1977,161,2024-01-02,809.01,Cancelled,
14196,192,114,2024-04-22,570.09,Delivered,40
14197,1155,155,2024-09-15,357.37,Delivered,62
14198,1747,171,2024-07-16,1043.16,Delivered,69
14199,1764,203,2024-07-15,1040.12,Delivered,40
14200,1430,207,2024-12-12,139.3,Delivered,56
14201,290,172,2024-06-09,211.31,Delivered,61
14202,123,249,2024-03-13,744.48,Delivered,33
14203,1448,234,2024-09-03,1227.44,Delivered,54
14204,612,120,2024-05-27,1063.68,Delivered,42
14205,657,274,2024-12-10,547.55,Cancelled,
14206,1914,111,2024-06-28,480.42,Delivered,20
14207,677,232,2024-05-18,934.89,Delivered,57
14208,25,145,2024-12-16,934.91,Delivered,62
14209,1116,290,2024-10-14,936.65,Delivered,47
14210,175,120,2024-06-10,592.25,Pending,
14211,1245,129,2024-11-03,1284.11,Cancelled,
14212,865,255,2024-07-09,751.21,Pending,
14213,1547,108,2024-12-16,806.23,Delivered,64
14214,1975,248,2024-12-12,118.5,Delivered,39
14215,1678,228,2024-03-14,325.25,Delivered,61
14216,1630,255,2024-05-01,534.28,Cancelled,
14217,551,255,2024-09-15,513.89,Delivered,25
14218,337,230,2024-07-08,572.49,Delivered,40
14219,381,264,2024-12-09,427.72,Cancelled,
14220,287,252,2024-12-19,1276.55,Delivered,17
14221,559,153,2024-11-25,180.38,Delivered,68
14222,849,159,2024-09-10,618.28,Cancelled,
14223,1415,290,2024-12-06,1415.89,Delivered,39
14224,1286,233,2024-09-17,1230.87,Delivered,44
14225,842,108,2024-12-03,1448.37,Delivered,45
14226,745,253,2024-10-21,760.12,Delivered,62
14227,1270,142,2024-12-11,1480.35,Pending,
14228,1083,298,2024-11-29,1030.19,Delivered,17
14229,705,172,2024-05-08,679.1,Delivered,26
14230,1189,121,2024-09-30,919.34,Delivered,38
14231,1070,114,2024-04-11,170.64,Delivered,67
14232,1116,136,2024-01-01,1365.68,Delivered,70
14233,279,203,2024-12-18,489.9,Delivered,60
14234,248,124,2024-04-26,1150.84,Pending,
14235,577,258,2024-08-18,466.96,Delivered,50
14236,1936,285,2024-11-23,147.68,Delivered,19
14237,491,280,2024-12-21,344.45,Delivered,61
14238,650,291,2024-11-19,1486.72,Delivered,38
14239,1024,285,2024-01-27,1254.12,Delivered,23
14240,67,231,2024-01-17,313.86,Delivered,56
14241,211,114,2024-11-09,1437.37,Pending,
14242,1931,230,2024-12-18,161.63,Delivered,15
14243,280,265,2024-11-02,970.51,Delivered,22
14244,216,258,2024-06-15,570.44,Delivered,20
14245,1004,136,2024-12-21,290.28,Delivered,23
14246,1467,197,2024-03-07,623.22,Delivered,64
14247,902,249,2024-07-26,1400.77,Delivered,17
14248,374,216,2024-12-25,1067.92,Delivered,64
14249,29,130,2024-12-02,1037.03,Delivered,52
14250,1707,190,2024-12-28,465.27,Delivered,62
14251,1510,155,2024-02-27,1179.29,Pending,
14252,1044,265,2024-11-11,396.77,Delivered,46
14253,788,173,2024-08-14,807.91,Cancelled,
14254,1272,140,2024-12-07,1120.14,Delivered,20
14255,830,267,2024-02-10,674.77,Delivered,39
14256,783,201,2024-04-20,357.91,Delivered,29
14257,1366,281,2024-09-19,860.04,Cancelled,
14258,1032,265,2024-08-23,635.0,Delivered,33
14259,759,234,2024-09-16,1281.24,Delivered,40
14260,882,147,2024-08-06,412.1,Cancelled,
14261,1605,183,2024-12-02,1162.24,Delivered,26
14262,614,108,2024-05-16,1199.6,Delivered,49
14263,404,298,2024-12-26,471.36,Delivered,57
14264,1471,297,2024-11-11,1018.59,Pending,
14265,67,149,2024-11-03,1397.7,Delivered,34
14266,571,103,2024-12-30,514.14,Delivered,63
14267,355,165,2024-10-31,1441.64,Delivered,48
14268,1214,262,2024-12-16,1145.62,Delivered,56
14269,535,267,2024-12-29,1251.11,Delivered,21
14270,1390,290,2024-12-11,753.92,Delivered,34
14271,1281,234,2024-10-02,555.53,Delivered,53
14272,645,232,2024-12-14,1058.59,Delivered,16
14273,226,159,2024-03-27,1139.25,Delivered,47
14274,693,195,2024-07-26,551.11,Delivered,19
14275,1516,123,2024-09-07,1323.07,Pending,
14276,1718,105,2024-12-02,257.48,Delivered,35
14277,1994,245,2024-04-18,946.44,Delivered,18
14278,774,180,2024-03-03,627.2,Delivered,25
14279,1531,122,2024-11-11,1226.19,Delivered,65
14280,958,232,2024-05-21,101.49,Delivered,44
14281,941,272,2024-12-13,118.57,Delivered,66
14282,93,250,2024-06-22,917.31,Delivered,55
14283,881,277,2024-12-02,481.39,Pending,
14284,1301,138,2024-02-16,441.22,Delivered,65
14285,1211,300,2024-02-16,1058.05,Delivered,47
14286,1714,297,2024-08-27,480.22,Delivered,29
14287,1633,122,2024-08-09,1240.5,Delivered,42
14288,406,130,2024-12-07,1382.75,Delivered,55
14289,739,178,2024-12-15,205.57,Cancelled,
14290,1127,116,2024-10-10,579.37,Delivered,46
14291,805,161,2024-12-17,1088.9,Delivered,38
14292,457,129,2024-05-16,140.18,Delivered,59
14293,430,216,2024-11-13,1443.86,Delivered,61
14294,548,195,2024-12-20,747.52,Delivered,21
14295,1378,133,2024-10-11,699.97,Delivered,45
14296,984,245,2024-06-20,462.69,Delivered,65
14297,449,122,2024-01-13,1434.53,Cancelled,
14298,949,225,2024-02-20,1412.65,Cancelled,
14299,1366,232,2024-09-08,1116.68,Pending,
14300,1595,217,2024-03-20,1173.98,Delivered,15
14301,98,261,2024-12-17,339.57,Delivered,38
14302,1783,173,2024-04-28,708.87,Delivered,35
14303,466,259,2024-02-27,869.92,Delivered,24
14304,1595,156,2024-04-11,107.53,Delivered,36
14305,690,246,2024-11-09,398.7,Delivered,21
14306,694,253,2024-12-05,1060.2,Delivered,37
14307,1428,124,2024-06-20,158.81,Cancelled,
14308,1973,246,2024-03-05,329.51,Delivered,18
14309,1502,243,2024-10-12,1071.96,Cancelled,
14310,17,233,2024-06-19,168.0,Delivered,29
14311,1081,241,2024-11-09,240.37,Delivered,23
14312,1829,109,2024-11-01,887.76,Delivered,27
14313,465,227,2024-12-31,660.83,Delivered,25
14314,824,249,2024-08-18,285.23,Pending,
14315,124,221,2024-12-21,501.48,Delivered,65
14316,1669,210,2024-11-06,103.08,Delivered,18
14317,321,156,2024-12-18,437.69,Pending,
14318,1891,116,2024-12-24,664.64,Delivered,46
14319,1178,121,2024-05-09,920.79,Delivered,36
14320,1269,278,2024-03-22,184.15,Cancelled,
14321,1785,154,2024-01-28,1206.0,Cancelled,
14322,1085,109,2024-12-19,165.33,Delivered,32
14323,449,101,2024-12-27,193.85,Delivered,46
14324,57,189,2024-03-11,1060.39,Delivered,45
14325,643,163,2024-04-11,596.09,Delivered,58
14326,1805,143,2024-08-06,618.31,Delivered,64
14327,981,190,2024-05-15,950.03,Delivered,55
14328,1126,146,2024-06-07,356.94,Delivered,32
14329,1600,233,2024-12-09,658.07,Pending,
14330,1261,176,2024-06-14,1016.25,Pending,
14331,693,166,2024-04-24,1249.9,Pending,
14332,1920,246,2024-10-31,217.27,Delivered,22
14333,1989,146,2024-11-06,298.97,Delivered,39
14334,266,232,2024-02-03,1256.1,Delivered,43
14335,247,208,2024-03-05,1443.46,Delivered,64
14336,1558,131,2024-02-27,218.17,Delivered,44
14337,649,154,2024-02-16,1424.58,Cancelled,
14338,117,185,2024-01-19,1280.32,Delivered,30
14339,1687,269,2024-03-15,1172.85,Delivered,43
14340,1340,259,2024-10-19,274.98,Pending,
14341,261,171,2024-05-20,111.23,Delivered,61
14342,1091,158,2024-11-10,1480.75,Delivered,53
14343,678,169,2024-12-29,811.21,Delivered,23
14344,1607,254,2024-12-19,668.85,Delivered,33
14345,286,206,2024-11-14,1096.0,Delivered,27
14346,324,192,2024-04-02,218.99,Delivered,55
14347,954,171,2024-12-26,1117.03,Delivered,15
14348,1454,186,2024-08-10,1388.96,Delivered,62
14349,1240,220,2024-03-18,958.02,Delivered,22
14350,1379,296,2024-08-03,923.71,Delivered,51
14351,1697,207,2024-12-26,532.05,Delivered,50
14352,925,261,2024-09-14,361.24,Cancelled,
14353,1730,269,2024-06-18,1118.82,Delivered,18
14354,1022,187,2024-05-16,1198.97,Delivered,32
14355,1091,274,2024-12-26,1377.7,Cancelled,
14356,165,182,2024-11-03,369.72,Delivered,27
14357,1392,129,2024-05-22,1232.39,Delivered,60
14358,1970,205,2024-04-25,244.67,Delivered,22
14359,1508,239,2024-11-09,588.92,Delivered,44
14360,457,176,2024-06-11,1315.33,Delivered,45
14361,1635,244,2024-12-14,1285.02,Delivered,56
14362,513,219,2024-06-22,1132.44,Delivered,68
14363,1973,256,2024-06-18,755.57,Delivered,32
14364,215,196,2024-08-07,268.09,Delivered,63
14365,311,244,2024-04-28,484.98,Pending,
14366,347,116,2024-09-26,803.87,Delivered,24
14367,510,273,2024-11-14,1297.35,Delivered,24
14368,245,158,2024-03-20,1095.31,Delivered,49
14369,1011,278,2024-09-11,405.93,Delivered,51
14370,1884,244,2024-07-17,172.38,Delivered,70
14371,1591,254,2024-11-22,865.5,Pending,
14372,1972,256,2024-11-16,434.18,Pending,
14373,90,297,2024-02-20,934.18,Delivered,54
14374,579,194,2024-11-29,928.61,Delivered,46
14375,153,189,2024-09-14,919.31,Delivered,18
14376,764,164,2024-07-16,276.75,Delivered,42
14377,1374,104,2024-08-01,877.83,Delivered,29
14378,912,173,2024-01-10,634.44,Delivered,51
14379,895,165,2024-03-11,1237.01,Delivered,36
14380,1774,224,2024-05-27,852.89,Delivered,39
14381,1470,201,2024-11-17,691.06,Delivered,53
14382,1859,231,2024-10-16,919.41,Delivered,15
14383,1506,213,2024-01-01,493.69,Delivered,41
14384,122,285,2024-12-21,606.44,Delivered,23
14385,1434,206,2024-03-10,1232.6,Cancelled,
14386,229,151,2024-01-12,562.54,Delivered,40
14387,549,282,2024-12-16,1470.36,Delivered,54
14388,1325,121,2024-08-18,1133.97,Delivered,40
14389,886,245,2024-11-18,1494.46,Delivered,60
14390,1342,106,2024-12-30,222.21,Delivered,31
14391,1501,108,2024-02-14,540.0,Pending,
14392,212,203,2024-04-09,832.27,Delivered,53
14393,1411,250,2024-01-01,1274.93,Delivered,54
14394,1684,233,2024-11-26,1290.71,Delivered,26
14395,974,221,2024-11-25,197.6,Delivered,24
14396,1033,230,2024-11-25,1121.46,Delivered,23
14397,650,220,2024-10-05,1241.63,Delivered,57
14398,371,204,2024-11-28,1395.29,Cancelled,
14399,1887,282,2024-10-30,788.38,Delivered,23
14400,689,178,2024-12-30,744.56,Delivered,41
14401,1077,169,2024-12-23,566.09,Pending,
14402,1889,144,2024-07-12,405.02,Delivered,59
14403,1198,176,2024-06-09,1242.33,Delivered,35
14404,1427,155,2024-07-05,1199.41,Delivered,51
14405,1246,115,2024-12-10,570.97,Delivered,63
14406,136,282,2024-12-27,114.48,Delivered,50
14407,1261,288,2024-08-25,1239.96,Delivered,39
14408,1170,275,2024-12-27,964.45,Delivered,43
14409,199,152,2024-10-30,277.43,Delivered,67
14410,1418,198,2024-10-28,623.56,Pending,
14411,146,267,2024-08-29,1104.1,Delivered,52
14412,549,227,2024-12-27,252.32,Delivered,63
14413,1617,261,2024-11-17,971.11,Cancelled,
14414,94,227,2024-05-30,891.5,Cancelled,
14415,859,227,2024-11-03,1427.8,Pending,
14416,831,225,2024-11-06,681.29,Delivered,44
14417,490,295,2024-12-29,1319.12,Delivered,17
14418,1711,170,2024-08-31,844.25,Delivered,69
14419,694,193,2024-08-03,246.76,Pending,
14420,1288,143,2024-06-01,168.83,Pending,
14421,305,243,2024-08-19,1124.68,Delivered,43
14422,1308,295,2024-12-31,152.92,Delivered,46
14423,1660,112,2024-08-16,147.15,Delivered,51
14424,168,266,2024-01-12,774.83,Delivered,16
14425,1660,139,2024-07-04,998.9,Cancelled,
14426,1203,166,2024-03-14,1138.84,Delivered,17
14427,63,110,2024-10-31,1207.79,Delivered,57
14428,446,200,2024-11-27,1141.99,Cancelled,
14429,691,172,2024-06-25,469.05,Delivered,26
14430,434,155,2024-01-05,683.21,Delivered,27
14431,1591,177,2024-10-26,1047.06,Delivered,25
14432,1905,127,2024-03-07,903.71,Delivered,51
14433,1781,202,2024-12-21,732.21,Delivered,47
14434,1073,192,2024-10-05,1129.62,Delivered,50
14435,1047,136,2025-06-15,1219.78,Delivered,58
14436,1208,165,2024-11-11,619.47,Delivered,45
14437,285,177,2024-04-19,146.93,Delivered,34
14438,696,238,2024-05-26,1264.45,Delivered,27
14439,86,230,2024-05-31,445.64,Delivered,70
14440,842,208,2024-09-09,1305.11,Delivered,36
14441,635,276,2024-10-23,899.51,Delivered,29
14442,1537,277,2024-12-10,1276.3,Delivered,42
14443,1222,193,2024-01-27,759.84,Delivered,16
14444,1528,229,2024-11-09,1022.54,Pending,
14445,981,236,2024-12-01,1071.56,Delivered,34
14446,1963,108,2024-10-15,572.56,Delivered,60
14447,151,228,2024-11-07,1312.59,Pending,
14448,1044,133,2024-12-29,447.0,Delivered,43
14449,298,160,2024-02-05,385.87,Pending,
14450,1705,110,2024-12-18,246.84,Delivered,53
14451,1801,177,2024-09-24,993.76,Cancelled,
14452,518,259,2024-04-21,384.83,Delivered,43
14453,60,195,2024-08-17,382.14,Delivered,22
14454,1978,173,2024-11-11,356.5,Delivered,42
14455,1651,145,2024-11-15,480.31,Pending,
14456,1713,173,2024-07-19,211.96,Pending,
14457,115,139,2024-03-17,1218.85,Pending,
14458,1105,296,2024-11-30,757.19,Delivered,21
14459,151,231,2024-12-28,1003.73,Pending,
14460,1991,278,2024-11-05,1084.13,Delivered,56
14461,494,109,2024-11-14,999.06,Delivered,58
14462,37,167,2024-07-26,1204.63,Pending,
14463,201,241,2024-12-19,493.61,Delivered,23
14464,1983,296,2024-03-12,562.33,Delivered,69
14465,1824,251,2024-05-01,348.84,Delivered,59
14466,1321,279,2024-12-12,980.0,Pending,
14467,1313,296,2024-04-20,215.48,Delivered,50
14468,1744,225,2024-01-04,486.41,Delivered,66
14469,200,194,2024-12-15,686.43,Delivered,35
14470,408,257,2024-11-05,849.42,Delivered,58
14471,277,174,2024-05-08,1019.79,Pending,
14472,97,216,2024-10-02,939.48,Delivered,46
14473,110,219,2024-01-12,908.85,Delivered,54
14474,341,146,2024-11-09,269.2,Delivered,23
14475,241,190,2024-04-10,476.89,Pending,
14476,625,132,2024-12-26,1460.61,Delivered,23
14477,1805,142,2024-11-05,714.82,Delivered,47
14478,727,111,2024-02-25,931.79,Cancelled,
14479,1426,228,2024-11-01,403.84,Delivered,45
14480,1848,130,2024-10-23,1091.57,Pending,
14481,930,110,2024-08-19,1487.8,Pending,
14482,1472,168,2024-07-10,763.45,Delivered,57
14483,955,212,2024-03-01,1147.77,Delivered,59
14484,428,273,2024-12-09,1419.57,Delivered,26
14485,364,288,2024-11-19,1148.34,Pending,
14486,74,111,2024-11-01,1381.48,Delivered,43
14487,236,193,2024-12-03,666.27,Delivered,49
14488,1428,184,2024-09-26,1030.09,Delivered,17
14489,1186,262,2024-11-06,1287.08,Cancelled,
14490,1589,153,2024-12-13,359.79,Delivered,32
14491,739,103,2024-09-09,395.43,Delivered,55
14492,812,151,2024-11-26,312.84,Delivered,62
14493,1216,214,2024-12-24,1405.66,Cancelled,
14494,50,249,2024-05-17,535.15,Pending,
14495,1057,165,2024-10-04,1353.0,Delivered,58
14496,1563,210,2024-12-08,643.03,Delivered,54
14497,223,149,2024-12-26,1340.01,Cancelled,
14498,351,201,2024-10-31,305.64,Cancelled,
14499,714,114,2024-07-02,425.72,Delivered,59
14500,1085,136,2024-06-03,1363.46,Delivered,66
14501,1385,284,2024-02-01,295.36,Delivered,44
14502,829,260,2024-10-10,624.6,Delivered,53
14503,1980,223,2024-11-06,1161.93,Pending,
14504,1225,208,2024-02-14,749.95,Pending,
14505,1428,241,2024-11-23,1366.4,Pending,
14506,1947,245,2024-06-16,422.48,Delivered,37
14507,416,171,2025-06-15,1256.66,Pending,
14508,1517,194,2024-11-18,674.96,Delivered,19
14509,1880,283,2024-12-16,615.94,Cancelled,
14510,1508,246,2024-05-23,358.65,Delivered,65
14511,566,127,2024-11-19,326.03,Delivered,47
14512,1259,288,2024-04-18,626.21,Delivered,54
14513,716,206,2024-11-17,600.24,Delivered,0
14514,463,190,2024-03-03,969.83,Delivered,51
14515,1494,260,2024-05-13,190.06,Delivered,57
14516,1283,288,2024-08-27,1456.88,Cancelled,
14517,920,253,2024-11-06,340.81,Delivered,27
14518,267,195,2024-11-30,632.7,Delivered,45
14519,64,146,2024-12-19,891.51,Pending,
14520,976,108,2024-03-18,1484.12,Delivered,41
14521,1434,219,2024-12-30,763.58,Pending,
14522,279,156,2024-12-08,787.06,Delivered,70
14523,1991,107,2024-03-22,986.18,Cancelled,
14524,146,271,2024-04-20,1324.32,Delivered,24
14525,885,250,2024-12-04,784.63,Delivered,65
14526,861,163,2024-04-01,774.48,Delivered,25
14527,98,239,2024-01-25,152.57,Delivered,54
14528,227,139,2024-02-09,665.87,Delivered,32
14529,1324,217,2024-07-28,1311.43,Pending,
14530,322,166,2024-05-03,285.62,Delivered,43
14531,2000,261,2024-12-04,1088.79,Pending,
14532,964,285,2024-11-23,300.48,Delivered,64
14533,428,125,2024-08-25,623.63,Delivered,58
14534,1060,291,2024-07-13,219.35,Cancelled,
14535,624,226,2024-11-15,1131.45,Delivered,54
14536,583,225,2024-12-21,392.96,Delivered,32
14537,1262,257,2024-07-14,1327.44,Cancelled,
14538,317,191,2024-08-05,542.35,Delivered,35
14539,801,102,2024-10-27,1155.75,Delivered,27
14540,1061,249,2024-06-12,250.44,Delivered,70
14541,467,281,2024-01-13,682.71,Delivered,21
14542,1471,262,2024-11-08,1374.59,Delivered,17
14543,489,166,2024-04-08,1352.92,Delivered,46
14544,1528,112,2024-08-26,221.21,Delivered,35
14545,324,194,2024-12-26,1094.53,Pending,
14546,1501,199,2024-12-25,784.73,Delivered,15
14547,1036,221,2024-09-16,194.7,Delivered,54
14548,1200,121,2024-11-07,1265.33,Pending,
14549,1806,278,2024-12-11,1207.41,Pending,
14550,1469,178,2024-12-11,1445.54,Delivered,46
14551,480,172,2024-11-04,954.08,Pending,
14552,788,191,2024-10-07,917.43,Pending,
14553,1530,288,2024-10-25,1395.23,Delivered,58
14554,119,241,2024-04-02,475.42,Delivered,66
14555,681,104,2024-11-16,232.26,Delivered,67
14556,91,224,2024-05-01,390.53,Pending,
14557,663,217,2024-06-26,201.23,Delivered,61
14558,1991,190,2024-09-10,686.64,Pending,
14559,635,234,2024-12-15,869.84,Delivered,69
14560,186,116,2024-03-08,123.04,Cancelled,
14561,189,266,2024-12-17,977.02,Delivered,29
14562,455,249,2024-12-17,157.72,Cancelled,
14563,713,280,2024-07-14,1001.11,Delivered,54
14564,419,270,2024-12-24,907.21,Delivered,27
14565,68,271,2024-06-07,327.44,Delivered,24
14566,1126,255,2024-12-19,1076.65,Delivered,51
14567,1564,244,2024-08-02,890.26,Delivered,17
14568,835,152,2024-03-11,208.34,Delivered,42
14569,882,296,2024-12-30,264.56,Delivered,53
14570,356,289,2024-04-02,479.54,Delivered,30
14571,1069,142,2024-07-12,939.86,Delivered,41
14572,1231,256,2024-12-26,545.33,Delivered,67
14573,184,163,2024-12-02,251.49,Delivered,19
14574,1329,159,2024-11-05,156.33,Delivered,50
14575,1289,251,2024-02-27,250.73,Delivered,66
14576,524,157,2024-12-20,996.48,Delivered,31
14577,1179,270,2024-12-30,572.2,Delivered,22
14578,396,193,2024-07-15,627.51,Delivered,43
14579,400,231,2024-08-10,539.06,Delivered,22
14580,1708,245,2024-11-05,1193.92,Delivered,56
14581,1293,283,2024-05-31,1147.71,Delivered,24
14582,981,136,2024-06-05,1059.59,Cancelled,
14583,724,108,2024-12-05,1339.87,Cancelled,
14584,406,163,2024-08-15,466.73,Delivered,54
14585,1099,280,2024-04-02,1436.81,Delivered,43
14586,972,216,2024-10-10,1163.81,Delivered,25
14587,148,264,2024-09-26,1141.58,Cancelled,
14588,1819,153,2024-11-28,307.74,Delivered,42
14589,1401,235,2024-11-10,1308.52,Delivered,33
14590,645,117,2024-07-08,599.1,Delivered,35
14591,142,221,2024-10-04,1169.2,Delivered,43
14592,475,157,2024-06-22,174.72,Delivered,34
14593,336,126,2024-02-14,963.28,Pending,
14594,1866,254,2024-03-07,407.69,Cancelled,
14595,281,139,2024-12-02,298.95,Delivered,31
14596,1513,137,2024-01-30,1369.9,Delivered,26
14597,298,287,2024-11-10,1192.65,Delivered,57
14598,25,101,2024-08-28,1464.89,Delivered,66
14599,302,173,2024-11-23,1491.21,Delivered,31
14600,570,116,2024-02-21,376.99,Cancelled,
14601,1783,173,2024-10-02,727.2,Delivered,36
14602,523,236,2024-11-22,755.51,Delivered,70
14603,674,296,2024-12-06,1008.44,Delivered,34
14604,1262,159,2024-12-06,1082.87,Pending,
14605,1440,142,2024-04-10,1270.09,Delivered,20
14606,716,153,2024-03-26,825.19,Delivered,0
14607,1605,156,2024-12-20,168.2,Pending,
14608,851,283,2024-12-30,1155.62,Delivered,25
14609,811,264,2024-11-24,176.02,Pending,
14610,88,218,2024-03-05,1011.67,Delivered,29
14611,1344,299,2024-06-03,780.79,Delivered,34
14612,112,147,2024-03-26,783.32,Delivered,15
14613,1401,114,2024-12-18,420.68,Delivered,65
14614,1759,258,2024-07-07,1337.85,Delivered,39
14615,1333,158,2024-12-30,1113.33,Cancelled,
14616,1315,161,2024-01-23,1428.23,Pending,
14617,1463,238,2024-11-28,279.87,Delivered,15
14618,1576,153,2024-12-22,627.35,Delivered,42
14619,398,189,2024-11-17,929.78,Delivered,65
14620,785,213,2024-01-08,291.27,Delivered,44
14621,1574,185,2024-12-03,238.57,Delivered,30
14622,677,135,2024-08-10,1490.57,Delivered,23
14623,1945,248,2024-03-08,1490.52,Delivered,65
14624,225,247,2024-08-02,537.4,Delivered,45
14625,172,150,2024-05-22,218.75,Delivered,25
14626,1229,126,2024-12-26,626.51,Pending,
14627,1965,203,2024-07-12,353.36,Delivered,41
14628,1632,287,2024-11-13,1028.61,Delivered,68
14629,1063,170,2024-09-26,1218.3,Delivered,46
14630,1719,221,2024-02-08,142.3,Delivered,58
14631,1200,163,2024-11-30,1146.82,Delivered,15
14632,1939,216,2024-04-02,609.85,Cancelled,
14633,437,123,2024-07-08,701.82,Delivered,50
14634,659,245,2024-02-12,1362.34,Delivered,37
14635,1114,268,2024-11-01,968.63,Delivered,15
14636,483,210,2024-06-16,1428.9,Delivered,55
14637,1111,147,2024-04-27,407.69,Cancelled,
14638,1220,257,2024-08-18,1189.68,Delivered,19
14639,1441,189,2024-11-11,1109.25,Delivered,35
14640,968,173,2024-06-21,817.77,Pending,
14641,696,239,2024-12-24,419.37,Delivered,38
14642,976,176,2024-04-27,411.43,Cancelled,
14643,1429,140,2024-04-07,452.63,Delivered,63
14644,519,138,2024-10-22,959.18,Delivered,20
14645,1173,283,2024-09-13,1454.79,Delivered,26
14646,1798,129,2024-12-27,433.49,Delivered,53
14647,878,173,2024-08-19,1148.42,Delivered,39
14648,1017,256,2024-12-03,334.79,Pending,
14649,577,140,2024-02-11,818.82,Delivered,58
14650,1208,266,2024-05-27,913.31,Delivered,18
14651,153,290,2024-12-26,415.49,Pending,
14652,1844,104,2024-11-06,1441.32,Delivered,31
14653,1295,175,2024-04-16,378.91,Delivered,51
14654,914,159,2024-10-24,577.19,Delivered,65
14655,1004,292,2024-12-28,381.44,Delivered,64
14656,149,160,2024-11-13,1270.12,Delivered,41
14657,1431,291,2024-09-29,465.78,Delivered,18
14658,1537,182,2024-11-24,386.62,Delivered,38
14659,255,161,2024-04-29,951.72,Delivered,67
14660,1167,136,2024-12-24,1475.26,Delivered,70
14661,1576,149,2024-04-14,1214.34,Delivered,24
14662,348,239,2024-06-20,1081.88,Delivered,50
14663,1356,292,2024-11-18,414.44,Delivered,70
14664,1976,199,2024-12-15,904.19,Pending,
14665,603,205,2024-05-30,1211.84,Delivered,38
14666,863,252,2024-01-04,399.69,Delivered,40
14667,1744,190,2024-11-15,274.37,Delivered,45
14668,629,163,2024-12-07,771.66,Delivered,33
14669,1303,163,2024-11-13,376.12,Delivered,18
14670,569,162,2024-12-11,693.02,Delivered,24
14671,247,217,2024-05-18,1167.02,Cancelled,
14672,1176,208,2024-01-14,1424.84,Pending,
14673,578,152,2024-11-29,1411.0,Delivered,21
14674,1331,216,2024-11-02,958.84,Cancelled,
14675,1127,142,2024-11-07,861.55,Cancelled,
14676,1408,129,2024-05-27,303.04,Cancelled,
14677,518,158,2024-06-10,1054.33,Cancelled,
14678,1654,222,2024-06-05,1427.6,Delivered,38
14679,241,112,2024-02-15,705.86,Pending,
14680,1120,224,2024-02-09,194.08,Delivered,67
14681,977,167,2024-08-20,577.44,Delivered,20
14682,785,138,2024-08-27,958.7,Delivered,42
14683,1526,198,2024-11-11,934.26,Delivered,37
14684,173,187,2024-01-31,446.46,Delivered,50
14685,1270,139,2024-03-17,507.63,Delivered,30
14686,1624,205,2024-07-26,884.4,Delivered,25
14687,1141,260,2024-11-06,1070.29,Delivered,35
14688,559,196,2024-02-27,1230.55,Cancelled,
14689,1573,188,2024-12-07,615.13,Delivered,51
14690,1364,236,2024-11-22,716.33,Delivered,55
14691,863,179,2024-03-11,1087.49,Delivered,40
14692,900,148,2024-10-31,809.31,Delivered,32
14693,1324,176,2024-11-26,1183.2,Delivered,32
14694,1195,158,2024-09-04,909.99,Pending,
14695,1035,222,2024-12-30,701.54,Pending,
14696,1599,153,2024-12-09,1417.92,Delivered,68
14697,1192,126,2024-09-05,269.06,Delivered,43
14698,1439,202,2024-03-14,1348.58,Delivered,50
14699,61,202,2024-04-20,571.21,Delivered,66
14700,1876,299,2024-03-13,1100.09,Delivered,44
14701,1650,226,2024-10-08,174.45,Delivered,60
14702,1704,212,2024-07-14,685.12,Cancelled,
14703,936,145,2024-12-10,133.17,Delivered,59
14704,1754,129,2024-11-05,163.38,Delivered,16
14705,1949,124,2024-05-22,542.83,Delivered,67
14706,1557,211,2024-12-28,515.96,Delivered,15
14707,1635,107,2024-04-26,755.03,Delivered,34
14708,939,142,2024-12-22,524.88,Delivered,37
14709,820,251,2024-12-17,1021.62,Delivered,35
14710,1323,238,2024-11-09,1233.9,Delivered,16
14711,817,220,2024-03-29,1054.36,Delivered,40
14712,411,249,2024-06-21,578.13,Delivered,67
14713,353,138,2024-12-08,845.35,Cancelled,
14714,1656,195,2024-08-24,1083.91,Delivered,67
14715,1346,124,2024-01-03,807.45,Delivered,44
14716,1229,288,2024-10-24,1173.59,Delivered,37
14717,179,196,2024-09-21,1369.92,Pending,
14718,267,196,2024-12-25,196.45,Delivered,64
14719,1529,115,2024-12-03,1016.11,Cancelled,
14720,336,184,2024-09-16,1367.79,Delivered,32
14721,218,211,2024-06-23,152.01,Delivered,37
14722,1834,214,2024-02-25,421.4,Pending,
14723,696,123,2024-11-08,889.96,Delivered,55
14724,270,234,2024-08-31,755.44,Delivered,26
14725,398,149,2024-12-27,630.25,Delivered,50
14726,1601,280,2024-02-01,866.06,Cancelled,
14727,52,228,2024-06-07,787.85,Delivered,36
14728,1849,135,2024-09-10,749.19,Delivered,49
14729,791,159,2024-03-14,796.38,Delivered,52
14730,1621,264,2024-04-06,273.74,Delivered,33
14731,1296,112,2024-10-04,1491.24,Delivered,66
14732,1694,272,2024-11-16,443.73,Delivered,48
14733,1223,245,2024-11-01,497.64,Delivered,48
14734,754,159,2024-11-16,275.89,Delivered,68
14735,807,166,2024-12-19,271.13,Delivered,30
14736,1576,179,2024-02-10,1159.31,Pending,
14737,1715,215,2024-12-06,829.52,Delivered,43
14738,1100,207,2024-10-04,1228.05,Delivered,33
14739,73,183,2024-12-10,1389.41,Delivered,70
14740,790,242,2024-12-28,1157.6,Delivered,47
14741,486,221,2024-02-14,656.78,Delivered,60
14742,135,265,2024-01-24,1317.87,Delivered,70
14743,1918,184,2024-12-13,590.74,Delivered,17
14744,2,259,2024-07-29,1206.31,Delivered,23
14745,571,234,2024-12-04,368.92,Delivered,20
14746,1818,180,2024-07-24,533.62,Delivered,28
14747,614,281,2024-10-31,1107.42,Delivered,41
14748,1205,139,2024-01-07,243.94,Pending,
14749,1970,277,2024-12-23,1405.05,Delivered,70
14750,1637,168,2024-05-26,829.27,Delivered,59
14751,1040,289,2024-12-06,291.88,Delivered,49
14752,1889,143,2024-11-30,510.21,Delivered,24
14753,459,206,2024-11-29,973.35,Delivered,35
14754,1221,260,2024-11-21,217.62,Delivered,60
14755,1830,109,2024-05-19,1153.04,Delivered,15
14756,1557,274,2024-11-30,936.42,Cancelled,
14757,1429,125,2024-02-06,1433.72,Delivered,17
14758,1693,270,2024-02-04,1156.27,Delivered,58
14759,1858,291,2024-09-24,361.66,Delivered,62
14760,714,196,2024-05-23,262.25,Delivered,56
14761,1439,289,2024-12-11,1237.61,Cancelled,
14762,20,290,2024-11-10,769.94,Delivered,34
14763,1253,137,2024-10-31,1294.03,Delivered,41
14764,137,269,2024-12-08,1039.21,Cancelled,
14765,1422,190,2024-07-04,1314.64,Cancelled,
14766,1376,116,2024-10-03,395.09,Delivered,32
14767,931,133,2024-02-20,1377.71,Delivered,69
14768,272,106,2024-07-27,978.74,Delivered,59
14769,1799,183,2024-12-06,119.22,Delivered,21
14770,1263,178,2024-11-23,979.74,Pending,
14771,621,214,2024-11-13,1339.24,Delivered,22
14772,653,128,2024-07-17,1220.32,Delivered,61
14773,630,109,2024-12-29,1447.05,Delivered,26
14774,963,266,2024-04-02,741.35,Delivered,46
14775,873,112,2024-12-29,1057.52,Delivered,15
14776,269,277,2024-12-20,552.48,Delivered,50
14777,1114,218,2024-07-10,577.34,Delivered,17
14778,117,203,2024-12-08,1497.76,Delivered,53
14779,1812,211,2024-01-22,844.35,Delivered,29
14780,1112,218,2024-03-08,1279.65,Delivered,50
14781,396,274,2024-12-19,1218.39,Delivered,69
14782,961,112,2024-11-25,501.73,Delivered,30
14783,1763,267,2024-07-11,168.01,Delivered,27
14784,290,205,2024-11-11,454.91,Delivered,29
14785,1935,216,2024-10-18,1407.36,Delivered,41
14786,1037,232,2024-08-09,1409.06,Delivered,45
14787,1765,158,2024-05-10,775.72,Cancelled,
14788,286,173,2024-06-18,970.87,Cancelled,
14789,1198,233,2024-09-26,1202.08,Delivered,69
14790,122,187,2024-06-20,143.71,Cancelled,
14791,287,231,2024-11-24,111.08,Delivered,36
14792,1958,144,2024-11-13,930.7,Pending,
14793,1799,208,2024-12-11,1056.71,Cancelled,
14794,1449,223,2024-01-16,293.03,Cancelled,
14795,522,241,2024-10-26,1169.83,Delivered,49
14796,1451,148,2024-11-06,1204.74,Delivered,58
14797,1643,250,2024-10-17,955.56,Delivered,23
14798,493,116,2024-06-28,1101.52,Delivered,27
14799,723,127,2024-06-02,917.05,Delivered,68
14800,798,239,2024-11-27,787.56,Delivered,44
14801,1807,127,2024-11-14,1022.78,Delivered,20
14802,1351,207,2024-12-29,785.35,Delivered,64
14803,10,181,2024-11-16,740.05,Delivered,55
14804,397,117,2024-12-30,1100.82,Delivered,39
14805,203,173,2024-05-28,999.77,Delivered,34
14806,1091,289,2024-09-10,207.22,Delivered,36
14807,385,252,2024-09-02,1439.36,Delivered,28
14808,428,166,2024-02-03,633.13,Delivered,69
14809,1580,199,2024-11-03,982.81,Delivered,53
14810,699,110,2024-11-17,295.25,Delivered,38
14811,1315,287,2024-07-26,428.16,Delivered,18
14812,1592,186,2024-01-15,214.88,Delivered,41
14813,509,144,2024-11-03,416.99,Pending,
14814,1287,269,2024-12-25,1430.74,Delivered,44
14815,178,196,2024-07-29,1065.49,Delivered,68
14816,598,251,2024-06-23,180.55,Delivered,20
14817,821,128,2024-04-20,355.96,Delivered,32
14818,1629,226,2024-12-04,547.87,Delivered,61
14819,31,208,2024-01-26,670.88,Delivered,56
14820,173,150,2024-11-07,1225.11,Pending,
14821,1622,233,2024-05-10,685.12,Delivered,69
14822,1062,161,2024-12-17,631.7,Delivered,61
14823,1545,149,2024-12-27,698.15,Delivered,19
14824,1178,135,2024-04-15,931.58,Delivered,17
14825,1191,110,2024-11-30,586.33,Pending,
14826,1325,137,2024-11-14,1301.8,Delivered,15
14827,1181,169,2024-06-03,1377.46,Delivered,50
14828,854,250,2024-10-24,1008.28,Delivered,70
14829,179,212,2024-10-09,1059.11,Delivered,32
14830,1493,296,2024-12-20,868.77,Delivered,19
14831,351,107,2024-12-10,117.56,Delivered,58
14832,942,156,2024-08-07,1243.93,Delivered,56
14833,782,187,2024-11-21,623.57,Delivered,37
14834,1581,166,2024-12-07,1403.28,Delivered,50
14835,1698,140,2024-12-11,1343.26,Delivered,56
14836,621,174,2024-06-13,1214.3,Delivered,43
14837,69,129,2024-03-14,1038.78,Pending,
14838,1031,282,2024-07-01,1345.12,Delivered,54
14839,1958,271,2024-12-20,600.63,Delivered,52
14840,129,172,2024-11-24,836.93,Delivered,16
14841,710,147,2024-08-13,408.39,Delivered,53
14842,1158,289,2024-06-22,116.55,Delivered,48
14843,424,230,2024-05-13,477.14,Delivered,15
14844,1227,117,2024-05-11,318.76,Delivered,50
14845,1648,178,2024-12-23,1394.4,Delivered,58
14846,1922,102,2024-09-13,748.39,Delivered,27
14847,547,270,2024-01-04,272.52,Cancelled,
14848,1330,175,2024-01-25,305.87,Delivered,46
14849,390,279,2024-10-24,740.39,Delivered,49
14850,1658,116,2024-11-25,672.91,Delivered,41
14851,1677,176,2024-05-07,288.12,Delivered,39
14852,637,252,2024-09-18,776.56,Delivered,46
14853,1329,108,2024-12-24,817.15,Cancelled,
14854,1515,141,2024-11-06,1239.98,Pending,
14855,1890,276,2024-11-29,888.1,Pending,
14856,101,203,2024-07-01,547.0,Delivered,48
14857,1152,193,2024-01-17,444.53,Delivered,50
14858,1747,210,2024-08-18,389.29,Delivered,68
14859,1822,114,2024-01-04,172.77,Delivered,28
14860,769,190,2024-08-11,757.98,Cancelled,
14861,384,255,2024-07-30,806.3,Cancelled,
14862,789,119,2024-03-11,1176.08,Pending,
14863,552,170,2024-11-08,615.04,Delivered,41
14864,38,144,2024-08-09,943.42,Pending,
14865,1048,228,2024-09-10,844.19,Cancelled,
14866,408,196,2024-05-18,1197.87,Delivered,41
14867,1666,162,2024-03-30,802.08,Delivered,29
14868,719,221,2024-12-19,696.24,Delivered,42
14869,1830,205,2024-12-01,417.13,Delivered,35
14870,730,140,2024-09-17,164.78,Delivered,20
14871,1828,228,2024-10-24,1224.16,Delivered,40
14872,1763,210,2024-12-29,1300.71,Delivered,41
14873,1376,262,2024-11-01,987.36,Cancelled,
14874,1822,290,2024-03-11,578.17,Cancelled,
14875,1890,260,2024-11-27,1386.75,Delivered,69
14876,1149,113,2024-01-10,338.22,Delivered,64
14877,1537,125,2024-11-08,1171.35,Delivered,19
14878,276,183,2024-11-21,756.94,Delivered,38
14879,1874,134,2024-12-30,980.82,Delivered,67
14880,1414,122,2024-12-09,1399.76,Delivered,40
14881,587,154,2024-08-06,974.6,Cancelled,
14882,938,290,2024-05-11,1279.8,Cancelled,
14883,588,253,2024-12-20,1394.61,Delivered,70
14884,716,110,2024-12-05,1162.73,Cancelled,
14885,1775,161,2024-12-04,1036.22,Delivered,21
14886,1245,290,2024-11-27,1107.98,Cancelled,
14887,1461,290,2024-02-12,1203.09,Pending,
14888,813,201,2024-05-21,727.26,Delivered,50
14889,1455,290,2024-12-05,375.93,Delivered,44
14890,1968,240,2024-11-30,834.03,Delivered,58
14891,360,221,2024-08-09,1358.67,Delivered,55
14892,401,108,2024-06-08,583.03,Delivered,52
14893,1740,214,2024-12-11,931.81,Delivered,62
14894,1955,218,2024-11-04,444.98,Delivered,21
14895,1032,274,2024-03-03,236.68,Cancelled,
14896,413,190,2024-11-10,1280.2,Pending,
14897,526,195,2024-03-14,720.23,Delivered,15
14898,759,269,2024-12-09,800.84,Pending,
14899,417,179,2024-12-12,860.16,Cancelled,
14900,1118,267,2024-05-19,252.99,Delivered,45
14901,1214,214,2024-12-16,824.67,Pending,
14902,890,241,2024-11-26,275.79,Delivered,43
14903,339,293,2024-04-10,528.38,Delivered,70
14904,1332,119,2024-09-18,897.33,Cancelled,
14905,977,122,2024-12-13,1002.85,Delivered,28
14906,995,237,2024-02-26,1404.55,Pending,
14907,1261,276,2024-11-17,759.14,Cancelled,
14908,1155,247,2024-12-03,663.99,Delivered,49
14909,997,238,2024-05-06,879.39,Delivered,39
14910,1222,240,2024-11-18,675.47,Delivered,63
14911,718,118,2024-04-24,219.08,Cancelled,
14912,1297,275,2024-02-10,561.97,Delivered,65
14913,1785,238,2024-12-08,1394.49,Delivered,68
14914,393,204,2024-03-12,931.07,Delivered,60
14915,668,278,2024-11-24,396.54,Delivered,36
14916,176,274,2024-12-04,573.98,Pending,
14917,1155,120,2024-10-31,802.63,Pending,
14918,1736,122,2024-11-14,1477.12,Delivered,65
14919,245,280,2024-12-12,815.01,Delivered,66
14920,540,236,2024-05-28,428.8,Delivered,69
14921,1466,261,2024-05-31,191.52,Cancelled,
14922,237,133,2024-12-03,868.17,Delivered,28
14923,1449,255,2024-10-29,798.35,Delivered,48
14924,1090,224,2024-11-06,793.34,Delivered,65
14925,563,151,2024-03-05,533.71,Delivered,42
14926,1520,220,2024-03-05,383.81,Delivered,65
14927,1640,207,2024-11-29,240.77,Pending,
14928,1396,245,2024-08-14,367.13,Delivered,62
14929,855,120,2024-11-21,1379.05,Delivered,49
14930,684,137,2024-11-04,906.26,Delivered,37
14931,1984,154,2024-12-17,1449.59,Cancelled,
14932,922,298,2024-12-24,266.98,Cancelled,
14933,218,197,2024-05-29,538.5,Cancelled,
14934,1676,232,2024-11-14,895.31,Cancelled,
14935,594,131,2024-11-14,271.05,Delivered,27
14936,1395,167,2024-11-02,334.98,Cancelled,
14937,1792,232,2024-04-25,720.02,Delivered,19
14938,270,172,2024-03-02,1393.32,Delivered,18
14939,1970,158,2024-11-27,1258.68,Delivered,20
14940,166,141,2024-08-17,1366.29,Cancelled,
14941,1323,165,2024-06-22,342.04,Delivered,57
14942,1236,206,2024-12-16,356.83,Delivered,24
14943,1042,146,2024-11-27,663.24,Cancelled,
14944,1048,239,2024-02-15,411.81,Delivered,41
14945,992,127,2024-11-13,1070.57,Pending,
14946,840,242,2024-04-24,381.04,Delivered,63
14947,1470,210,2024-05-14,1268.8,Delivered,57
14948,638,280,2024-03-18,721.33,Delivered,31
14949,1126,272,2024-07-31,656.63,Delivered,51
14950,1063,222,2024-02-19,138.13,Delivered,61
14951,1267,211,2024-11-23,307.52,Delivered,34
14952,1329,190,2024-10-27,475.16,Delivered,21
14953,1822,188,2024-06-25,626.57,Delivered,69
14954,1653,279,2024-11-23,1313.21,Pending,
14955,1053,194,2024-09-18,282.14,Delivered,24
14956,1347,174,2024-12-23,397.84,Delivered,31
14957,46,271,2024-05-08,966.04,Delivered,53
14958,1097,220,2024-11-14,382.94,Delivered,57
14959,687,207,2024-12-25,873.94,Delivered,30
14960,1342,166,2024-05-01,681.84,Delivered,51
14961,1852,175,2024-12-24,1036.36,Cancelled,
14962,5,121,2024-12-05,746.17,Cancelled,
14963,1044,191,2024-12-21,903.88,Pending,
14964,1457,287,2024-06-21,1071.05,Cancelled,
14965,435,211,2024-11-16,941.39,Pending,
14966,827,173,2024-02-29,-882.63,Delivered,16
14967,167,269,2024-11-01,1332.67,Delivered,61
14968,1383,291,2024-01-15,722.86,Delivered,56
14969,1874,163,2024-07-19,950.38,Delivered,15
14970,686,125,2024-12-08,1195.82,Delivered,26
14971,1503,236,2024-02-23,347.75,Delivered,23
14972,1148,190,2024-01-14,1384.21,Delivered,64
14973,1202,229,2024-11-13,569.36,Delivered,50
14974,1334,164,2024-12-03,290.83,Delivered,35
14975,1383,281,2024-11-28,1482.95,Pending,
14976,1667,208,2024-07-17,1095.58,Delivered,25
14977,1922,159,2024-06-30,908.12,Pending,
14978,1389,202,2024-11-03,107.34,Delivered,57
14979,807,233,2024-11-09,1094.45,Delivered,56
14980,695,115,2024-07-02,322.27,Delivered,62
14981,413,182,2024-02-27,912.02,Delivered,35
14982,97,245,2024-12-03,1331.13,Delivered,40
14983,1708,279,2024-12-30,237.5,Delivered,43
14984,1900,109,2024-11-09,1075.08,Delivered,15
14985,1491,130,2024-12-08,1397.21,Delivered,55
14986,1578,220,2024-08-01,472.47,Delivered,53
14987,1463,289,2024-12-27,788.46,Cancelled,
14988,174,250,2024-12-23,292.38,Delivered,44
14989,1108,297,2024-03-25,266.04,Delivered,58
14990,286,189,2024-01-13,1286.83,Delivered,21
14991,1395,133,2024-03-07,1320.87,Delivered,42
14992,1362,196,2024-04-25,1003.72,Delivered,21
14993,301,296,2024-02-28,1206.69,Delivered,68
14994,947,254,2024-12-22,1274.68,Delivered,59
14995,1709,234,2024-11-10,1165.92,Pending,
14996,404,285,2024-09-19,750.23,Cancelled,
14997,609,295,2024-12-11,278.1,Delivered,16
14998,574,164,2024-04-05,1098.37,Pending,
14999,1953,290,2024-09-20,428.45,Delivered,62
15000,1483,271,2024-02-11,593.23,Delivered,45
15001,1524,103,2024-12-10,1329.41,Delivered,25
15002,1070,195,2024-03-30,407.81,Delivered,41
15003,1643,159,2024-04-19,340.19,Delivered,19
15004,1264,295,2024-11-02,194.52,Delivered,46
15005,1781,138,2024-05-01,1354.97,Delivered,29
15006,1666,264,2024-12-31,1350.03,Delivered,58
15007,1369,128,2024-12-21,992.9,Cancelled,
15008,1296,212,2024-12-01,1355.02,Delivered,37
15009,873,219,2024-11-13,1012.41,Delivered,19
15010,893,228,2024-04-25,1493.52,Delivered,21
15011,1546,133,2024-08-11,665.31,Delivered,62
15012,896,216,2024-10-27,620.87,Pending,
15013,1276,174,2024-03-19,828.16,Delivered,34
15014,1415,206,2024-11-08,644.22,Delivered,16
15015,692,252,2024-11-25,407.66,Delivered,48
15016,311,160,2024-11-30,761.12,Delivered,42
15017,1522,176,2024-11-24,1408.56,Delivered,28
15018,649,280,2024-07-21,870.81,Cancelled,
15019,1317,285,2024-12-11,1281.5,Cancelled,
15020,1904,260,2024-12-01,1009.62,Delivered,39
15021,774,230,2024-07-12,1160.18,Delivered,56
15022,1942,242,2024-01-14,777.22,Delivered,41
15023,430,238,2024-03-30,416.6,Pending,
15024,1132,169,2024-12-25,1470.43,Delivered,44
15025,1170,190,2024-01-03,1412.65,Delivered,53
15026,1831,195,2024-08-02,174.18,Delivered,42
15027,1437,147,2024-12-13,870.89,Delivered,36
15028,1592,183,2024-10-09,220.99,Delivered,40
15029,396,139,2024-06-25,263.85,Delivered,57
15030,840,217,2024-12-28,176.6,Delivered,28
15031,956,194,2024-07-24,1328.11,Delivered,54
15032,1881,111,2024-04-04,489.25,Delivered,23
15033,1516,295,2024-12-25,226.47,Cancelled,
15034,557,248,2024-09-28,1213.92,Delivered,65
15035,1607,241,2024-11-24,161.17,Delivered,47
15036,414,294,2024-02-27,818.45,Delivered,68
15037,219,240,2024-06-01,825.85,Delivered,17
15038,1997,209,2024-12-05,713.49,Delivered,30
15039,519,269,2024-05-23,132.49,Delivered,62
15040,1748,235,2024-06-07,758.04,Delivered,56
15041,290,143,2024-09-10,845.19,Delivered,64
15042,43,261,2024-12-31,910.6,Delivered,43
15043,1928,247,2024-11-11,1103.03,Delivered,61
15044,1552,293,2024-10-26,856.49,Delivered,62
15045,1821,232,2024-06-26,1295.54,Delivered,45
15046,1017,275,2024-01-17,599.37,Delivered,70
15047,1891,154,2024-02-16,1372.22,Delivered,64
15048,1385,262,2024-07-14,299.95,Cancelled,
15049,876,205,2024-12-28,925.8,Delivered,70
15050,1856,152,2024-12-08,1011.11,Delivered,43
15051,516,175,2024-11-03,250.76,Delivered,51
15052,1143,165,2024-11-22,451.93,Delivered,23
15053,439,145,2024-08-21,898.24,Delivered,59
15054,1995,273,2024-01-07,245.1,Pending,
15055,1326,199,2024-12-15,582.78,Cancelled,
15056,153,205,2024-10-31,1413.14,Cancelled,
15057,1577,146,2024-03-12,177.24,Delivered,51
15058,528,192,2024-12-15,503.69,Cancelled,
15059,353,211,2024-11-09,476.24,Pending,
15060,433,259,2024-12-17,733.03,Cancelled,
15061,329,156,2024-12-09,651.02,Delivered,56
15062,844,251,2024-11-24,587.59,Delivered,20
15063,953,291,2024-11-08,448.88,Delivered,58
15064,477,230,2024-12-04,956.51,Delivered,41
15065,699,242,2025-06-15,1249.29,Delivered,45
15066,1447,205,2024-03-19,838.33,Delivered,56
15067,315,264,2024-11-09,491.99,Cancelled,
15068,1861,163,2024-10-17,991.91,Pending,
15069,131,190,2024-09-16,1496.57,Pending,
15070,1576,166,2024-12-12,1226.81,Delivered,46
15071,873,261,2024-03-23,776.66,Pending,
15072,954,134,2024-12-04,669.02,Delivered,57
15073,1745,251,2024-11-07,1270.63,Delivered,69
15074,1841,248,2024-04-26,414.45,Delivered,57
15075,1966,264,2024-04-06,668.68,Delivered,32
15076,417,144,2024-11-03,1143.63,Delivered,28
15077,961,209,2024-12-16,315.83,Delivered,54
15078,1516,276,2024-12-23,1445.76,Delivered,25
15079,1761,142,2024-05-26,1472.87,Delivered,30
15080,526,262,2024-11-05,951.13,Delivered,65
15081,1769,123,2024-04-04,660.23,Delivered,54
15082,1708,255,2024-03-25,874.44,Pending,
15083,330,123,2024-05-26,966.95,Delivered,54
15084,1318,231,2024-07-21,775.98,Delivered,62
15085,199,128,2024-12-06,647.75,Pending,
15086,955,148,2024-01-16,183.66,Delivered,23
15087,1228,148,2024-10-02,291.67,Delivered,52
15088,1604,178,2024-12-17,787.89,Delivered,46
15089,751,108,2024-05-17,665.01,Delivered,60
15090,275,273,2024-12-01,252.19,Delivered,19
15091,821,227,2024-12-26,957.54,Delivered,60
15092,628,188,2024-12-01,1271.17,Delivered,34
15093,831,296,2024-02-20,736.42,Cancelled,
15094,780,287,2024-10-25,395.02,Delivered,22
15095,61,257,2024-11-22,1083.37,Pending,
15096,402,277,2024-08-20,1317.81,Delivered,51
15097,691,140,2024-07-28,772.68,Delivered,27
15098,94,283,2024-11-22,101.28,Delivered,44
15099,519,290,2024-12-22,1320.6,Delivered,27
15100,1075,159,2024-05-02,917.63,Delivered,46
15101,252,269,2024-12-14,544.26,Delivered,55
15102,1855,115,2024-02-23,835.69,Delivered,65
15103,710,167,2024-08-11,1317.87,Delivered,32
15104,960,129,2024-12-24,1008.25,Delivered,67
15105,496,296,2024-06-20,549.33,Delivered,44
15106,339,185,2024-12-01,1097.39,Cancelled,
15107,1735,102,2024-12-13,882.79,Delivered,59
15108,1354,252,2024-11-07,531.04,Delivered,23
15109,325,233,2024-09-23,898.43,Delivered,59
15110,576,145,2024-04-11,1347.29,Delivered,70
15111,1457,295,2024-05-27,1211.62,Delivered,43
15112,714,247,2024-08-01,1455.46,Delivered,51
15113,1204,156,2024-11-16,1185.11,Cancelled,
15114,1312,231,2024-09-24,1362.88,Pending,
15115,1114,268,2024-03-11,865.41,Pending,
15116,1140,251,2024-08-20,1353.5,Delivered,43
15117,230,233,2024-06-15,1234.78,Pending,
15118,1444,122,2024-11-15,1391.62,Pending,
15119,114,241,2024-07-05,991.82,Delivered,42
15120,422,161,2024-04-02,998.24,Pending,
15121,338,257,2024-02-07,838.29,Delivered,32
15122,1453,154,2024-12-23,1359.33,Delivered,20
15123,1463,230,2024-12-13,1109.93,Pending,
15124,1358,201,2024-11-13,1309.11,Delivered,55
15125,1581,198,2024-06-21,1014.39,Cancelled,
15126,696,126,2024-05-12,1088.13,Delivered,27
15127,1077,297,2024-02-13,529.49,Delivered,15
15128,825,204,2024-05-03,1454.34,Delivered,23
15129,752,240,2024-11-27,106.66,Delivered,24
15130,425,223,2024-10-25,977.12,Delivered,37
15131,1984,115,2024-05-10,1360.91,Delivered,25
15132,1445,140,2024-12-10,1383.76,Pending,
15133,1793,272,2024-08-24,1387.31,Delivered,25
15134,290,103,2024-09-15,582.56,Delivered,65
15135,1007,221,2024-06-27,1338.31,Delivered,29
15136,13,265,2024-05-03,1044.67,Delivered,24
15137,1676,245,2024-03-26,892.0,Delivered,60
15138,1860,177,2024-11-11,1034.86,Delivered,68
15139,1039,109,2024-05-27,1225.05,Delivered,35
15140,676,299,2024-11-25,1010.49,Delivered,42
15141,1281,264,2024-11-02,1236.55,Cancelled,
15142,1206,130,2024-12-12,1260.87,Delivered,36
15143,963,261,2024-12-19,1493.9,Delivered,67
15144,340,214,2024-12-12,333.57,Delivered,35
15145,1870,209,2024-03-25,983.47,Cancelled,
15146,1144,155,2024-11-04,1163.84,Delivered,48
15147,588,173,2024-11-25,556.19,Delivered,18
15148,1582,126,2024-11-10,102.88,Cancelled,
15149,1578,289,2024-11-29,248.02,Delivered,17
15150,356,292,2024-12-01,256.34,Cancelled,
15151,1709,221,2024-02-29,970.82,Delivered,21
15152,877,165,2024-01-22,840.29,Pending,
15153,285,129,2024-11-09,335.5,Delivered,40
15154,723,270,2024-06-20,1202.77,Delivered,26
15155,1250,164,2024-04-01,785.04,Cancelled,
15156,488,153,2024-01-21,329.44,Delivered,51
15157,389,101,2024-10-03,1224.49,Delivered,58
15158,1996,123,2024-11-01,1456.67,Pending,
15159,,266,2024-02-29,707.62,Delivered,64
15160,361,105,2024-03-13,723.12,Pending,
15161,146,231,2024-04-05,554.5,Delivered,34
15162,1099,189,2024-02-22,799.32,Delivered,42
15163,1133,134,2024-02-11,590.54,Delivered,41
15164,1000,268,2024-12-31,286.47,Delivered,19
15165,372,167,2024-06-06,1293.47,Delivered,43
15166,131,267,2024-06-03,1376.49,Delivered,69
15167,1201,197,2024-12-07,138.0,Pending,
15168,390,118,2024-11-15,454.95,Delivered,58
15169,1323,267,2024-09-07,1106.91,Delivered,52
15170,1230,195,2024-12-24,908.11,Delivered,27
15171,383,104,2024-11-20,399.34,Cancelled,
15172,537,236,2024-01-26,467.32,Delivered,63
15173,1288,219,2024-05-26,306.39,Delivered,57
15174,392,205,2024-10-15,105.55,Delivered,34
15175,1482,220,2024-10-31,883.57,Delivered,54
15176,161,136,2024-04-26,795.76,Pending,
15177,348,131,2024-11-25,743.2,Delivered,28
15178,1942,232,2024-01-17,687.71,Delivered,23
15179,733,206,2024-01-10,580.01,Delivered,27
15180,604,150,2024-11-23,657.87,Delivered,23
15181,1551,209,2024-06-11,439.2,Delivered,61
15182,644,186,2024-05-18,109.71,Delivered,51
15183,1267,141,2024-02-04,162.57,Pending,
15184,1613,151,2024-02-01,842.38,Pending,
15185,78,168,2024-12-05,1163.74,Delivered,38
15186,877,218,2024-11-23,1282.91,Delivered,57
15187,1971,234,2024-01-13,1486.92,Delivered,35
15188,1493,162,2024-01-18,578.85,Delivered,26
15189,1806,129,2024-12-30,1160.53,Delivered,27
15190,1692,207,2024-11-18,100.58,Delivered,33
15191,1950,190,2024-02-13,1495.73,Cancelled,
15192,1848,122,2024-06-01,897.38,Delivered,23
15193,1029,161,2024-02-09,560.87,Delivered,47
15194,1218,206,2024-12-12,145.28,Delivered,50
15195,257,148,2024-06-14,380.9,Delivered,67
15196,1061,272,2024-07-31,752.77,Delivered,60
15197,1740,270,2024-11-13,664.03,Delivered,25
15198,1859,147,2024-12-27,130.57,Delivered,59
15199,1755,175,2024-08-19,768.8,Delivered,46
15200,1289,269,2024-04-25,1089.45,Delivered,67
15201,815,195,2024-02-10,514.04,Pending,
15202,992,154,2024-12-18,792.61,Cancelled,
15203,955,232,2024-11-24,540.39,Cancelled,
15204,1233,233,2024-06-07,417.84,Delivered,17
15205,142,223,2024-02-20,1042.08,Delivered,19
15206,1793,166,2024-11-03,1140.86,Pending,
15207,143,243,2024-12-18,1185.92,Cancelled,
15208,298,297,2024-01-31,1143.45,Delivered,61
15209,621,203,2024-03-04,734.27,Delivered,26
15210,508,204,2024-05-04,985.17,Delivered,66
15211,455,212,2024-08-06,951.28,Cancelled,
15212,1129,216,2024-01-09,242.49,Cancelled,
15213,1498,169,2024-12-04,1100.85,Delivered,23
15214,311,124,2024-06-07,100.24,Pending,
15215,299,163,2024-12-30,475.14,Delivered,29
15216,721,278,2024-02-09,870.42,Pending,
15217,151,105,2024-11-07,981.85,Delivered,18
15218,374,183,2024-10-11,198.44,Delivered,69
15219,629,174,2024-10-18,712.56,Delivered,68
15220,1693,263,2024-11-15,1069.59,Delivered,36
15221,533,191,2024-12-19,333.87,Delivered,68
15222,1086,276,2024-01-05,865.65,Delivered,52
15223,695,176,2024-09-24,707.6,Delivered,49
15224,991,117,2024-04-02,930.71,Delivered,40
15225,1352,107,2024-12-25,249.82,Delivered,54
15226,1197,229,2024-12-28,1310.04,Delivered,69
15227,1426,223,2024-11-05,1136.73,Pending,
15228,1450,238,2024-11-16,1315.58,Delivered,45
15229,547,155,2024-12-17,835.97,Delivered,23
15230,1825,169,2024-11-20,1110.09,Delivered,47
15231,228,300,2024-05-29,861.85,Delivered,53
15232,1401,202,2024-04-11,214.87,Delivered,52
15233,347,172,2024-05-03,490.78,Delivered,46
15234,269,182,2024-08-18,721.64,Delivered,42
15235,477,242,2024-11-21,1099.91,Delivered,57
15236,1204,111,2024-07-17,428.27,Delivered,25
15237,1457,188,2024-11-05,756.42,Delivered,39
15238,368,188,2024-09-07,681.9,Delivered,51
15239,1879,228,2024-05-22,817.88,Delivered,50
15240,282,177,2024-12-30,1442.05,Delivered,60
15241,1697,297,2024-05-23,1182.13,Delivered,18
15242,1248,143,2024-12-30,937.83,Delivered,55
15243,1320,269,2024-03-20,853.44,Cancelled,
15244,1948,110,2024-12-05,1278.14,Delivered,48
15245,1073,124,2024-11-20,860.65,Delivered,24
15246,1972,218,2024-04-15,606.31,Delivered,36
15247,734,252,2024-11-21,1474.7,Delivered,31
15248,1256,288,2024-08-24,1408.76,Cancelled,
15249,470,230,2024-11-19,903.1,Delivered,63
15250,1926,139,2024-02-17,245.36,Delivered,50
15251,1615,109,2024-04-29,1287.03,Pending,
15252,1314,266,2024-12-11,299.16,Delivered,27
15253,697,227,2024-12-29,481.25,Delivered,32
15254,65,165,2024-10-01,887.56,Delivered,20
15255,922,214,2024-11-29,495.29,Delivered,45
15256,268,268,2024-03-12,763.55,Delivered,30
15257,1173,117,2024-11-11,332.83,Delivered,64
15258,1535,215,2024-12-07,1427.25,Delivered,67
15259,1307,268,2024-09-18,1166.56,Delivered,64
15260,1821,166,2024-11-02,585.99,Delivered,48
15261,1156,228,2024-09-01,311.63,Delivered,21
15262,1246,211,2024-09-04,1138.11,Delivered,61
15263,819,236,2024-12-25,794.77,Delivered,31
15264,1947,287,2024-12-03,512.28,Cancelled,
15265,812,143,2024-12-01,462.86,Delivered,54
15266,918,291,2024-07-26,1108.77,Cancelled,
15267,1638,121,2024-01-01,350.47,Cancelled,
15268,881,266,2024-12-18,120.9,Delivered,22
15269,1562,300,2024-07-02,782.66,Delivered,33
15270,735,138,2024-11-05,924.64,Delivered,31
15271,1357,154,2024-06-09,1244.21,Cancelled,
15272,594,205,2024-07-11,631.48,Delivered,24
15273,126,255,2024-07-12,648.39,Delivered,37
15274,1965,116,2024-09-10,375.16,Pending,
15275,129,179,2024-12-31,328.03,Delivered,25
15276,1377,101,2024-01-20,1462.22,Delivered,40
15277,970,174,2024-06-05,393.56,Delivered,54
15278,462,184,2024-11-20,817.65,Delivered,33
15279,27,211,2024-10-11,1462.92,Delivered,59
15280,1721,234,2024-12-15,383.22,Delivered,66
15281,1571,165,2024-12-19,481.31,Delivered,26
15282,138,274,2024-08-17,181.09,Delivered,27
15283,1117,280,2024-11-27,1250.15,Cancelled,
15284,1586,216,2024-01-09,937.03,Delivered,57
15285,1979,134,2024-01-05,885.99,Delivered,51
15286,747,230,2024-03-23,1313.83,Delivered,19
15287,967,281,2024-11-06,472.2,Delivered,51
15288,1615,144,2024-06-01,683.35,Delivered,49
15289,1486,270,2024-12-26,927.35,Delivered,29
15290,1483,206,2024-12-01,1157.11,Delivered,30
15291,611,147,2024-12-23,958.8,Delivered,24
15292,1799,192,2024-05-07,1098.36,Pending,
15293,705,241,2024-08-04,1058.91,Delivered,27
15294,235,131,2024-11-23,1208.17,Delivered,51
15295,1422,137,2024-01-30,1173.84,Cancelled,
15296,980,116,2024-04-10,940.78,Delivered,15
15297,885,164,2024-11-24,140.58,Pending,
15298,1876,180,2024-11-21,1245.85,Delivered,59
15299,520,243,2024-12-17,376.09,Delivered,18
15300,1505,209,2024-11-23,222.61,Pending,
15301,241,134,2024-12-03,480.68,Cancelled,
15302,796,204,2024-12-25,1384.42,Delivered,33
15303,1172,104,2024-03-31,527.41,Delivered,40
15304,1982,132,2024-01-01,1130.39,Delivered,18
15305,1941,145,2024-05-01,1382.8,Delivered,65
15306,1126,139,2024-01-29,640.33,Delivered,62
15307,1061,262,2024-11-18,1116.57,Delivered,19
15308,221,226,2024-12-09,1272.62,Delivered,48
15309,1860,214,2024-10-18,832.21,Cancelled,
15310,1292,206,2024-11-13,423.03,Delivered,35
15311,565,226,2024-07-13,124.95,Delivered,16
15312,929,259,2024-11-30,654.3,Delivered,33
15313,252,179,2024-02-07,965.19,Delivered,61
15314,112,299,2024-06-09,123.8,Pending,
15315,1609,183,2024-11-13,1098.0,Delivered,35
15316,10,147,2024-08-09,767.22,Delivered,68
15317,413,272,2024-03-08,1384.9,Pending,
15318,216,166,2024-07-17,1183.46,Delivered,45
15319,164,177,2024-05-05,872.17,Delivered,50
15320,1120,222,2024-11-25,1435.76,Cancelled,
15321,1447,294,2024-04-10,808.97,Delivered,51
15322,547,197,2024-09-08,1301.44,Delivered,56
15323,1669,135,2024-11-06,1440.19,Delivered,41
15324,1159,106,2024-12-08,1026.08,Pending,
15325,180,212,2024-01-05,213.02,Delivered,50
15326,1202,115,2024-12-24,157.53,Delivered,16
15327,1399,148,2024-09-04,1065.71,Pending,
15328,1844,158,2024-03-23,1004.6,Delivered,67
15329,1714,267,2024-08-12,1085.64,Delivered,34
15330,874,296,2024-11-16,1284.92,Delivered,63
15331,192,134,2024-11-01,1223.16,Delivered,62
15332,291,132,2024-12-01,1126.81,Delivered,37
15333,372,278,2024-04-25,1102.78,Delivered,27
15334,1731,148,2024-03-14,1371.41,Delivered,45
15335,119,272,2024-12-29,167.48,Delivered,44
15336,1497,242,2024-11-30,1252.08,Delivered,19
15337,326,299,2024-03-06,879.64,Pending,
15338,899,246,2024-07-07,1134.38,Delivered,24
15339,862,299,2024-07-16,680.35,Delivered,22
15340,849,233,2024-07-16,1067.26,Pending,
15341,205,281,2024-12-27,631.4,Delivered,23
15342,345,123,2024-12-26,1364.48,Delivered,21
15343,1510,248,2024-07-28,1203.65,Delivered,27
15344,412,107,2024-08-13,1310.02,Delivered,54
15345,1792,288,2024-11-18,459.53,Delivered,37
15346,1962,209,2024-03-11,1334.98,Delivered,25
15347,960,272,2024-03-04,1332.51,Pending,
15348,1560,186,2024-02-09,703.19,Cancelled,
15349,997,111,2024-12-21,879.04,Pending,
15350,575,192,2024-11-16,1489.6,Delivered,29
15351,757,204,2024-08-05,261.91,Delivered,41
15352,583,115,2024-12-01,396.42,Delivered,25
15353,1422,147,2024-04-06,1489.96,Delivered,22
15354,1372,236,2024-11-28,1176.14,Delivered,31
15355,1851,159,2024-12-22,1185.11,Delivered,61
15356,356,113,2024-09-18,206.78,Delivered,42
15357,1236,131,2024-12-03,973.46,Cancelled,
15358,1625,126,2024-09-09,400.7,Pending,
15359,1527,226,2024-05-08,977.12,Delivered,65
15360,283,177,2024-03-20,459.87,Delivered,17
15361,1411,300,2024-11-05,239.15,Pending,
15362,98,292,2024-02-06,998.84,Delivered,29
15363,969,247,2024-12-15,1496.98,Delivered,32
15364,1972,261,2024-02-05,1358.81,Delivered,26
15365,1925,134,2024-07-30,1436.83,Delivered,31
15366,1147,237,2024-12-24,174.99,Delivered,23
15367,130,293,2024-02-28,1212.35,Delivered,32
15368,1958,111,2024-02-02,470.15,Delivered,42
15369,1379,296,2024-05-06,340.67,Cancelled,
15370,644,246,2024-12-29,470.13,Cancelled,
15371,657,194,2024-06-15,1029.62,Cancelled,
15372,1105,299,2024-12-20,1121.88,Delivered,30
15373,326,161,2024-08-11,697.24,Delivered,26
15374,1170,217,2024-05-13,981.98,Delivered,32
15375,637,123,2024-08-15,1462.46,Delivered,62
15376,1954,291,2024-08-05,1294.91,Cancelled,
15377,742,157,2024-03-11,1299.88,Delivered,24
15378,1871,225,2024-11-21,871.39,Delivered,18
15379,903,278,2024-03-17,510.72,Delivered,41
15380,978,261,2024-12-24,756.78,Cancelled,
15381,75,148,2024-05-14,774.59,Delivered,63
15382,739,181,2024-02-11,1009.14,Pending,
15383,1300,300,2024-12-21,485.15,Cancelled,
15384,1566,256,2024-03-03,847.02,Delivered,57
15385,1423,213,2024-11-12,222.01,Delivered,42
15386,1015,243,2024-11-24,779.17,Delivered,16
15387,1395,201,2024-09-23,1354.64,Cancelled,
15388,1178,258,2024-03-05,1192.12,Delivered,30
15389,1460,114,2024-06-13,1191.91,Delivered,56
15390,1271,110,2024-11-17,409.03,Delivered,67
15391,1684,267,2024-01-04,477.2,Delivered,69
15392,1153,137,2024-11-10,453.75,Delivered,69
15393,1914,212,2024-01-11,1189.89,Delivered,31
15394,92,197,2024-11-10,752.21,Pending,
15395,1730,294,2024-07-27,381.8,Delivered,15
15396,418,151,2024-12-24,1178.53,Cancelled,
15397,753,236,2024-09-15,166.69,Cancelled,
15398,794,214,2024-06-29,855.84,Delivered,28
15399,1380,275,2024-03-14,923.68,Pending,
15400,741,186,2024-11-27,1490.93,Pending,
15401,1367,258,2024-10-28,869.38,Delivered,22
15402,1792,281,2024-11-13,924.63,Delivered,32
15403,472,174,2024-11-17,1335.26,Delivered,40
15404,1692,269,2024-12-30,1480.43,Delivered,60
15405,1134,115,2024-09-19,1307.19,Delivered,63
15406,1015,280,2024-11-01,779.58,Delivered,63
15407,1121,237,2024-08-21,1173.41,Delivered,16
15408,746,127,2024-01-01,1044.63,Delivered,28
15409,731,244,2024-11-10,1494.39,Delivered,23
15410,663,229,2024-11-01,1382.55,Delivered,27
15411,175,235,2024-12-18,144.37,Pending,
15412,1482,263,2024-04-11,1120.73,Delivered,39
15413,1634,189,2024-08-19,405.37,Delivered,18
15414,188,109,2024-09-22,158.76,Delivered,21
15415,1415,253,2024-12-18,1053.73,Delivered,15
15416,256,255,2024-11-19,1023.22,Delivered,67
15417,1144,259,2024-11-17,845.91,Delivered,26
15418,607,219,2024-12-11,1494.88,Delivered,35
15419,192,187,2024-03-22,1467.38,Delivered,33
15420,1144,296,2024-06-30,963.96,Cancelled,
15421,1489,124,2024-12-30,1387.07,Delivered,23
15422,241,157,2024-10-04,654.82,Delivered,55
15423,1810,266,2024-12-28,1114.54,Pending,
15424,480,245,2024-12-09,799.62,Delivered,24
15425,1517,226,2024-02-21,301.99,Delivered,32
15426,324,174,2024-12-23,345.06,Delivered,39
15427,216,257,2024-08-05,1250.74,Delivered,29
15428,423,264,2024-01-13,950.21,Delivered,52
15429,66,203,2024-12-08,1433.63,Delivered,70
15430,1499,158,2024-05-12,239.91,Delivered,69
15431,1871,114,2024-04-21,258.34,Cancelled,
15432,1665,201,2024-01-11,169.12,Delivered,40
15433,596,198,2024-12-09,1106.69,Delivered,35
15434,1151,278,2024-01-20,826.94,Delivered,70
15435,1669,220,2024-11-15,208.64,Delivered,36
15436,1580,140,2024-12-18,379.03,Delivered,23
15437,215,256,2024-12-30,673.57,Delivered,36
15438,551,158,2024-05-09,268.41,Delivered,42
15439,462,142,2024-11-27,685.45,Delivered,45
15440,1283,297,2024-04-14,477.11,Delivered,67
15441,335,211,2024-11-23,1292.2,Delivered,36
15442,1626,133,2024-12-06,1248.82,Cancelled,
15443,1440,218,2024-12-03,1302.39,Cancelled,
15444,872,202,2024-01-24,1398.06,Delivered,35
15445,1795,179,2024-11-17,902.48,Delivered,32
15446,582,248,2024-12-26,197.06,Delivered,34
15447,341,177,2024-05-03,355.79,Delivered,50
15448,527,237,2024-10-06,1228.03,Delivered,19
15449,14,115,2024-06-10,972.14,Pending,
15450,1707,137,2024-08-30,1402.72,Delivered,53
15451,1965,110,2024-08-22,1013.99,Delivered,20
15452,1521,258,2024-09-18,583.13,Delivered,24
15453,1683,101,2024-01-25,1383.8,Delivered,33
15454,793,106,2024-03-07,838.13,Pending,
15455,1394,262,2024-12-03,604.94,Pending,
15456,841,110,2024-06-26,1246.14,Pending,
15457,17,166,2024-11-13,1151.36,Pending,
15458,1882,241,2024-02-12,1013.51,Pending,
15459,881,249,2024-06-19,1248.21,Delivered,34
15460,864,170,2024-04-17,1093.08,Cancelled,
15461,1019,147,2024-08-27,1027.26,Delivered,63
15462,384,240,2024-12-22,743.08,Delivered,51
15463,1091,112,2024-11-09,1365.01,Pending,
15464,1972,291,2024-12-08,1419.43,Delivered,29
15465,982,218,2024-12-15,1382.06,Delivered,16
15466,591,300,2024-02-06,151.55,Delivered,49
15467,1807,283,2024-12-05,1297.66,Pending,
15468,879,111,2024-11-23,1324.5,Delivered,23
15469,737,119,2024-08-10,1008.15,Delivered,66
15470,1398,190,2024-09-08,759.02,Pending,
15471,538,159,2024-07-08,1017.11,Delivered,62
15472,1544,256,2024-02-21,845.8,Delivered,54
15473,1499,283,2024-09-27,1350.12,Delivered,36
15474,1987,112,2024-03-27,694.05,Delivered,24
15475,1807,236,2024-10-19,1373.06,Delivered,35
15476,1256,215,2024-12-17,1036.71,Cancelled,
15477,1535,214,2024-10-13,253.91,Pending,
15478,1522,241,2024-11-02,620.02,Delivered,32
15479,206,106,2024-11-06,678.0,Delivered,24
15480,158,287,2024-04-14,902.79,Delivered,49
15481,1841,131,2024-02-13,462.81,Delivered,55
15482,515,155,2024-11-17,1444.43,Delivered,55
15483,1270,140,2024-06-06,1462.89,Delivered,33
15484,678,153,2024-11-19,1485.99,Delivered,34
15485,921,286,2024-11-09,1381.95,Delivered,21
15486,1236,219,2024-12-29,724.15,Pending,
15487,1114,147,2024-07-08,387.83,Delivered,27
15488,1568,127,2024-06-27,272.0,Delivered,59
15489,676,169,2024-11-21,843.54,Cancelled,
15490,1109,269,2024-01-22,834.33,Delivered,64
15491,1706,199,2024-05-14,183.01,Delivered,58
15492,779,128,2024-04-20,543.52,Delivered,58
15493,1294,164,2024-01-13,852.32,Delivered,26
15494,1310,119,2024-12-26,567.57,Pending,
15495,383,297,2024-05-31,1053.03,Pending,
15496,860,266,2024-11-06,515.75,Delivered,28
15497,736,186,2024-06-25,777.86,Pending,
15498,557,123,2024-12-22,1213.03,Cancelled,
15499,587,223,2024-11-22,884.89,Cancelled,
15500,1084,265,2024-09-12,640.17,Delivered,39
15501,1661,158,2024-12-23,473.58,Cancelled,
15502,1153,242,2024-04-12,215.46,Delivered,51
15503,902,189,2024-07-07,448.96,Delivered,68
15504,667,152,2024-01-27,1271.3,Delivered,70
15505,1966,272,2024-02-20,397.51,Delivered,68
15506,1754,156,2024-07-29,895.11,Delivered,20
15507,1163,270,2024-12-28,1177.87,Cancelled,
15508,1299,255,2024-04-28,152.75,Delivered,17
15509,536,213,2024-12-16,183.64,Cancelled,
15510,625,276,2024-03-03,467.77,Delivered,46
15511,631,184,2024-12-13,1255.91,Delivered,58
15512,683,254,2024-11-09,1294.33,Delivered,70
15513,1126,196,2024-12-21,202.11,Cancelled,
15514,655,123,2024-05-09,1204.88,Cancelled,
15515,1089,184,2024-10-07,901.26,Delivered,27
15516,1255,219,2024-07-12,318.99,Delivered,62
15517,1569,284,2024-09-20,893.3,Cancelled,
15518,1827,167,2024-06-30,1491.36,Delivered,25
15519,91,229,2024-06-01,1471.06,Pending,
15520,1400,131,2024-12-21,901.24,Delivered,21
15521,1848,256,2024-12-01,722.85,Pending,
15522,887,279,2024-01-03,830.41,Delivered,26
15523,776,146,2024-12-10,351.93,Delivered,37
15524,182,162,2024-12-09,157.69,Cancelled,
15525,562,256,2024-08-24,242.89,Delivered,31
15526,159,133,2024-12-17,1355.33,Delivered,22
15527,1065,251,2024-01-10,831.52,Delivered,58
15528,1463,203,2024-11-30,1068.67,Cancelled,
15529,414,253,2024-10-14,1196.78,Delivered,21
15530,923,248,2024-12-05,1002.82,Delivered,38
15531,295,275,2024-05-30,1060.19,Delivered,32
15532,1558,198,2024-11-05,991.35,Delivered,70
15533,1742,264,2024-08-22,988.38,Delivered,38
15534,1643,217,2024-11-24,719.41,Delivered,15
15535,801,102,2024-10-02,1214.58,Pending,
15536,1599,121,2024-01-09,936.2,Delivered,47
15537,347,249,2024-07-10,537.77,Delivered,25
15538,1603,186,2024-10-07,1370.23,Cancelled,
15539,31,291,2024-11-04,297.02,Delivered,66
15540,524,206,2024-06-08,244.08,Delivered,64
15541,228,269,2024-11-13,1018.15,Delivered,36
15542,1165,180,2024-01-16,767.31,Delivered,28
15543,1196,251,2024-12-19,513.17,Delivered,31
15544,1425,295,2024-12-02,915.55,Delivered,28
15545,1516,166,2024-03-19,928.45,Delivered,19
15546,1845,295,2024-03-02,1237.54,Delivered,54
15547,801,112,2024-04-09,1321.75,Delivered,19
15548,891,210,2024-12-28,1197.57,Delivered,60
15549,1686,294,2024-05-22,201.52,Delivered,38
15550,831,222,2024-12-02,1412.39,Delivered,50
15551,1463,104,2024-11-04,111.49,Delivered,25
15552,256,218,2024-06-17,686.36,Delivered,53
15553,302,153,2024-12-05,406.88,Delivered,19
15554,304,179,2024-09-04,1471.64,Cancelled,
15555,1941,228,2024-04-09,1239.33,Pending,
15556,1134,252,2024-10-31,1031.36,Pending,
15557,624,282,2024-09-19,1373.8,Pending,
15558,765,131,2024-11-07,628.69,Pending,
15559,1836,127,2024-11-08,333.5,Delivered,25
15560,584,246,2024-04-09,1399.93,Delivered,52
15561,1163,107,2024-11-21,399.25,Delivered,34
15562,571,157,2024-12-08,112.27,Delivered,35
15563,1953,230,2024-12-08,1129.88,Cancelled,
15564,987,233,2024-04-22,1164.51,Delivered,68
15565,590,280,2024-08-02,592.38,Delivered,70
15566,890,268,2024-05-05,819.76,Pending,
15567,365,159,2024-11-26,850.92,Pending,
15568,776,201,2024-11-05,600.33,Cancelled,
15569,201,214,2024-08-20,503.27,Delivered,25
15570,1658,278,2024-01-20,1326.3,Delivered,41
15571,1413,198,2024-11-16,482.27,Delivered,54
15572,1008,240,2024-06-27,168.5,Delivered,69
15573,975,260,2024-03-18,672.22,Delivered,43
15574,1082,258,2024-03-02,995.79,Pending,
15575,300,246,2024-11-09,1312.33,Pending,
15576,1630,120,2024-03-13,861.87,Delivered,47
15577,921,128,2024-07-22,1021.21,Delivered,22
15578,1971,190,2024-06-13,816.23,Delivered,50
15579,42,141,2024-11-27,419.59,Cancelled,
15580,1788,128,2024-05-20,1021.71,Delivered,57
15581,479,202,2024-12-13,789.58,Delivered,26
15582,1861,200,2024-12-28,828.99,Delivered,65
15583,975,244,2024-11-07,1181.29,Cancelled,
15584,33,286,2024-09-03,186.82,Delivered,38
15585,18,205,2024-07-03,881.18,Delivered,33
15586,809,245,2024-12-27,762.5,Delivered,38
15587,652,146,2024-08-11,710.64,Delivered,59
15588,140,184,2024-07-02,740.7,Delivered,54
15589,106,218,2024-10-14,1155.46,Delivered,55
15590,159,219,2024-12-12,1467.53,Pending,
15591,1132,281,2024-12-03,1070.78,Delivered,60
15592,91,104,2024-07-23,1192.96,Delivered,66
15593,537,283,2024-11-09,1014.05,Delivered,46
15594,1715,270,2024-02-15,577.12,Delivered,41
15595,1786,125,2024-09-07,1271.43,Delivered,51
15596,881,149,2024-02-13,1024.22,Delivered,62
15597,563,152,2024-10-23,1352.84,Delivered,21
15598,1308,256,2024-07-13,467.88,Delivered,53
15599,1980,160,2024-12-14,275.78,Delivered,65
15600,136,173,2024-03-16,233.13,Delivered,36
15601,588,213,2024-08-05,1452.28,Delivered,58
15602,729,190,2024-12-04,651.4,Delivered,43
15603,779,211,2024-05-17,288.1,Delivered,43
15604,62,103,2024-02-18,1206.87,Pending,
15605,1757,245,2024-08-24,1084.4,Delivered,43
15606,1888,244,2024-02-02,808.53,Delivered,48
15607,224,264,2024-07-20,152.43,Delivered,51
15608,1474,205,2024-12-05,691.51,Delivered,18
15609,1911,166,2024-01-02,1110.03,Cancelled,
15610,717,296,2024-02-01,706.88,Pending,
15611,768,125,2024-09-13,977.37,Delivered,26
15612,97,179,2024-12-10,733.17,Pending,
15613,1619,124,2024-06-11,842.4,Delivered,19
15614,1966,105,2024-10-07,361.12,Delivered,63
15615,658,137,2024-07-04,724.05,Delivered,53
15616,74,214,2024-03-28,377.61,Delivered,34
15617,1472,236,2024-11-20,1450.99,Delivered,48
15618,982,155,2024-11-20,1278.02,Cancelled,
15619,138,220,2024-09-25,1251.59,Cancelled,
15620,701,288,2024-12-07,1326.02,Delivered,27
15621,588,151,2024-11-11,114.45,Pending,
15622,1319,148,2024-09-17,169.74,Delivered,52
15623,1136,136,2024-12-19,686.87,Delivered,49
15624,170,201,2024-11-29,1273.96,Cancelled,
15625,1269,197,2024-05-20,198.63,Delivered,68
15626,1774,113,2024-12-02,426.56,Delivered,32
15627,1912,259,2024-02-01,1024.98,Delivered,69
15628,137,106,2024-12-21,779.0,Delivered,62
15629,1092,257,2024-06-22,1362.86,Cancelled,
15630,1011,260,2024-12-26,846.96,Delivered,54
15631,1782,202,2024-03-19,855.97,Delivered,36
15632,591,116,2024-12-23,1267.32,Cancelled,
15633,1798,220,2024-11-07,757.96,Delivered,28
15634,303,287,2024-12-14,836.13,Pending,
15635,236,249,2024-10-31,126.58,Delivered,64
15636,752,279,2024-12-21,642.79,Delivered,58
15637,724,169,2024-12-02,899.92,Delivered,17
15638,1817,254,2024-10-22,932.66,Delivered,63
15639,663,252,2025-06-15,427.76,Delivered,26
15640,834,283,2024-11-12,727.85,Cancelled,
15641,1735,119,2024-08-21,1073.29,Pending,
15642,1206,246,2024-12-14,164.29,Pending,
15643,978,136,2024-03-09,1141.88,Cancelled,
15644,1033,234,2024-11-05,1415.89,Delivered,66
15645,1907,169,2024-12-29,729.52,Delivered,44
15646,1974,200,2024-05-02,1281.65,Delivered,62
15647,963,147,2024-05-24,1355.06,Delivered,54
15648,278,191,2024-11-28,277.34,Delivered,29
15649,1200,290,2024-10-17,885.61,Delivered,24
15650,701,266,2024-11-23,301.44,Delivered,50
15651,1680,173,2024-12-09,237.8,Delivered,34
15652,1191,224,2024-09-11,979.11,Delivered,42
15653,1051,192,2024-07-05,1252.17,Delivered,37
15654,1411,135,2024-05-01,1353.58,Delivered,33
15655,500,268,2024-03-17,485.42,Delivered,63
15656,737,141,2024-11-14,957.35,Pending,
15657,86,191,2024-05-07,1196.82,Delivered,21
15658,1334,238,2024-05-04,1205.53,Pending,
15659,1714,148,2024-08-05,995.36,Delivered,65
15660,1330,245,2024-11-21,845.23,Delivered,49
15661,1592,261,2024-06-19,1316.14,Delivered,33
15662,1237,190,2024-12-10,1155.58,Delivered,45
15663,1752,201,2024-01-13,1427.01,Delivered,33
15664,104,120,2024-12-18,504.13,Delivered,63
15665,99,182,2024-05-18,836.37,Delivered,29
15666,1830,223,2024-12-30,247.21,Pending,
15667,1068,213,2024-06-01,207.84,Delivered,67
15668,1477,113,2024-10-12,1133.65,Delivered,50
15669,1969,201,2024-01-27,1488.02,Cancelled,
15670,515,237,2024-11-11,893.5,Delivered,44
15671,1576,194,2024-11-09,322.56,Pending,
15672,493,246,2024-12-01,1148.36,Delivered,59
15673,1091,124,2024-09-10,1288.31,Delivered,63
15674,278,196,2024-04-24,927.33,Delivered,26
15675,704,247,2024-04-27,1426.75,Delivered,21
15676,1842,277,2024-11-06,1263.41,Delivered,21
15677,507,246,2024-12-29,263.83,Delivered,45
15678,413,214,2024-12-12,1248.49,Cancelled,
15679,883,146,2024-11-28,339.59,Delivered,21
15680,681,169,2024-06-05,280.69,Pending,
15681,1253,256,2024-12-11,473.82,Cancelled,
15682,680,239,2024-11-13,751.89,Delivered,23
15683,1314,225,2024-10-05,1486.39,Delivered,39
15684,1304,133,2024-01-11,940.79,Delivered,25
15685,903,187,2024-12-05,972.53,Delivered,24
15686,1765,156,2024-11-22,1045.86,Delivered,59
15687,516,142,2024-12-06,710.03,Cancelled,
15688,197,110,2024-10-26,1365.66,Delivered,32
15689,1638,124,2024-12-07,1418.84,Delivered,65
15690,1104,238,2024-02-07,934.25,Delivered,22
15691,219,300,2024-11-04,927.43,Delivered,70
15692,298,210,2024-02-28,1332.29,Delivered,43
15693,1408,135,2024-11-16,1017.07,Delivered,16
15694,478,234,2024-11-01,271.28,Delivered,46
15695,217,234,2024-02-16,842.99,Delivered,41
15696,1658,154,2024-04-25,1095.14,Cancelled,
15697,1243,140,2024-12-24,901.1,Delivered,60
15698,298,292,2024-09-09,1191.5,Delivered,45
15699,1739,121,2024-07-18,146.6,Cancelled,
15700,236,171,2024-11-22,1308.79,Pending,
15701,137,194,2024-12-26,425.85,Delivered,59
15702,209,108,2024-12-13,421.11,Delivered,37
15703,1054,151,2024-02-09,1356.85,Delivered,42
15704,308,122,2024-12-22,802.2,Delivered,41
15705,1548,252,2024-11-16,899.07,Delivered,30
15706,1524,206,2024-12-16,132.43,Pending,
15707,1686,141,2024-04-15,237.27,Delivered,50
15708,864,103,2024-11-05,186.69,Delivered,40
15709,799,199,2024-11-24,177.48,Pending,
15710,750,204,2024-05-09,558.51,Delivered,36
15711,403,233,2024-02-14,1054.71,Delivered,32
15712,315,246,2024-07-04,656.11,Pending,
15713,738,125,2024-08-30,1467.7,Cancelled,
15714,1659,142,2024-05-09,1223.6,Pending,
15715,1704,121,2024-10-31,1389.88,Delivered,27
15716,1571,288,2024-06-27,952.0,Delivered,46
15717,559,298,2024-12-06,1294.97,Delivered,25
15718,1368,127,2024-12-22,766.0,Delivered,37
15719,675,295,2024-08-01,108.08,Pending,
15720,970,242,2024-02-29,734.15,Delivered,70
15721,1242,103,2024-11-24,485.25,Pending,
15722,259,125,2024-10-20,617.34,Pending,
15723,1571,268,2024-11-17,1276.34,Delivered,53
15724,1687,250,2024-02-17,1434.42,Pending,
15725,1003,264,2024-12-03,1375.48,Pending,
15726,1048,266,2024-12-26,586.69,Delivered,61
15727,41,246,2024-07-17,1368.38,Delivered,70
15728,1382,105,2024-11-22,806.16,Delivered,57
15729,936,249,2024-02-23,317.71,Delivered,22
15730,686,223,2024-12-02,158.03,Delivered,38
15731,1106,277,2024-10-18,186.68,Delivered,48
15732,1209,125,2024-05-11,239.59,Delivered,64
15733,1748,112,2024-11-07,1035.29,Delivered,52
15734,405,274,2024-03-22,547.6,Delivered,66
15735,1973,109,2024-01-09,1149.7,Delivered,68
15736,509,213,2024-12-24,1258.52,Delivered,17
15737,1139,286,2024-11-11,849.89,Delivered,64
15738,414,238,2024-07-25,1182.43,Delivered,40
15739,860,195,2024-12-03,693.84,Delivered,18
15740,265,278,2024-07-13,404.3,Delivered,63
15741,1242,187,2024-01-07,116.8,Delivered,50
15742,1355,254,2024-07-27,881.06,Delivered,50
15743,1374,280,2024-12-30,682.0,Delivered,20
15744,888,270,2024-12-17,968.85,Delivered,51
15745,951,163,2024-04-25,167.37,Pending,
15746,824,231,2024-11-15,776.01,Cancelled,
15747,1419,114,2024-11-11,589.84,Delivered,51
15748,1205,188,2024-11-03,433.02,Delivered,70
15749,1244,194,2024-05-31,1076.87,Cancelled,
15750,625,265,2024-06-08,553.11,Delivered,48
15751,1007,156,2024-02-24,1269.45,Pending,
15752,712,173,2024-05-29,571.34,Delivered,15
15753,316,283,2024-05-05,510.22,Pending,
15754,312,115,2024-11-26,405.37,Pending,
15755,1811,161,2024-11-03,356.74,Cancelled,
15756,1397,155,2024-12-11,941.22,Delivered,21
15757,906,161,2024-02-07,745.76,Delivered,38
15758,1068,226,2024-10-08,636.74,Delivered,69
15759,1933,243,2024-12-31,479.6,Delivered,21
15760,1610,129,2024-08-17,849.7,Delivered,19
15761,,186,2024-11-27,1317.67,Cancelled,
15762,582,282,2024-11-15,908.62,Pending,
15763,1518,110,2024-08-27,583.28,Delivered,64
15764,487,287,2024-11-23,1140.89,Pending,
15765,1869,267,2024-08-31,108.47,Delivered,23
15766,1833,237,2024-12-08,449.92,Delivered,64
15767,1779,197,2024-12-23,406.59,Delivered,57
15768,222,286,2024-07-29,1139.07,Delivered,32
15769,171,199,2024-09-18,1209.56,Delivered,36
15770,1489,286,2024-09-07,1043.69,Delivered,66
15771,147,130,2024-08-13,1201.02,Delivered,61
15772,1961,131,2024-02-14,1075.15,Delivered,47
15773,1100,220,2024-12-21,437.96,Delivered,48
15774,1488,216,2024-08-06,399.95,Delivered,49
15775,586,295,2024-12-29,294.37,Delivered,43
15776,1190,189,2024-04-21,548.82,Delivered,47
15777,1148,259,2024-11-25,572.99,Delivered,25
15778,653,186,2024-11-07,1446.58,Delivered,63
15779,1119,271,2024-09-05,1242.35,Cancelled,
15780,1825,112,2024-11-11,1228.66,Delivered,34
15781,575,186,2024-11-09,175.92,Delivered,60
15782,1932,226,2024-12-28,1360.82,Delivered,16
15783,298,167,2024-02-27,1301.45,Cancelled,
15784,1175,238,2024-06-15,924.86,Delivered,48
15785,1431,287,2024-07-18,881.27,Delivered,46
15786,1580,276,2024-12-29,904.28,Delivered,52
15787,808,243,2024-01-08,224.13,Pending,
15788,1144,184,2024-12-31,198.64,Delivered,49
15789,1537,170,2024-03-17,604.25,Delivered,42
15790,570,105,2024-11-04,779.48,Delivered,48
15791,1154,135,2024-11-06,983.56,Delivered,52
15792,734,138,2024-05-24,1377.79,Delivered,67
15793,106,256,2024-06-24,-1453.01,Delivered,65
15794,1947,214,2024-07-28,1269.21,Delivered,34
15795,1869,277,2024-11-28,282.19,Delivered,25
15796,1443,295,2024-12-20,1188.85,Pending,
15797,1750,282,2024-08-16,1353.77,Delivered,60
15798,1090,141,2024-11-30,962.51,Delivered,24
15799,236,187,2024-06-29,620.32,Delivered,48
15800,808,241,2024-12-18,962.86,Cancelled,
15801,1673,293,2024-01-13,951.39,Delivered,23
15802,1427,128,2024-10-23,1369.48,Delivered,44
15803,967,199,2024-11-04,716.25,Delivered,45
15804,674,255,2024-05-01,145.79,Delivered,39
15805,247,263,2024-10-01,1004.61,Delivered,34
15806,523,195,2024-02-14,1028.29,Cancelled,
15807,1585,110,2024-11-12,646.74,Pending,
15808,995,158,2024-05-05,1239.67,Delivered,21
15809,681,243,2024-04-14,1306.82,Delivered,22
15810,473,117,2024-12-05,768.27,Delivered,26
15811,268,227,2024-12-07,1366.5,Delivered,35
15812,298,178,2024-05-28,418.78,Pending,
15813,1784,170,2024-11-01,527.01,Pending,
15814,1067,103,2024-05-17,842.16,Delivered,22
15815,1253,146,2024-08-04,425.28,Pending,
15816,801,145,2024-12-30,1473.88,Delivered,16
15817,1302,257,2024-06-01,291.83,Delivered,34
15818,728,147,2024-10-25,1338.42,Delivered,31
15819,385,102,2024-05-17,1015.77,Delivered,27
15820,1758,234,2024-08-01,1383.24,Pending,
15821,1995,179,2024-10-21,578.72,Pending,
15822,807,187,2024-07-12,253.75,Delivered,68
15823,1552,149,2024-05-19,1009.56,Delivered,66
15824,1671,204,2024-01-11,571.68,Delivered,26
15825,731,243,2024-10-29,1331.6,Cancelled,
15826,1716,176,2024-07-23,1462.68,Cancelled,
15827,141,142,2024-11-26,972.85,Pending,
15828,1707,154,2024-08-19,442.49,Cancelled,
15829,1838,243,2024-04-17,979.9,Delivered,26
15830,1747,262,2024-09-23,981.54,Delivered,37
15831,977,155,2024-11-06,246.29,Delivered,35
15832,1504,280,2024-12-10,937.81,Delivered,43
15833,1374,157,2024-04-29,1467.27,Delivered,34
15834,149,215,2024-12-16,317.8,Delivered,37
15835,82,166,2024-07-13,609.96,Pending,
15836,560,199,2024-07-12,301.55,Cancelled,
15837,211,153,2024-12-14,494.13,Delivered,29
15838,1670,287,2024-11-22,443.36,Delivered,29
15839,1832,245,2024-09-30,614.21,Delivered,43
15840,1826,193,2024-11-15,589.32,Delivered,54
15841,1250,269,2024-12-02,632.03,Delivered,17
15842,241,256,2024-12-10,1177.79,Delivered,34
15843,442,273,2024-12-19,887.55,Delivered,63
15844,666,157,2024-11-26,1357.78,Delivered,55
15845,1261,183,2024-09-21,591.47,Delivered,32
15846,1333,135,2024-09-04,1192.09,Delivered,62
15847,1031,187,2024-04-07,244.82,Delivered,48
15848,1970,166,2024-12-28,1391.92,Delivered,19
15849,1770,120,2024-12-14,812.99,Pending,
15850,1130,171,2024-08-26,1022.6,Delivered,16
15851,1950,143,2024-08-20,1256.52,Pending,
15852,1548,255,2024-12-29,186.25,Delivered,19
15853,1099,127,2024-01-15,606.8,Pending,
15854,688,244,2024-04-27,1110.6,Delivered,49
15855,,126,2024-12-06,198.15,Delivered,47
15856,1897,223,2024-09-09,922.75,Pending,
15857,1902,111,2024-09-12,516.09,Delivered,30
15858,563,221,2024-05-02,723.02,Pending,
15859,491,116,2024-11-13,1155.81,Delivered,28
15860,472,243,2024-11-17,245.96,Delivered,24
15861,316,138,2024-05-19,1032.7,Delivered,45
15862,1134,271,2024-11-29,718.2,Delivered,68
15863,118,295,2024-01-14,1275.18,Delivered,60
15864,1361,243,2024-03-27,595.79,Delivered,20
15865,312,121,2024-12-13,864.12,Delivered,47
15866,510,158,2024-04-09,400.56,Delivered,42
15867,296,145,2024-05-08,298.51,Delivered,67
15868,70,294,2024-09-04,490.69,Delivered,38
15869,1264,126,2024-11-16,1460.96,Delivered,50
15870,411,297,2024-12-25,397.43,Cancelled,
15871,1827,111,2024-03-24,1127.64,Pending,
15872,37,275,2024-10-31,1054.19,Delivered,65
15873,835,105,2024-12-24,1246.56,Delivered,15
15874,1150,262,2024-12-23,1168.39,Delivered,16
15875,76,137,2024-09-10,881.09,Pending,
15876,1894,206,2024-09-03,1046.03,Pending,
15877,246,131,2024-11-13,169.4,Delivered,65
15878,1739,239,2024-12-02,1388.69,Delivered,70
15879,777,186,2024-11-25,1362.43,Cancelled,
15880,1865,203,2024-11-28,330.11,Pending,
15881,927,134,2024-06-30,1274.11,Delivered,21
15882,1626,243,2024-12-11,1137.7,Delivered,70
15883,1565,151,2024-11-14,449.41,Delivered,63
15884,123,215,2024-09-06,496.66,Delivered,62
15885,1795,136,2024-11-10,289.48,Delivered,34
15886,769,267,2024-11-12,663.65,Delivered,63
15887,1966,272,2024-12-22,290.3,Delivered,51
15888,211,254,2024-10-18,650.38,Delivered,15
15889,373,174,2024-06-09,1166.16,Pending,
15890,530,170,2024-08-22,1065.59,Delivered,49
15891,1355,180,2024-07-24,796.08,Delivered,51
15892,1361,174,2024-07-04,993.49,Delivered,56
15893,1149,164,2024-01-10,931.75,Pending,
15894,1032,254,2024-10-08,214.08,Delivered,18
15895,1361,198,2024-01-31,1241.81,Delivered,57
15896,1478,191,2024-12-15,329.03,Delivered,58
15897,1317,113,2024-12-25,1359.69,Delivered,35
15898,186,177,2024-11-03,613.05,Delivered,55
15899,1405,141,2024-07-12,1478.52,Delivered,54
15900,1722,208,2024-11-08,637.91,Delivered,41
15901,1212,218,2024-02-06,934.6,Delivered,44
15902,1492,275,2024-03-03,526.46,Delivered,24
15903,543,226,2024-10-29,622.2,Delivered,17
15904,665,272,2024-12-19,316.41,Delivered,40
15905,1899,187,2024-11-28,1355.64,Delivered,26
15906,516,266,2024-11-14,1180.04,Delivered,28
15907,774,139,2024-10-30,1202.78,Delivered,50
15908,667,288,2024-01-23,607.45,Delivered,39
15909,316,189,2024-07-22,617.75,Pending,
15910,1886,127,2024-01-28,252.64,Delivered,45
15911,101,222,2024-03-05,1042.56,Delivered,45
15912,861,170,2024-12-17,1259.57,Delivered,17
15913,812,220,2024-05-15,750.15,Delivered,16
15914,985,267,2024-12-09,724.32,Delivered,37
15915,1114,289,2024-02-24,439.5,Delivered,65
15916,1053,222,2024-03-18,1012.55,Delivered,16
15917,760,202,2024-02-05,1286.52,Delivered,56
15918,1153,177,2024-01-21,558.22,Delivered,32
15919,1107,153,2024-08-29,1336.76,Delivered,16
15920,1147,201,2024-12-12,1338.96,Pending,
15921,951,248,2024-01-28,491.04,Delivered,45
15922,519,134,2024-05-15,1462.49,Delivered,19
15923,733,284,2024-08-03,686.81,Pending,
15924,300,246,2024-11-30,396.58,Cancelled,
15925,511,289,2024-05-02,1345.32,Delivered,45
15926,431,173,2024-08-02,775.56,Pending,
15927,630,267,2024-01-02,994.3,Cancelled,
15928,526,252,2024-08-13,583.67,Delivered,46
15929,1809,115,2024-07-10,615.5,Delivered,39
15930,808,190,2024-12-27,420.92,Delivered,68
15931,554,239,2024-11-27,1117.24,Delivered,55
15932,220,214,2024-02-15,670.35,Delivered,18
15933,376,172,2024-03-20,1366.77,Pending,
15934,1630,124,2024-12-25,355.96,Delivered,60
15935,1012,138,2024-07-01,772.16,Delivered,26
15936,837,146,2024-11-18,843.65,Delivered,35
15937,1814,145,2024-10-18,400.8,Delivered,21
15938,1001,254,2024-07-04,235.16,Delivered,37
15939,1698,116,2024-10-07,600.33,Delivered,23
15940,1903,175,2024-08-08,706.21,Delivered,59
15941,120,128,2024-11-25,431.14,Delivered,28
15942,946,219,2024-11-06,530.11,Pending,
15943,1214,141,2024-06-04,1236.91,Delivered,27
15944,653,238,2024-11-05,1198.53,Delivered,18
15945,252,227,2024-11-03,1090.1,Delivered,18
15946,941,223,2024-12-23,784.48,Delivered,54
15947,962,196,2024-11-13,1220.95,Delivered,41
15948,748,216,2024-11-09,923.15,Delivered,16
15949,249,139,2024-09-19,1259.65,Pending,
15950,1409,167,2024-12-30,1151.24,Delivered,59
15951,1192,263,2024-12-02,959.01,Cancelled,
15952,1496,147,2024-10-27,1288.88,Cancelled,
15953,102,222,2024-12-30,354.36,Cancelled,
15954,1277,103,2024-05-03,387.2,Delivered,49
15955,1298,122,2024-11-06,767.68,Delivered,18
15956,918,244,2024-12-02,837.27,Delivered,37
15957,1148,256,2024-02-28,980.55,Delivered,34
15958,816,281,2024-06-25,1377.52,Delivered,48
15959,1163,218,2024-04-24,1105.88,Delivered,50
15960,1139,209,2024-11-03,1460.29,Delivered,40
15961,1381,267,2024-09-26,333.55,Cancelled,
15962,1417,209,2024-10-19,951.71,Cancelled,
15963,1587,123,2024-12-03,1344.83,Pending,
15964,1250,202,2024-11-20,375.2,Delivered,44
15965,948,187,2024-01-09,1315.5,Delivered,37
15966,1830,111,2024-10-05,987.04,Delivered,50
15967,565,101,2024-12-21,277.76,Delivered,35
15968,579,180,2024-09-04,891.94,Delivered,49
15969,1484,254,2024-10-22,334.84,Delivered,48
15970,1162,236,2024-03-14,1026.75,Delivered,60
15971,1106,182,2024-09-30,566.55,Delivered,53
15972,1300,278,2024-03-24,1280.8,Delivered,43
15973,1408,239,2024-07-16,1265.9,Delivered,67
15974,37,254,2024-12-11,283.35,Delivered,28
15975,124,236,2024-12-28,149.62,Delivered,59
15976,1121,129,2024-12-27,733.48,Delivered,26
15977,888,267,2024-01-05,1244.97,Delivered,18
15978,458,119,2024-11-02,724.64,Delivered,53
15979,1449,257,2024-06-04,1230.79,Delivered,63
15980,925,166,2024-03-23,1471.53,Delivered,65
15981,1272,200,2024-12-01,639.94,Pending,
15982,798,158,2024-09-18,660.4,Delivered,31
15983,687,284,2024-06-04,1194.53,Delivered,41
15984,1839,109,2024-09-13,175.48,Delivered,15
15985,906,129,2024-10-29,1391.06,Cancelled,
15986,1161,103,2024-12-01,1096.76,Delivered,20
15987,1844,186,2024-09-20,756.69,Delivered,32
15988,657,273,2024-12-26,424.19,Delivered,21
15989,759,135,2024-11-23,336.99,Delivered,27
15990,1555,147,2024-12-05,982.05,Delivered,26
15991,1399,228,2024-06-08,948.99,Delivered,53
15992,161,254,2024-10-31,1132.8,Delivered,20
15993,268,232,2024-11-03,1190.75,Cancelled,
15994,288,157,2024-12-15,464.67,Cancelled,
15995,997,262,2024-11-17,1185.6,Delivered,25
15996,1566,202,2024-10-28,1417.1,Delivered,49
15997,1849,141,2024-07-25,1258.9,Pending,
15998,175,182,2024-11-15,859.81,Delivered,52
15999,854,256,2024-10-07,158.94,Delivered,51
16000,,278,2024-11-01,867.87,Delivered,45
1060,1951,209,2024-10-11,732.44,Delivered,67
2912,1267,221,2024-12-09,121.06,Pending,
7132,735,165,2024-07-16,839.79,Delivered,33
1142,462,208,2024-07-25,1167.98,Pending,
13270,1107,124,2024-04-08,316.41,Delivered,20
2889,645,224,2024-03-09,1272.51,Delivered,32
7732,1404,271,2024-01-02,1197.9,Delivered,18
11958,525,185,2024-03-27,1320.75,Delivered,68
3622,881,191,2024-12-25,964.52,Delivered,25
5584,1551,282,2024-12-05,1094.45,Delivered,65
10514,1551,244,2024-05-13,1178.71,Delivered,34
13593,1078,108,2024-12-20,741.85,Delivered,21
5690,1906,193,2024-11-22,941.87,Delivered,38
3239,713,151,2024-10-03,571.32,Pending,
1849,1091,186,2024-12-01,341.18,Delivered,39
6701,86,240,2024-11-01,369.63,Delivered,60
12654,371,267,2024-11-20,983.21,Delivered,21
4817,995,120,2024-12-12,844.13,Pending,
2476,760,125,2024-10-31,1385.48,Delivered,22
3551,1489,241,2024-07-24,766.24,Delivered,37
5511,1559,261,2024-08-20,668.73,Delivered,53
2791,325,270,2024-01-15,983.15,Delivered,21
9504,372,168,2024-06-29,1355.7,Delivered,64
11232,1190,269,2024-04-29,1007.68,Delivered,29
1412,1440,273,2024-11-26,1355.12,Pending,
11019,952,105,2024-10-04,210.13,Delivered,36
